condition_id,corruption,severity,seed,failed_channels,decoder,id,run,event_sample,start_sample,stop_sample,onset_s,label,target,imagery_duration_s,true_label,predicted_label,probability_left,probability_right
gaussian-0-seed-0,gaussian,0.0,0,[],csp_lda,sub-001_run-12_sample-672,12,672,832,1312,4.2,TASK2T2,1,4.1,1,1,0.011099541927289125,0.9889004580727109
gaussian-0-seed-0,gaussian,0.0,0,[],csp_lda,sub-001_run-12_sample-2000,12,2000,2160,2640,12.5,TASK2T1,0,4.1,0,1,0.07559453426056806,0.9244054657394319
gaussian-0-seed-0,gaussian,0.0,0,[],csp_lda,sub-001_run-12_sample-3328,12,3328,3488,3968,20.8,TASK2T2,1,4.1,1,0,0.8997212779429478,0.10027872205705224
gaussian-0-seed-0,gaussian,0.0,0,[],csp_lda,sub-001_run-12_sample-4656,12,4656,4816,5296,29.1,TASK2T1,0,4.1,0,1,0.09825368620238617,0.9017463137976138
gaussian-0-seed-0,gaussian,0.0,0,[],csp_lda,sub-001_run-12_sample-5984,12,5984,6144,6624,37.4,TASK2T1,0,4.1,0,0,0.5350425284752116,0.4649574715247884
gaussian-0-seed-0,gaussian,0.0,0,[],csp_lda,sub-001_run-12_sample-7312,12,7312,7472,7952,45.7,TASK2T2,1,4.1,1,1,0.4197570184546531,0.5802429815453469
gaussian-0-seed-0,gaussian,0.0,0,[],csp_lda,sub-001_run-12_sample-8640,12,8640,8800,9280,54.0,TASK2T2,1,4.1,1,1,0.0007956272315442492,0.9992043727684558
gaussian-0-seed-0,gaussian,0.0,0,[],csp_lda,sub-001_run-12_sample-9968,12,9968,10128,10608,62.3,TASK2T1,0,4.1,0,0,0.6993060333708092,0.3006939666291908
gaussian-0-seed-0,gaussian,0.0,0,[],csp_lda,sub-001_run-12_sample-11296,12,11296,11456,11936,70.6,TASK2T1,0,4.1,0,0,0.9900811816706466,0.0099188183293534
gaussian-0-seed-0,gaussian,0.0,0,[],csp_lda,sub-001_run-12_sample-12624,12,12624,12784,13264,78.9,TASK2T2,1,4.1,1,0,0.8695469465752275,0.13045305342477248
gaussian-0-seed-0,gaussian,0.0,0,[],csp_lda,sub-001_run-12_sample-13952,12,13952,14112,14592,87.2,TASK2T2,1,4.1,1,0,0.995063807781445,0.004936192218554961
gaussian-0-seed-0,gaussian,0.0,0,[],csp_lda,sub-001_run-12_sample-15280,12,15280,15440,15920,95.5,TASK2T1,0,4.1,0,0,0.9999257342521539,7.426574784603318e-05
gaussian-0-seed-0,gaussian,0.0,0,[],csp_lda,sub-001_run-12_sample-16608,12,16608,16768,17248,103.8,TASK2T2,1,4.1,1,0,0.9995858485913846,0.00041415140861548934
gaussian-0-seed-0,gaussian,0.0,0,[],csp_lda,sub-001_run-12_sample-17936,12,17936,18096,18576,112.1,TASK2T1,0,4.1,0,0,0.9863316969304488,0.013668303069551234
gaussian-0-seed-0,gaussian,0.0,0,[],csp_lda,sub-001_run-12_sample-19264,12,19264,19424,19904,120.4,TASK2T2,1,4.1,1,1,0.17317870677025982,0.8268212932297402
gaussian-0-seed-0,gaussian,0.0,0,[],bandpower_lda,sub-001_run-12_sample-672,12,672,832,1312,4.2,TASK2T2,1,4.1,1,0,0.7966610452430332,0.20333895475696678
gaussian-0-seed-0,gaussian,0.0,0,[],bandpower_lda,sub-001_run-12_sample-2000,12,2000,2160,2640,12.5,TASK2T1,0,4.1,0,1,0.004756916734306005,0.995243083265694
gaussian-0-seed-0,gaussian,0.0,0,[],bandpower_lda,sub-001_run-12_sample-3328,12,3328,3488,3968,20.8,TASK2T2,1,4.1,1,1,0.4197333616190091,0.5802666383809909
gaussian-0-seed-0,gaussian,0.0,0,[],bandpower_lda,sub-001_run-12_sample-4656,12,4656,4816,5296,29.1,TASK2T1,0,4.1,0,0,0.9984005699635714,0.0015994300364285652
gaussian-0-seed-0,gaussian,0.0,0,[],bandpower_lda,sub-001_run-12_sample-5984,12,5984,6144,6624,37.4,TASK2T1,0,4.1,0,1,0.46182156157265686,0.5381784384273431
gaussian-0-seed-0,gaussian,0.0,0,[],bandpower_lda,sub-001_run-12_sample-7312,12,7312,7472,7952,45.7,TASK2T2,1,4.1,1,1,2.7278301839572805e-09,0.9999999972721698
gaussian-0-seed-0,gaussian,0.0,0,[],bandpower_lda,sub-001_run-12_sample-8640,12,8640,8800,9280,54.0,TASK2T2,1,4.1,1,1,0.004445441119553806,0.9955545588804462
gaussian-0-seed-0,gaussian,0.0,0,[],bandpower_lda,sub-001_run-12_sample-9968,12,9968,10128,10608,62.3,TASK2T1,0,4.1,0,1,0.00041610985815687673,0.9995838901418431
gaussian-0-seed-0,gaussian,0.0,0,[],bandpower_lda,sub-001_run-12_sample-11296,12,11296,11456,11936,70.6,TASK2T1,0,4.1,0,1,4.3777174663084395e-08,0.9999999562228253
gaussian-0-seed-0,gaussian,0.0,0,[],bandpower_lda,sub-001_run-12_sample-12624,12,12624,12784,13264,78.9,TASK2T2,1,4.1,1,1,0.18142927759433425,0.8185707224056658
gaussian-0-seed-0,gaussian,0.0,0,[],bandpower_lda,sub-001_run-12_sample-13952,12,13952,14112,14592,87.2,TASK2T2,1,4.1,1,0,0.9379050105851664,0.06209498941483358
gaussian-0-seed-0,gaussian,0.0,0,[],bandpower_lda,sub-001_run-12_sample-15280,12,15280,15440,15920,95.5,TASK2T1,0,4.1,0,0,0.9997608414655875,0.00023915853441243854
gaussian-0-seed-0,gaussian,0.0,0,[],bandpower_lda,sub-001_run-12_sample-16608,12,16608,16768,17248,103.8,TASK2T2,1,4.1,1,0,0.9999954712154746,4.528784525447547e-06
gaussian-0-seed-0,gaussian,0.0,0,[],bandpower_lda,sub-001_run-12_sample-17936,12,17936,18096,18576,112.1,TASK2T1,0,4.1,0,0,0.9999022626912882,9.773730871181183e-05
gaussian-0-seed-0,gaussian,0.0,0,[],bandpower_lda,sub-001_run-12_sample-19264,12,19264,19424,19904,120.4,TASK2T2,1,4.1,1,0,0.9821741074200726,0.017825892579927366
gaussian-0-seed-1,gaussian,0.0,1,[],csp_lda,sub-001_run-12_sample-672,12,672,832,1312,4.2,TASK2T2,1,4.1,1,1,0.011099541927289125,0.9889004580727109
gaussian-0-seed-1,gaussian,0.0,1,[],csp_lda,sub-001_run-12_sample-2000,12,2000,2160,2640,12.5,TASK2T1,0,4.1,0,1,0.07559453426056806,0.9244054657394319
gaussian-0-seed-1,gaussian,0.0,1,[],csp_lda,sub-001_run-12_sample-3328,12,3328,3488,3968,20.8,TASK2T2,1,4.1,1,0,0.8997212779429478,0.10027872205705224
gaussian-0-seed-1,gaussian,0.0,1,[],csp_lda,sub-001_run-12_sample-4656,12,4656,4816,5296,29.1,TASK2T1,0,4.1,0,1,0.09825368620238617,0.9017463137976138
gaussian-0-seed-1,gaussian,0.0,1,[],csp_lda,sub-001_run-12_sample-5984,12,5984,6144,6624,37.4,TASK2T1,0,4.1,0,0,0.5350425284752116,0.4649574715247884
gaussian-0-seed-1,gaussian,0.0,1,[],csp_lda,sub-001_run-12_sample-7312,12,7312,7472,7952,45.7,TASK2T2,1,4.1,1,1,0.4197570184546531,0.5802429815453469
gaussian-0-seed-1,gaussian,0.0,1,[],csp_lda,sub-001_run-12_sample-8640,12,8640,8800,9280,54.0,TASK2T2,1,4.1,1,1,0.0007956272315442492,0.9992043727684558
gaussian-0-seed-1,gaussian,0.0,1,[],csp_lda,sub-001_run-12_sample-9968,12,9968,10128,10608,62.3,TASK2T1,0,4.1,0,0,0.6993060333708092,0.3006939666291908
gaussian-0-seed-1,gaussian,0.0,1,[],csp_lda,sub-001_run-12_sample-11296,12,11296,11456,11936,70.6,TASK2T1,0,4.1,0,0,0.9900811816706466,0.0099188183293534
gaussian-0-seed-1,gaussian,0.0,1,[],csp_lda,sub-001_run-12_sample-12624,12,12624,12784,13264,78.9,TASK2T2,1,4.1,1,0,0.8695469465752275,0.13045305342477248
gaussian-0-seed-1,gaussian,0.0,1,[],csp_lda,sub-001_run-12_sample-13952,12,13952,14112,14592,87.2,TASK2T2,1,4.1,1,0,0.995063807781445,0.004936192218554961
gaussian-0-seed-1,gaussian,0.0,1,[],csp_lda,sub-001_run-12_sample-15280,12,15280,15440,15920,95.5,TASK2T1,0,4.1,0,0,0.9999257342521539,7.426574784603318e-05
gaussian-0-seed-1,gaussian,0.0,1,[],csp_lda,sub-001_run-12_sample-16608,12,16608,16768,17248,103.8,TASK2T2,1,4.1,1,0,0.9995858485913846,0.00041415140861548934
gaussian-0-seed-1,gaussian,0.0,1,[],csp_lda,sub-001_run-12_sample-17936,12,17936,18096,18576,112.1,TASK2T1,0,4.1,0,0,0.9863316969304488,0.013668303069551234
gaussian-0-seed-1,gaussian,0.0,1,[],csp_lda,sub-001_run-12_sample-19264,12,19264,19424,19904,120.4,TASK2T2,1,4.1,1,1,0.17317870677025982,0.8268212932297402
gaussian-0-seed-1,gaussian,0.0,1,[],bandpower_lda,sub-001_run-12_sample-672,12,672,832,1312,4.2,TASK2T2,1,4.1,1,0,0.7966610452430332,0.20333895475696678
gaussian-0-seed-1,gaussian,0.0,1,[],bandpower_lda,sub-001_run-12_sample-2000,12,2000,2160,2640,12.5,TASK2T1,0,4.1,0,1,0.004756916734306005,0.995243083265694
gaussian-0-seed-1,gaussian,0.0,1,[],bandpower_lda,sub-001_run-12_sample-3328,12,3328,3488,3968,20.8,TASK2T2,1,4.1,1,1,0.4197333616190091,0.5802666383809909
gaussian-0-seed-1,gaussian,0.0,1,[],bandpower_lda,sub-001_run-12_sample-4656,12,4656,4816,5296,29.1,TASK2T1,0,4.1,0,0,0.9984005699635714,0.0015994300364285652
gaussian-0-seed-1,gaussian,0.0,1,[],bandpower_lda,sub-001_run-12_sample-5984,12,5984,6144,6624,37.4,TASK2T1,0,4.1,0,1,0.46182156157265686,0.5381784384273431
gaussian-0-seed-1,gaussian,0.0,1,[],bandpower_lda,sub-001_run-12_sample-7312,12,7312,7472,7952,45.7,TASK2T2,1,4.1,1,1,2.7278301839572805e-09,0.9999999972721698
gaussian-0-seed-1,gaussian,0.0,1,[],bandpower_lda,sub-001_run-12_sample-8640,12,8640,8800,9280,54.0,TASK2T2,1,4.1,1,1,0.004445441119553806,0.9955545588804462
gaussian-0-seed-1,gaussian,0.0,1,[],bandpower_lda,sub-001_run-12_sample-9968,12,9968,10128,10608,62.3,TASK2T1,0,4.1,0,1,0.00041610985815687673,0.9995838901418431
gaussian-0-seed-1,gaussian,0.0,1,[],bandpower_lda,sub-001_run-12_sample-11296,12,11296,11456,11936,70.6,TASK2T1,0,4.1,0,1,4.3777174663084395e-08,0.9999999562228253
gaussian-0-seed-1,gaussian,0.0,1,[],bandpower_lda,sub-001_run-12_sample-12624,12,12624,12784,13264,78.9,TASK2T2,1,4.1,1,1,0.18142927759433425,0.8185707224056658
gaussian-0-seed-1,gaussian,0.0,1,[],bandpower_lda,sub-001_run-12_sample-13952,12,13952,14112,14592,87.2,TASK2T2,1,4.1,1,0,0.9379050105851664,0.06209498941483358
gaussian-0-seed-1,gaussian,0.0,1,[],bandpower_lda,sub-001_run-12_sample-15280,12,15280,15440,15920,95.5,TASK2T1,0,4.1,0,0,0.9997608414655875,0.00023915853441243854
gaussian-0-seed-1,gaussian,0.0,1,[],bandpower_lda,sub-001_run-12_sample-16608,12,16608,16768,17248,103.8,TASK2T2,1,4.1,1,0,0.9999954712154746,4.528784525447547e-06
gaussian-0-seed-1,gaussian,0.0,1,[],bandpower_lda,sub-001_run-12_sample-17936,12,17936,18096,18576,112.1,TASK2T1,0,4.1,0,0,0.9999022626912882,9.773730871181183e-05
gaussian-0-seed-1,gaussian,0.0,1,[],bandpower_lda,sub-001_run-12_sample-19264,12,19264,19424,19904,120.4,TASK2T2,1,4.1,1,0,0.9821741074200726,0.017825892579927366
gaussian-0-seed-2,gaussian,0.0,2,[],csp_lda,sub-001_run-12_sample-672,12,672,832,1312,4.2,TASK2T2,1,4.1,1,1,0.011099541927289125,0.9889004580727109
gaussian-0-seed-2,gaussian,0.0,2,[],csp_lda,sub-001_run-12_sample-2000,12,2000,2160,2640,12.5,TASK2T1,0,4.1,0,1,0.07559453426056806,0.9244054657394319
gaussian-0-seed-2,gaussian,0.0,2,[],csp_lda,sub-001_run-12_sample-3328,12,3328,3488,3968,20.8,TASK2T2,1,4.1,1,0,0.8997212779429478,0.10027872205705224
gaussian-0-seed-2,gaussian,0.0,2,[],csp_lda,sub-001_run-12_sample-4656,12,4656,4816,5296,29.1,TASK2T1,0,4.1,0,1,0.09825368620238617,0.9017463137976138
gaussian-0-seed-2,gaussian,0.0,2,[],csp_lda,sub-001_run-12_sample-5984,12,5984,6144,6624,37.4,TASK2T1,0,4.1,0,0,0.5350425284752116,0.4649574715247884
gaussian-0-seed-2,gaussian,0.0,2,[],csp_lda,sub-001_run-12_sample-7312,12,7312,7472,7952,45.7,TASK2T2,1,4.1,1,1,0.4197570184546531,0.5802429815453469
gaussian-0-seed-2,gaussian,0.0,2,[],csp_lda,sub-001_run-12_sample-8640,12,8640,8800,9280,54.0,TASK2T2,1,4.1,1,1,0.0007956272315442492,0.9992043727684558
gaussian-0-seed-2,gaussian,0.0,2,[],csp_lda,sub-001_run-12_sample-9968,12,9968,10128,10608,62.3,TASK2T1,0,4.1,0,0,0.6993060333708092,0.3006939666291908
gaussian-0-seed-2,gaussian,0.0,2,[],csp_lda,sub-001_run-12_sample-11296,12,11296,11456,11936,70.6,TASK2T1,0,4.1,0,0,0.9900811816706466,0.0099188183293534
gaussian-0-seed-2,gaussian,0.0,2,[],csp_lda,sub-001_run-12_sample-12624,12,12624,12784,13264,78.9,TASK2T2,1,4.1,1,0,0.8695469465752275,0.13045305342477248
gaussian-0-seed-2,gaussian,0.0,2,[],csp_lda,sub-001_run-12_sample-13952,12,13952,14112,14592,87.2,TASK2T2,1,4.1,1,0,0.995063807781445,0.004936192218554961
gaussian-0-seed-2,gaussian,0.0,2,[],csp_lda,sub-001_run-12_sample-15280,12,15280,15440,15920,95.5,TASK2T1,0,4.1,0,0,0.9999257342521539,7.426574784603318e-05
gaussian-0-seed-2,gaussian,0.0,2,[],csp_lda,sub-001_run-12_sample-16608,12,16608,16768,17248,103.8,TASK2T2,1,4.1,1,0,0.9995858485913846,0.00041415140861548934
gaussian-0-seed-2,gaussian,0.0,2,[],csp_lda,sub-001_run-12_sample-17936,12,17936,18096,18576,112.1,TASK2T1,0,4.1,0,0,0.9863316969304488,0.013668303069551234
gaussian-0-seed-2,gaussian,0.0,2,[],csp_lda,sub-001_run-12_sample-19264,12,19264,19424,19904,120.4,TASK2T2,1,4.1,1,1,0.17317870677025982,0.8268212932297402
gaussian-0-seed-2,gaussian,0.0,2,[],bandpower_lda,sub-001_run-12_sample-672,12,672,832,1312,4.2,TASK2T2,1,4.1,1,0,0.7966610452430332,0.20333895475696678
gaussian-0-seed-2,gaussian,0.0,2,[],bandpower_lda,sub-001_run-12_sample-2000,12,2000,2160,2640,12.5,TASK2T1,0,4.1,0,1,0.004756916734306005,0.995243083265694
gaussian-0-seed-2,gaussian,0.0,2,[],bandpower_lda,sub-001_run-12_sample-3328,12,3328,3488,3968,20.8,TASK2T2,1,4.1,1,1,0.4197333616190091,0.5802666383809909
gaussian-0-seed-2,gaussian,0.0,2,[],bandpower_lda,sub-001_run-12_sample-4656,12,4656,4816,5296,29.1,TASK2T1,0,4.1,0,0,0.9984005699635714,0.0015994300364285652
gaussian-0-seed-2,gaussian,0.0,2,[],bandpower_lda,sub-001_run-12_sample-5984,12,5984,6144,6624,37.4,TASK2T1,0,4.1,0,1,0.46182156157265686,0.5381784384273431
gaussian-0-seed-2,gaussian,0.0,2,[],bandpower_lda,sub-001_run-12_sample-7312,12,7312,7472,7952,45.7,TASK2T2,1,4.1,1,1,2.7278301839572805e-09,0.9999999972721698
gaussian-0-seed-2,gaussian,0.0,2,[],bandpower_lda,sub-001_run-12_sample-8640,12,8640,8800,9280,54.0,TASK2T2,1,4.1,1,1,0.004445441119553806,0.9955545588804462
gaussian-0-seed-2,gaussian,0.0,2,[],bandpower_lda,sub-001_run-12_sample-9968,12,9968,10128,10608,62.3,TASK2T1,0,4.1,0,1,0.00041610985815687673,0.9995838901418431
gaussian-0-seed-2,gaussian,0.0,2,[],bandpower_lda,sub-001_run-12_sample-11296,12,11296,11456,11936,70.6,TASK2T1,0,4.1,0,1,4.3777174663084395e-08,0.9999999562228253
gaussian-0-seed-2,gaussian,0.0,2,[],bandpower_lda,sub-001_run-12_sample-12624,12,12624,12784,13264,78.9,TASK2T2,1,4.1,1,1,0.18142927759433425,0.8185707224056658
gaussian-0-seed-2,gaussian,0.0,2,[],bandpower_lda,sub-001_run-12_sample-13952,12,13952,14112,14592,87.2,TASK2T2,1,4.1,1,0,0.9379050105851664,0.06209498941483358
gaussian-0-seed-2,gaussian,0.0,2,[],bandpower_lda,sub-001_run-12_sample-15280,12,15280,15440,15920,95.5,TASK2T1,0,4.1,0,0,0.9997608414655875,0.00023915853441243854
gaussian-0-seed-2,gaussian,0.0,2,[],bandpower_lda,sub-001_run-12_sample-16608,12,16608,16768,17248,103.8,TASK2T2,1,4.1,1,0,0.9999954712154746,4.528784525447547e-06
gaussian-0-seed-2,gaussian,0.0,2,[],bandpower_lda,sub-001_run-12_sample-17936,12,17936,18096,18576,112.1,TASK2T1,0,4.1,0,0,0.9999022626912882,9.773730871181183e-05
gaussian-0-seed-2,gaussian,0.0,2,[],bandpower_lda,sub-001_run-12_sample-19264,12,19264,19424,19904,120.4,TASK2T2,1,4.1,1,0,0.9821741074200726,0.017825892579927366
gaussian-0-seed-3,gaussian,0.0,3,[],csp_lda,sub-001_run-12_sample-672,12,672,832,1312,4.2,TASK2T2,1,4.1,1,1,0.011099541927289125,0.9889004580727109
gaussian-0-seed-3,gaussian,0.0,3,[],csp_lda,sub-001_run-12_sample-2000,12,2000,2160,2640,12.5,TASK2T1,0,4.1,0,1,0.07559453426056806,0.9244054657394319
gaussian-0-seed-3,gaussian,0.0,3,[],csp_lda,sub-001_run-12_sample-3328,12,3328,3488,3968,20.8,TASK2T2,1,4.1,1,0,0.8997212779429478,0.10027872205705224
gaussian-0-seed-3,gaussian,0.0,3,[],csp_lda,sub-001_run-12_sample-4656,12,4656,4816,5296,29.1,TASK2T1,0,4.1,0,1,0.09825368620238617,0.9017463137976138
gaussian-0-seed-3,gaussian,0.0,3,[],csp_lda,sub-001_run-12_sample-5984,12,5984,6144,6624,37.4,TASK2T1,0,4.1,0,0,0.5350425284752116,0.4649574715247884
gaussian-0-seed-3,gaussian,0.0,3,[],csp_lda,sub-001_run-12_sample-7312,12,7312,7472,7952,45.7,TASK2T2,1,4.1,1,1,0.4197570184546531,0.5802429815453469
gaussian-0-seed-3,gaussian,0.0,3,[],csp_lda,sub-001_run-12_sample-8640,12,8640,8800,9280,54.0,TASK2T2,1,4.1,1,1,0.0007956272315442492,0.9992043727684558
gaussian-0-seed-3,gaussian,0.0,3,[],csp_lda,sub-001_run-12_sample-9968,12,9968,10128,10608,62.3,TASK2T1,0,4.1,0,0,0.6993060333708092,0.3006939666291908
gaussian-0-seed-3,gaussian,0.0,3,[],csp_lda,sub-001_run-12_sample-11296,12,11296,11456,11936,70.6,TASK2T1,0,4.1,0,0,0.9900811816706466,0.0099188183293534
gaussian-0-seed-3,gaussian,0.0,3,[],csp_lda,sub-001_run-12_sample-12624,12,12624,12784,13264,78.9,TASK2T2,1,4.1,1,0,0.8695469465752275,0.13045305342477248
gaussian-0-seed-3,gaussian,0.0,3,[],csp_lda,sub-001_run-12_sample-13952,12,13952,14112,14592,87.2,TASK2T2,1,4.1,1,0,0.995063807781445,0.004936192218554961
gaussian-0-seed-3,gaussian,0.0,3,[],csp_lda,sub-001_run-12_sample-15280,12,15280,15440,15920,95.5,TASK2T1,0,4.1,0,0,0.9999257342521539,7.426574784603318e-05
gaussian-0-seed-3,gaussian,0.0,3,[],csp_lda,sub-001_run-12_sample-16608,12,16608,16768,17248,103.8,TASK2T2,1,4.1,1,0,0.9995858485913846,0.00041415140861548934
gaussian-0-seed-3,gaussian,0.0,3,[],csp_lda,sub-001_run-12_sample-17936,12,17936,18096,18576,112.1,TASK2T1,0,4.1,0,0,0.9863316969304488,0.013668303069551234
gaussian-0-seed-3,gaussian,0.0,3,[],csp_lda,sub-001_run-12_sample-19264,12,19264,19424,19904,120.4,TASK2T2,1,4.1,1,1,0.17317870677025982,0.8268212932297402
gaussian-0-seed-3,gaussian,0.0,3,[],bandpower_lda,sub-001_run-12_sample-672,12,672,832,1312,4.2,TASK2T2,1,4.1,1,0,0.7966610452430332,0.20333895475696678
gaussian-0-seed-3,gaussian,0.0,3,[],bandpower_lda,sub-001_run-12_sample-2000,12,2000,2160,2640,12.5,TASK2T1,0,4.1,0,1,0.004756916734306005,0.995243083265694
gaussian-0-seed-3,gaussian,0.0,3,[],bandpower_lda,sub-001_run-12_sample-3328,12,3328,3488,3968,20.8,TASK2T2,1,4.1,1,1,0.4197333616190091,0.5802666383809909
gaussian-0-seed-3,gaussian,0.0,3,[],bandpower_lda,sub-001_run-12_sample-4656,12,4656,4816,5296,29.1,TASK2T1,0,4.1,0,0,0.9984005699635714,0.0015994300364285652
gaussian-0-seed-3,gaussian,0.0,3,[],bandpower_lda,sub-001_run-12_sample-5984,12,5984,6144,6624,37.4,TASK2T1,0,4.1,0,1,0.46182156157265686,0.5381784384273431
gaussian-0-seed-3,gaussian,0.0,3,[],bandpower_lda,sub-001_run-12_sample-7312,12,7312,7472,7952,45.7,TASK2T2,1,4.1,1,1,2.7278301839572805e-09,0.9999999972721698
gaussian-0-seed-3,gaussian,0.0,3,[],bandpower_lda,sub-001_run-12_sample-8640,12,8640,8800,9280,54.0,TASK2T2,1,4.1,1,1,0.004445441119553806,0.9955545588804462
gaussian-0-seed-3,gaussian,0.0,3,[],bandpower_lda,sub-001_run-12_sample-9968,12,9968,10128,10608,62.3,TASK2T1,0,4.1,0,1,0.00041610985815687673,0.9995838901418431
gaussian-0-seed-3,gaussian,0.0,3,[],bandpower_lda,sub-001_run-12_sample-11296,12,11296,11456,11936,70.6,TASK2T1,0,4.1,0,1,4.3777174663084395e-08,0.9999999562228253
gaussian-0-seed-3,gaussian,0.0,3,[],bandpower_lda,sub-001_run-12_sample-12624,12,12624,12784,13264,78.9,TASK2T2,1,4.1,1,1,0.18142927759433425,0.8185707224056658
gaussian-0-seed-3,gaussian,0.0,3,[],bandpower_lda,sub-001_run-12_sample-13952,12,13952,14112,14592,87.2,TASK2T2,1,4.1,1,0,0.9379050105851664,0.06209498941483358
gaussian-0-seed-3,gaussian,0.0,3,[],bandpower_lda,sub-001_run-12_sample-15280,12,15280,15440,15920,95.5,TASK2T1,0,4.1,0,0,0.9997608414655875,0.00023915853441243854
gaussian-0-seed-3,gaussian,0.0,3,[],bandpower_lda,sub-001_run-12_sample-16608,12,16608,16768,17248,103.8,TASK2T2,1,4.1,1,0,0.9999954712154746,4.528784525447547e-06
gaussian-0-seed-3,gaussian,0.0,3,[],bandpower_lda,sub-001_run-12_sample-17936,12,17936,18096,18576,112.1,TASK2T1,0,4.1,0,0,0.9999022626912882,9.773730871181183e-05
gaussian-0-seed-3,gaussian,0.0,3,[],bandpower_lda,sub-001_run-12_sample-19264,12,19264,19424,19904,120.4,TASK2T2,1,4.1,1,0,0.9821741074200726,0.017825892579927366
gaussian-0-seed-4,gaussian,0.0,4,[],csp_lda,sub-001_run-12_sample-672,12,672,832,1312,4.2,TASK2T2,1,4.1,1,1,0.011099541927289125,0.9889004580727109
gaussian-0-seed-4,gaussian,0.0,4,[],csp_lda,sub-001_run-12_sample-2000,12,2000,2160,2640,12.5,TASK2T1,0,4.1,0,1,0.07559453426056806,0.9244054657394319
gaussian-0-seed-4,gaussian,0.0,4,[],csp_lda,sub-001_run-12_sample-3328,12,3328,3488,3968,20.8,TASK2T2,1,4.1,1,0,0.8997212779429478,0.10027872205705224
gaussian-0-seed-4,gaussian,0.0,4,[],csp_lda,sub-001_run-12_sample-4656,12,4656,4816,5296,29.1,TASK2T1,0,4.1,0,1,0.09825368620238617,0.9017463137976138
gaussian-0-seed-4,gaussian,0.0,4,[],csp_lda,sub-001_run-12_sample-5984,12,5984,6144,6624,37.4,TASK2T1,0,4.1,0,0,0.5350425284752116,0.4649574715247884
gaussian-0-seed-4,gaussian,0.0,4,[],csp_lda,sub-001_run-12_sample-7312,12,7312,7472,7952,45.7,TASK2T2,1,4.1,1,1,0.4197570184546531,0.5802429815453469
gaussian-0-seed-4,gaussian,0.0,4,[],csp_lda,sub-001_run-12_sample-8640,12,8640,8800,9280,54.0,TASK2T2,1,4.1,1,1,0.0007956272315442492,0.9992043727684558
gaussian-0-seed-4,gaussian,0.0,4,[],csp_lda,sub-001_run-12_sample-9968,12,9968,10128,10608,62.3,TASK2T1,0,4.1,0,0,0.6993060333708092,0.3006939666291908
gaussian-0-seed-4,gaussian,0.0,4,[],csp_lda,sub-001_run-12_sample-11296,12,11296,11456,11936,70.6,TASK2T1,0,4.1,0,0,0.9900811816706466,0.0099188183293534
gaussian-0-seed-4,gaussian,0.0,4,[],csp_lda,sub-001_run-12_sample-12624,12,12624,12784,13264,78.9,TASK2T2,1,4.1,1,0,0.8695469465752275,0.13045305342477248
gaussian-0-seed-4,gaussian,0.0,4,[],csp_lda,sub-001_run-12_sample-13952,12,13952,14112,14592,87.2,TASK2T2,1,4.1,1,0,0.995063807781445,0.004936192218554961
gaussian-0-seed-4,gaussian,0.0,4,[],csp_lda,sub-001_run-12_sample-15280,12,15280,15440,15920,95.5,TASK2T1,0,4.1,0,0,0.9999257342521539,7.426574784603318e-05
gaussian-0-seed-4,gaussian,0.0,4,[],csp_lda,sub-001_run-12_sample-16608,12,16608,16768,17248,103.8,TASK2T2,1,4.1,1,0,0.9995858485913846,0.00041415140861548934
gaussian-0-seed-4,gaussian,0.0,4,[],csp_lda,sub-001_run-12_sample-17936,12,17936,18096,18576,112.1,TASK2T1,0,4.1,0,0,0.9863316969304488,0.013668303069551234
gaussian-0-seed-4,gaussian,0.0,4,[],csp_lda,sub-001_run-12_sample-19264,12,19264,19424,19904,120.4,TASK2T2,1,4.1,1,1,0.17317870677025982,0.8268212932297402
gaussian-0-seed-4,gaussian,0.0,4,[],bandpower_lda,sub-001_run-12_sample-672,12,672,832,1312,4.2,TASK2T2,1,4.1,1,0,0.7966610452430332,0.20333895475696678
gaussian-0-seed-4,gaussian,0.0,4,[],bandpower_lda,sub-001_run-12_sample-2000,12,2000,2160,2640,12.5,TASK2T1,0,4.1,0,1,0.004756916734306005,0.995243083265694
gaussian-0-seed-4,gaussian,0.0,4,[],bandpower_lda,sub-001_run-12_sample-3328,12,3328,3488,3968,20.8,TASK2T2,1,4.1,1,1,0.4197333616190091,0.5802666383809909
gaussian-0-seed-4,gaussian,0.0,4,[],bandpower_lda,sub-001_run-12_sample-4656,12,4656,4816,5296,29.1,TASK2T1,0,4.1,0,0,0.9984005699635714,0.0015994300364285652
gaussian-0-seed-4,gaussian,0.0,4,[],bandpower_lda,sub-001_run-12_sample-5984,12,5984,6144,6624,37.4,TASK2T1,0,4.1,0,1,0.46182156157265686,0.5381784384273431
gaussian-0-seed-4,gaussian,0.0,4,[],bandpower_lda,sub-001_run-12_sample-7312,12,7312,7472,7952,45.7,TASK2T2,1,4.1,1,1,2.7278301839572805e-09,0.9999999972721698
gaussian-0-seed-4,gaussian,0.0,4,[],bandpower_lda,sub-001_run-12_sample-8640,12,8640,8800,9280,54.0,TASK2T2,1,4.1,1,1,0.004445441119553806,0.9955545588804462
gaussian-0-seed-4,gaussian,0.0,4,[],bandpower_lda,sub-001_run-12_sample-9968,12,9968,10128,10608,62.3,TASK2T1,0,4.1,0,1,0.00041610985815687673,0.9995838901418431
gaussian-0-seed-4,gaussian,0.0,4,[],bandpower_lda,sub-001_run-12_sample-11296,12,11296,11456,11936,70.6,TASK2T1,0,4.1,0,1,4.3777174663084395e-08,0.9999999562228253
gaussian-0-seed-4,gaussian,0.0,4,[],bandpower_lda,sub-001_run-12_sample-12624,12,12624,12784,13264,78.9,TASK2T2,1,4.1,1,1,0.18142927759433425,0.8185707224056658
gaussian-0-seed-4,gaussian,0.0,4,[],bandpower_lda,sub-001_run-12_sample-13952,12,13952,14112,14592,87.2,TASK2T2,1,4.1,1,0,0.9379050105851664,0.06209498941483358
gaussian-0-seed-4,gaussian,0.0,4,[],bandpower_lda,sub-001_run-12_sample-15280,12,15280,15440,15920,95.5,TASK2T1,0,4.1,0,0,0.9997608414655875,0.00023915853441243854
gaussian-0-seed-4,gaussian,0.0,4,[],bandpower_lda,sub-001_run-12_sample-16608,12,16608,16768,17248,103.8,TASK2T2,1,4.1,1,0,0.9999954712154746,4.528784525447547e-06
gaussian-0-seed-4,gaussian,0.0,4,[],bandpower_lda,sub-001_run-12_sample-17936,12,17936,18096,18576,112.1,TASK2T1,0,4.1,0,0,0.9999022626912882,9.773730871181183e-05
gaussian-0-seed-4,gaussian,0.0,4,[],bandpower_lda,sub-001_run-12_sample-19264,12,19264,19424,19904,120.4,TASK2T2,1,4.1,1,0,0.9821741074200726,0.017825892579927366
gaussian-0-seed-5,gaussian,0.0,5,[],csp_lda,sub-001_run-12_sample-672,12,672,832,1312,4.2,TASK2T2,1,4.1,1,1,0.011099541927289125,0.9889004580727109
gaussian-0-seed-5,gaussian,0.0,5,[],csp_lda,sub-001_run-12_sample-2000,12,2000,2160,2640,12.5,TASK2T1,0,4.1,0,1,0.07559453426056806,0.9244054657394319
gaussian-0-seed-5,gaussian,0.0,5,[],csp_lda,sub-001_run-12_sample-3328,12,3328,3488,3968,20.8,TASK2T2,1,4.1,1,0,0.8997212779429478,0.10027872205705224
gaussian-0-seed-5,gaussian,0.0,5,[],csp_lda,sub-001_run-12_sample-4656,12,4656,4816,5296,29.1,TASK2T1,0,4.1,0,1,0.09825368620238617,0.9017463137976138
gaussian-0-seed-5,gaussian,0.0,5,[],csp_lda,sub-001_run-12_sample-5984,12,5984,6144,6624,37.4,TASK2T1,0,4.1,0,0,0.5350425284752116,0.4649574715247884
gaussian-0-seed-5,gaussian,0.0,5,[],csp_lda,sub-001_run-12_sample-7312,12,7312,7472,7952,45.7,TASK2T2,1,4.1,1,1,0.4197570184546531,0.5802429815453469
gaussian-0-seed-5,gaussian,0.0,5,[],csp_lda,sub-001_run-12_sample-8640,12,8640,8800,9280,54.0,TASK2T2,1,4.1,1,1,0.0007956272315442492,0.9992043727684558
gaussian-0-seed-5,gaussian,0.0,5,[],csp_lda,sub-001_run-12_sample-9968,12,9968,10128,10608,62.3,TASK2T1,0,4.1,0,0,0.6993060333708092,0.3006939666291908
gaussian-0-seed-5,gaussian,0.0,5,[],csp_lda,sub-001_run-12_sample-11296,12,11296,11456,11936,70.6,TASK2T1,0,4.1,0,0,0.9900811816706466,0.0099188183293534
gaussian-0-seed-5,gaussian,0.0,5,[],csp_lda,sub-001_run-12_sample-12624,12,12624,12784,13264,78.9,TASK2T2,1,4.1,1,0,0.8695469465752275,0.13045305342477248
gaussian-0-seed-5,gaussian,0.0,5,[],csp_lda,sub-001_run-12_sample-13952,12,13952,14112,14592,87.2,TASK2T2,1,4.1,1,0,0.995063807781445,0.004936192218554961
gaussian-0-seed-5,gaussian,0.0,5,[],csp_lda,sub-001_run-12_sample-15280,12,15280,15440,15920,95.5,TASK2T1,0,4.1,0,0,0.9999257342521539,7.426574784603318e-05
gaussian-0-seed-5,gaussian,0.0,5,[],csp_lda,sub-001_run-12_sample-16608,12,16608,16768,17248,103.8,TASK2T2,1,4.1,1,0,0.9995858485913846,0.00041415140861548934
gaussian-0-seed-5,gaussian,0.0,5,[],csp_lda,sub-001_run-12_sample-17936,12,17936,18096,18576,112.1,TASK2T1,0,4.1,0,0,0.9863316969304488,0.013668303069551234
gaussian-0-seed-5,gaussian,0.0,5,[],csp_lda,sub-001_run-12_sample-19264,12,19264,19424,19904,120.4,TASK2T2,1,4.1,1,1,0.17317870677025982,0.8268212932297402
gaussian-0-seed-5,gaussian,0.0,5,[],bandpower_lda,sub-001_run-12_sample-672,12,672,832,1312,4.2,TASK2T2,1,4.1,1,0,0.7966610452430332,0.20333895475696678
gaussian-0-seed-5,gaussian,0.0,5,[],bandpower_lda,sub-001_run-12_sample-2000,12,2000,2160,2640,12.5,TASK2T1,0,4.1,0,1,0.004756916734306005,0.995243083265694
gaussian-0-seed-5,gaussian,0.0,5,[],bandpower_lda,sub-001_run-12_sample-3328,12,3328,3488,3968,20.8,TASK2T2,1,4.1,1,1,0.4197333616190091,0.5802666383809909
gaussian-0-seed-5,gaussian,0.0,5,[],bandpower_lda,sub-001_run-12_sample-4656,12,4656,4816,5296,29.1,TASK2T1,0,4.1,0,0,0.9984005699635714,0.0015994300364285652
gaussian-0-seed-5,gaussian,0.0,5,[],bandpower_lda,sub-001_run-12_sample-5984,12,5984,6144,6624,37.4,TASK2T1,0,4.1,0,1,0.46182156157265686,0.5381784384273431
gaussian-0-seed-5,gaussian,0.0,5,[],bandpower_lda,sub-001_run-12_sample-7312,12,7312,7472,7952,45.7,TASK2T2,1,4.1,1,1,2.7278301839572805e-09,0.9999999972721698
gaussian-0-seed-5,gaussian,0.0,5,[],bandpower_lda,sub-001_run-12_sample-8640,12,8640,8800,9280,54.0,TASK2T2,1,4.1,1,1,0.004445441119553806,0.9955545588804462
gaussian-0-seed-5,gaussian,0.0,5,[],bandpower_lda,sub-001_run-12_sample-9968,12,9968,10128,10608,62.3,TASK2T1,0,4.1,0,1,0.00041610985815687673,0.9995838901418431
gaussian-0-seed-5,gaussian,0.0,5,[],bandpower_lda,sub-001_run-12_sample-11296,12,11296,11456,11936,70.6,TASK2T1,0,4.1,0,1,4.3777174663084395e-08,0.9999999562228253
gaussian-0-seed-5,gaussian,0.0,5,[],bandpower_lda,sub-001_run-12_sample-12624,12,12624,12784,13264,78.9,TASK2T2,1,4.1,1,1,0.18142927759433425,0.8185707224056658
gaussian-0-seed-5,gaussian,0.0,5,[],bandpower_lda,sub-001_run-12_sample-13952,12,13952,14112,14592,87.2,TASK2T2,1,4.1,1,0,0.9379050105851664,0.06209498941483358
gaussian-0-seed-5,gaussian,0.0,5,[],bandpower_lda,sub-001_run-12_sample-15280,12,15280,15440,15920,95.5,TASK2T1,0,4.1,0,0,0.9997608414655875,0.00023915853441243854
gaussian-0-seed-5,gaussian,0.0,5,[],bandpower_lda,sub-001_run-12_sample-16608,12,16608,16768,17248,103.8,TASK2T2,1,4.1,1,0,0.9999954712154746,4.528784525447547e-06
gaussian-0-seed-5,gaussian,0.0,5,[],bandpower_lda,sub-001_run-12_sample-17936,12,17936,18096,18576,112.1,TASK2T1,0,4.1,0,0,0.9999022626912882,9.773730871181183e-05
gaussian-0-seed-5,gaussian,0.0,5,[],bandpower_lda,sub-001_run-12_sample-19264,12,19264,19424,19904,120.4,TASK2T2,1,4.1,1,0,0.9821741074200726,0.017825892579927366
gaussian-0-seed-6,gaussian,0.0,6,[],csp_lda,sub-001_run-12_sample-672,12,672,832,1312,4.2,TASK2T2,1,4.1,1,1,0.011099541927289125,0.9889004580727109
gaussian-0-seed-6,gaussian,0.0,6,[],csp_lda,sub-001_run-12_sample-2000,12,2000,2160,2640,12.5,TASK2T1,0,4.1,0,1,0.07559453426056806,0.9244054657394319
gaussian-0-seed-6,gaussian,0.0,6,[],csp_lda,sub-001_run-12_sample-3328,12,3328,3488,3968,20.8,TASK2T2,1,4.1,1,0,0.8997212779429478,0.10027872205705224
gaussian-0-seed-6,gaussian,0.0,6,[],csp_lda,sub-001_run-12_sample-4656,12,4656,4816,5296,29.1,TASK2T1,0,4.1,0,1,0.09825368620238617,0.9017463137976138
gaussian-0-seed-6,gaussian,0.0,6,[],csp_lda,sub-001_run-12_sample-5984,12,5984,6144,6624,37.4,TASK2T1,0,4.1,0,0,0.5350425284752116,0.4649574715247884
gaussian-0-seed-6,gaussian,0.0,6,[],csp_lda,sub-001_run-12_sample-7312,12,7312,7472,7952,45.7,TASK2T2,1,4.1,1,1,0.4197570184546531,0.5802429815453469
gaussian-0-seed-6,gaussian,0.0,6,[],csp_lda,sub-001_run-12_sample-8640,12,8640,8800,9280,54.0,TASK2T2,1,4.1,1,1,0.0007956272315442492,0.9992043727684558
gaussian-0-seed-6,gaussian,0.0,6,[],csp_lda,sub-001_run-12_sample-9968,12,9968,10128,10608,62.3,TASK2T1,0,4.1,0,0,0.6993060333708092,0.3006939666291908
gaussian-0-seed-6,gaussian,0.0,6,[],csp_lda,sub-001_run-12_sample-11296,12,11296,11456,11936,70.6,TASK2T1,0,4.1,0,0,0.9900811816706466,0.0099188183293534
gaussian-0-seed-6,gaussian,0.0,6,[],csp_lda,sub-001_run-12_sample-12624,12,12624,12784,13264,78.9,TASK2T2,1,4.1,1,0,0.8695469465752275,0.13045305342477248
gaussian-0-seed-6,gaussian,0.0,6,[],csp_lda,sub-001_run-12_sample-13952,12,13952,14112,14592,87.2,TASK2T2,1,4.1,1,0,0.995063807781445,0.004936192218554961
gaussian-0-seed-6,gaussian,0.0,6,[],csp_lda,sub-001_run-12_sample-15280,12,15280,15440,15920,95.5,TASK2T1,0,4.1,0,0,0.9999257342521539,7.426574784603318e-05
gaussian-0-seed-6,gaussian,0.0,6,[],csp_lda,sub-001_run-12_sample-16608,12,16608,16768,17248,103.8,TASK2T2,1,4.1,1,0,0.9995858485913846,0.00041415140861548934
gaussian-0-seed-6,gaussian,0.0,6,[],csp_lda,sub-001_run-12_sample-17936,12,17936,18096,18576,112.1,TASK2T1,0,4.1,0,0,0.9863316969304488,0.013668303069551234
gaussian-0-seed-6,gaussian,0.0,6,[],csp_lda,sub-001_run-12_sample-19264,12,19264,19424,19904,120.4,TASK2T2,1,4.1,1,1,0.17317870677025982,0.8268212932297402
gaussian-0-seed-6,gaussian,0.0,6,[],bandpower_lda,sub-001_run-12_sample-672,12,672,832,1312,4.2,TASK2T2,1,4.1,1,0,0.7966610452430332,0.20333895475696678
gaussian-0-seed-6,gaussian,0.0,6,[],bandpower_lda,sub-001_run-12_sample-2000,12,2000,2160,2640,12.5,TASK2T1,0,4.1,0,1,0.004756916734306005,0.995243083265694
gaussian-0-seed-6,gaussian,0.0,6,[],bandpower_lda,sub-001_run-12_sample-3328,12,3328,3488,3968,20.8,TASK2T2,1,4.1,1,1,0.4197333616190091,0.5802666383809909
gaussian-0-seed-6,gaussian,0.0,6,[],bandpower_lda,sub-001_run-12_sample-4656,12,4656,4816,5296,29.1,TASK2T1,0,4.1,0,0,0.9984005699635714,0.0015994300364285652
gaussian-0-seed-6,gaussian,0.0,6,[],bandpower_lda,sub-001_run-12_sample-5984,12,5984,6144,6624,37.4,TASK2T1,0,4.1,0,1,0.46182156157265686,0.5381784384273431
gaussian-0-seed-6,gaussian,0.0,6,[],bandpower_lda,sub-001_run-12_sample-7312,12,7312,7472,7952,45.7,TASK2T2,1,4.1,1,1,2.7278301839572805e-09,0.9999999972721698
gaussian-0-seed-6,gaussian,0.0,6,[],bandpower_lda,sub-001_run-12_sample-8640,12,8640,8800,9280,54.0,TASK2T2,1,4.1,1,1,0.004445441119553806,0.9955545588804462
gaussian-0-seed-6,gaussian,0.0,6,[],bandpower_lda,sub-001_run-12_sample-9968,12,9968,10128,10608,62.3,TASK2T1,0,4.1,0,1,0.00041610985815687673,0.9995838901418431
gaussian-0-seed-6,gaussian,0.0,6,[],bandpower_lda,sub-001_run-12_sample-11296,12,11296,11456,11936,70.6,TASK2T1,0,4.1,0,1,4.3777174663084395e-08,0.9999999562228253
gaussian-0-seed-6,gaussian,0.0,6,[],bandpower_lda,sub-001_run-12_sample-12624,12,12624,12784,13264,78.9,TASK2T2,1,4.1,1,1,0.18142927759433425,0.8185707224056658
gaussian-0-seed-6,gaussian,0.0,6,[],bandpower_lda,sub-001_run-12_sample-13952,12,13952,14112,14592,87.2,TASK2T2,1,4.1,1,0,0.9379050105851664,0.06209498941483358
gaussian-0-seed-6,gaussian,0.0,6,[],bandpower_lda,sub-001_run-12_sample-15280,12,15280,15440,15920,95.5,TASK2T1,0,4.1,0,0,0.9997608414655875,0.00023915853441243854
gaussian-0-seed-6,gaussian,0.0,6,[],bandpower_lda,sub-001_run-12_sample-16608,12,16608,16768,17248,103.8,TASK2T2,1,4.1,1,0,0.9999954712154746,4.528784525447547e-06
gaussian-0-seed-6,gaussian,0.0,6,[],bandpower_lda,sub-001_run-12_sample-17936,12,17936,18096,18576,112.1,TASK2T1,0,4.1,0,0,0.9999022626912882,9.773730871181183e-05
gaussian-0-seed-6,gaussian,0.0,6,[],bandpower_lda,sub-001_run-12_sample-19264,12,19264,19424,19904,120.4,TASK2T2,1,4.1,1,0,0.9821741074200726,0.017825892579927366
gaussian-0-seed-7,gaussian,0.0,7,[],csp_lda,sub-001_run-12_sample-672,12,672,832,1312,4.2,TASK2T2,1,4.1,1,1,0.011099541927289125,0.9889004580727109
gaussian-0-seed-7,gaussian,0.0,7,[],csp_lda,sub-001_run-12_sample-2000,12,2000,2160,2640,12.5,TASK2T1,0,4.1,0,1,0.07559453426056806,0.9244054657394319
gaussian-0-seed-7,gaussian,0.0,7,[],csp_lda,sub-001_run-12_sample-3328,12,3328,3488,3968,20.8,TASK2T2,1,4.1,1,0,0.8997212779429478,0.10027872205705224
gaussian-0-seed-7,gaussian,0.0,7,[],csp_lda,sub-001_run-12_sample-4656,12,4656,4816,5296,29.1,TASK2T1,0,4.1,0,1,0.09825368620238617,0.9017463137976138
gaussian-0-seed-7,gaussian,0.0,7,[],csp_lda,sub-001_run-12_sample-5984,12,5984,6144,6624,37.4,TASK2T1,0,4.1,0,0,0.5350425284752116,0.4649574715247884
gaussian-0-seed-7,gaussian,0.0,7,[],csp_lda,sub-001_run-12_sample-7312,12,7312,7472,7952,45.7,TASK2T2,1,4.1,1,1,0.4197570184546531,0.5802429815453469
gaussian-0-seed-7,gaussian,0.0,7,[],csp_lda,sub-001_run-12_sample-8640,12,8640,8800,9280,54.0,TASK2T2,1,4.1,1,1,0.0007956272315442492,0.9992043727684558
gaussian-0-seed-7,gaussian,0.0,7,[],csp_lda,sub-001_run-12_sample-9968,12,9968,10128,10608,62.3,TASK2T1,0,4.1,0,0,0.6993060333708092,0.3006939666291908
gaussian-0-seed-7,gaussian,0.0,7,[],csp_lda,sub-001_run-12_sample-11296,12,11296,11456,11936,70.6,TASK2T1,0,4.1,0,0,0.9900811816706466,0.0099188183293534
gaussian-0-seed-7,gaussian,0.0,7,[],csp_lda,sub-001_run-12_sample-12624,12,12624,12784,13264,78.9,TASK2T2,1,4.1,1,0,0.8695469465752275,0.13045305342477248
gaussian-0-seed-7,gaussian,0.0,7,[],csp_lda,sub-001_run-12_sample-13952,12,13952,14112,14592,87.2,TASK2T2,1,4.1,1,0,0.995063807781445,0.004936192218554961
gaussian-0-seed-7,gaussian,0.0,7,[],csp_lda,sub-001_run-12_sample-15280,12,15280,15440,15920,95.5,TASK2T1,0,4.1,0,0,0.9999257342521539,7.426574784603318e-05
gaussian-0-seed-7,gaussian,0.0,7,[],csp_lda,sub-001_run-12_sample-16608,12,16608,16768,17248,103.8,TASK2T2,1,4.1,1,0,0.9995858485913846,0.00041415140861548934
gaussian-0-seed-7,gaussian,0.0,7,[],csp_lda,sub-001_run-12_sample-17936,12,17936,18096,18576,112.1,TASK2T1,0,4.1,0,0,0.9863316969304488,0.013668303069551234
gaussian-0-seed-7,gaussian,0.0,7,[],csp_lda,sub-001_run-12_sample-19264,12,19264,19424,19904,120.4,TASK2T2,1,4.1,1,1,0.17317870677025982,0.8268212932297402
gaussian-0-seed-7,gaussian,0.0,7,[],bandpower_lda,sub-001_run-12_sample-672,12,672,832,1312,4.2,TASK2T2,1,4.1,1,0,0.7966610452430332,0.20333895475696678
gaussian-0-seed-7,gaussian,0.0,7,[],bandpower_lda,sub-001_run-12_sample-2000,12,2000,2160,2640,12.5,TASK2T1,0,4.1,0,1,0.004756916734306005,0.995243083265694
gaussian-0-seed-7,gaussian,0.0,7,[],bandpower_lda,sub-001_run-12_sample-3328,12,3328,3488,3968,20.8,TASK2T2,1,4.1,1,1,0.4197333616190091,0.5802666383809909
gaussian-0-seed-7,gaussian,0.0,7,[],bandpower_lda,sub-001_run-12_sample-4656,12,4656,4816,5296,29.1,TASK2T1,0,4.1,0,0,0.9984005699635714,0.0015994300364285652
gaussian-0-seed-7,gaussian,0.0,7,[],bandpower_lda,sub-001_run-12_sample-5984,12,5984,6144,6624,37.4,TASK2T1,0,4.1,0,1,0.46182156157265686,0.5381784384273431
gaussian-0-seed-7,gaussian,0.0,7,[],bandpower_lda,sub-001_run-12_sample-7312,12,7312,7472,7952,45.7,TASK2T2,1,4.1,1,1,2.7278301839572805e-09,0.9999999972721698
gaussian-0-seed-7,gaussian,0.0,7,[],bandpower_lda,sub-001_run-12_sample-8640,12,8640,8800,9280,54.0,TASK2T2,1,4.1,1,1,0.004445441119553806,0.9955545588804462
gaussian-0-seed-7,gaussian,0.0,7,[],bandpower_lda,sub-001_run-12_sample-9968,12,9968,10128,10608,62.3,TASK2T1,0,4.1,0,1,0.00041610985815687673,0.9995838901418431
gaussian-0-seed-7,gaussian,0.0,7,[],bandpower_lda,sub-001_run-12_sample-11296,12,11296,11456,11936,70.6,TASK2T1,0,4.1,0,1,4.3777174663084395e-08,0.9999999562228253
gaussian-0-seed-7,gaussian,0.0,7,[],bandpower_lda,sub-001_run-12_sample-12624,12,12624,12784,13264,78.9,TASK2T2,1,4.1,1,1,0.18142927759433425,0.8185707224056658
gaussian-0-seed-7,gaussian,0.0,7,[],bandpower_lda,sub-001_run-12_sample-13952,12,13952,14112,14592,87.2,TASK2T2,1,4.1,1,0,0.9379050105851664,0.06209498941483358
gaussian-0-seed-7,gaussian,0.0,7,[],bandpower_lda,sub-001_run-12_sample-15280,12,15280,15440,15920,95.5,TASK2T1,0,4.1,0,0,0.9997608414655875,0.00023915853441243854
gaussian-0-seed-7,gaussian,0.0,7,[],bandpower_lda,sub-001_run-12_sample-16608,12,16608,16768,17248,103.8,TASK2T2,1,4.1,1,0,0.9999954712154746,4.528784525447547e-06
gaussian-0-seed-7,gaussian,0.0,7,[],bandpower_lda,sub-001_run-12_sample-17936,12,17936,18096,18576,112.1,TASK2T1,0,4.1,0,0,0.9999022626912882,9.773730871181183e-05
gaussian-0-seed-7,gaussian,0.0,7,[],bandpower_lda,sub-001_run-12_sample-19264,12,19264,19424,19904,120.4,TASK2T2,1,4.1,1,0,0.9821741074200726,0.017825892579927366
gaussian-0-seed-8,gaussian,0.0,8,[],csp_lda,sub-001_run-12_sample-672,12,672,832,1312,4.2,TASK2T2,1,4.1,1,1,0.011099541927289125,0.9889004580727109
gaussian-0-seed-8,gaussian,0.0,8,[],csp_lda,sub-001_run-12_sample-2000,12,2000,2160,2640,12.5,TASK2T1,0,4.1,0,1,0.07559453426056806,0.9244054657394319
gaussian-0-seed-8,gaussian,0.0,8,[],csp_lda,sub-001_run-12_sample-3328,12,3328,3488,3968,20.8,TASK2T2,1,4.1,1,0,0.8997212779429478,0.10027872205705224
gaussian-0-seed-8,gaussian,0.0,8,[],csp_lda,sub-001_run-12_sample-4656,12,4656,4816,5296,29.1,TASK2T1,0,4.1,0,1,0.09825368620238617,0.9017463137976138
gaussian-0-seed-8,gaussian,0.0,8,[],csp_lda,sub-001_run-12_sample-5984,12,5984,6144,6624,37.4,TASK2T1,0,4.1,0,0,0.5350425284752116,0.4649574715247884
gaussian-0-seed-8,gaussian,0.0,8,[],csp_lda,sub-001_run-12_sample-7312,12,7312,7472,7952,45.7,TASK2T2,1,4.1,1,1,0.4197570184546531,0.5802429815453469
gaussian-0-seed-8,gaussian,0.0,8,[],csp_lda,sub-001_run-12_sample-8640,12,8640,8800,9280,54.0,TASK2T2,1,4.1,1,1,0.0007956272315442492,0.9992043727684558
gaussian-0-seed-8,gaussian,0.0,8,[],csp_lda,sub-001_run-12_sample-9968,12,9968,10128,10608,62.3,TASK2T1,0,4.1,0,0,0.6993060333708092,0.3006939666291908
gaussian-0-seed-8,gaussian,0.0,8,[],csp_lda,sub-001_run-12_sample-11296,12,11296,11456,11936,70.6,TASK2T1,0,4.1,0,0,0.9900811816706466,0.0099188183293534
gaussian-0-seed-8,gaussian,0.0,8,[],csp_lda,sub-001_run-12_sample-12624,12,12624,12784,13264,78.9,TASK2T2,1,4.1,1,0,0.8695469465752275,0.13045305342477248
gaussian-0-seed-8,gaussian,0.0,8,[],csp_lda,sub-001_run-12_sample-13952,12,13952,14112,14592,87.2,TASK2T2,1,4.1,1,0,0.995063807781445,0.004936192218554961
gaussian-0-seed-8,gaussian,0.0,8,[],csp_lda,sub-001_run-12_sample-15280,12,15280,15440,15920,95.5,TASK2T1,0,4.1,0,0,0.9999257342521539,7.426574784603318e-05
gaussian-0-seed-8,gaussian,0.0,8,[],csp_lda,sub-001_run-12_sample-16608,12,16608,16768,17248,103.8,TASK2T2,1,4.1,1,0,0.9995858485913846,0.00041415140861548934
gaussian-0-seed-8,gaussian,0.0,8,[],csp_lda,sub-001_run-12_sample-17936,12,17936,18096,18576,112.1,TASK2T1,0,4.1,0,0,0.9863316969304488,0.013668303069551234
gaussian-0-seed-8,gaussian,0.0,8,[],csp_lda,sub-001_run-12_sample-19264,12,19264,19424,19904,120.4,TASK2T2,1,4.1,1,1,0.17317870677025982,0.8268212932297402
gaussian-0-seed-8,gaussian,0.0,8,[],bandpower_lda,sub-001_run-12_sample-672,12,672,832,1312,4.2,TASK2T2,1,4.1,1,0,0.7966610452430332,0.20333895475696678
gaussian-0-seed-8,gaussian,0.0,8,[],bandpower_lda,sub-001_run-12_sample-2000,12,2000,2160,2640,12.5,TASK2T1,0,4.1,0,1,0.004756916734306005,0.995243083265694
gaussian-0-seed-8,gaussian,0.0,8,[],bandpower_lda,sub-001_run-12_sample-3328,12,3328,3488,3968,20.8,TASK2T2,1,4.1,1,1,0.4197333616190091,0.5802666383809909
gaussian-0-seed-8,gaussian,0.0,8,[],bandpower_lda,sub-001_run-12_sample-4656,12,4656,4816,5296,29.1,TASK2T1,0,4.1,0,0,0.9984005699635714,0.0015994300364285652
gaussian-0-seed-8,gaussian,0.0,8,[],bandpower_lda,sub-001_run-12_sample-5984,12,5984,6144,6624,37.4,TASK2T1,0,4.1,0,1,0.46182156157265686,0.5381784384273431
gaussian-0-seed-8,gaussian,0.0,8,[],bandpower_lda,sub-001_run-12_sample-7312,12,7312,7472,7952,45.7,TASK2T2,1,4.1,1,1,2.7278301839572805e-09,0.9999999972721698
gaussian-0-seed-8,gaussian,0.0,8,[],bandpower_lda,sub-001_run-12_sample-8640,12,8640,8800,9280,54.0,TASK2T2,1,4.1,1,1,0.004445441119553806,0.9955545588804462
gaussian-0-seed-8,gaussian,0.0,8,[],bandpower_lda,sub-001_run-12_sample-9968,12,9968,10128,10608,62.3,TASK2T1,0,4.1,0,1,0.00041610985815687673,0.9995838901418431
gaussian-0-seed-8,gaussian,0.0,8,[],bandpower_lda,sub-001_run-12_sample-11296,12,11296,11456,11936,70.6,TASK2T1,0,4.1,0,1,4.3777174663084395e-08,0.9999999562228253
gaussian-0-seed-8,gaussian,0.0,8,[],bandpower_lda,sub-001_run-12_sample-12624,12,12624,12784,13264,78.9,TASK2T2,1,4.1,1,1,0.18142927759433425,0.8185707224056658
gaussian-0-seed-8,gaussian,0.0,8,[],bandpower_lda,sub-001_run-12_sample-13952,12,13952,14112,14592,87.2,TASK2T2,1,4.1,1,0,0.9379050105851664,0.06209498941483358
gaussian-0-seed-8,gaussian,0.0,8,[],bandpower_lda,sub-001_run-12_sample-15280,12,15280,15440,15920,95.5,TASK2T1,0,4.1,0,0,0.9997608414655875,0.00023915853441243854
gaussian-0-seed-8,gaussian,0.0,8,[],bandpower_lda,sub-001_run-12_sample-16608,12,16608,16768,17248,103.8,TASK2T2,1,4.1,1,0,0.9999954712154746,4.528784525447547e-06
gaussian-0-seed-8,gaussian,0.0,8,[],bandpower_lda,sub-001_run-12_sample-17936,12,17936,18096,18576,112.1,TASK2T1,0,4.1,0,0,0.9999022626912882,9.773730871181183e-05
gaussian-0-seed-8,gaussian,0.0,8,[],bandpower_lda,sub-001_run-12_sample-19264,12,19264,19424,19904,120.4,TASK2T2,1,4.1,1,0,0.9821741074200726,0.017825892579927366
gaussian-0-seed-9,gaussian,0.0,9,[],csp_lda,sub-001_run-12_sample-672,12,672,832,1312,4.2,TASK2T2,1,4.1,1,1,0.011099541927289125,0.9889004580727109
gaussian-0-seed-9,gaussian,0.0,9,[],csp_lda,sub-001_run-12_sample-2000,12,2000,2160,2640,12.5,TASK2T1,0,4.1,0,1,0.07559453426056806,0.9244054657394319
gaussian-0-seed-9,gaussian,0.0,9,[],csp_lda,sub-001_run-12_sample-3328,12,3328,3488,3968,20.8,TASK2T2,1,4.1,1,0,0.8997212779429478,0.10027872205705224
gaussian-0-seed-9,gaussian,0.0,9,[],csp_lda,sub-001_run-12_sample-4656,12,4656,4816,5296,29.1,TASK2T1,0,4.1,0,1,0.09825368620238617,0.9017463137976138
gaussian-0-seed-9,gaussian,0.0,9,[],csp_lda,sub-001_run-12_sample-5984,12,5984,6144,6624,37.4,TASK2T1,0,4.1,0,0,0.5350425284752116,0.4649574715247884
gaussian-0-seed-9,gaussian,0.0,9,[],csp_lda,sub-001_run-12_sample-7312,12,7312,7472,7952,45.7,TASK2T2,1,4.1,1,1,0.4197570184546531,0.5802429815453469
gaussian-0-seed-9,gaussian,0.0,9,[],csp_lda,sub-001_run-12_sample-8640,12,8640,8800,9280,54.0,TASK2T2,1,4.1,1,1,0.0007956272315442492,0.9992043727684558
gaussian-0-seed-9,gaussian,0.0,9,[],csp_lda,sub-001_run-12_sample-9968,12,9968,10128,10608,62.3,TASK2T1,0,4.1,0,0,0.6993060333708092,0.3006939666291908
gaussian-0-seed-9,gaussian,0.0,9,[],csp_lda,sub-001_run-12_sample-11296,12,11296,11456,11936,70.6,TASK2T1,0,4.1,0,0,0.9900811816706466,0.0099188183293534
gaussian-0-seed-9,gaussian,0.0,9,[],csp_lda,sub-001_run-12_sample-12624,12,12624,12784,13264,78.9,TASK2T2,1,4.1,1,0,0.8695469465752275,0.13045305342477248
gaussian-0-seed-9,gaussian,0.0,9,[],csp_lda,sub-001_run-12_sample-13952,12,13952,14112,14592,87.2,TASK2T2,1,4.1,1,0,0.995063807781445,0.004936192218554961
gaussian-0-seed-9,gaussian,0.0,9,[],csp_lda,sub-001_run-12_sample-15280,12,15280,15440,15920,95.5,TASK2T1,0,4.1,0,0,0.9999257342521539,7.426574784603318e-05
gaussian-0-seed-9,gaussian,0.0,9,[],csp_lda,sub-001_run-12_sample-16608,12,16608,16768,17248,103.8,TASK2T2,1,4.1,1,0,0.9995858485913846,0.00041415140861548934
gaussian-0-seed-9,gaussian,0.0,9,[],csp_lda,sub-001_run-12_sample-17936,12,17936,18096,18576,112.1,TASK2T1,0,4.1,0,0,0.9863316969304488,0.013668303069551234
gaussian-0-seed-9,gaussian,0.0,9,[],csp_lda,sub-001_run-12_sample-19264,12,19264,19424,19904,120.4,TASK2T2,1,4.1,1,1,0.17317870677025982,0.8268212932297402
gaussian-0-seed-9,gaussian,0.0,9,[],bandpower_lda,sub-001_run-12_sample-672,12,672,832,1312,4.2,TASK2T2,1,4.1,1,0,0.7966610452430332,0.20333895475696678
gaussian-0-seed-9,gaussian,0.0,9,[],bandpower_lda,sub-001_run-12_sample-2000,12,2000,2160,2640,12.5,TASK2T1,0,4.1,0,1,0.004756916734306005,0.995243083265694
gaussian-0-seed-9,gaussian,0.0,9,[],bandpower_lda,sub-001_run-12_sample-3328,12,3328,3488,3968,20.8,TASK2T2,1,4.1,1,1,0.4197333616190091,0.5802666383809909
gaussian-0-seed-9,gaussian,0.0,9,[],bandpower_lda,sub-001_run-12_sample-4656,12,4656,4816,5296,29.1,TASK2T1,0,4.1,0,0,0.9984005699635714,0.0015994300364285652
gaussian-0-seed-9,gaussian,0.0,9,[],bandpower_lda,sub-001_run-12_sample-5984,12,5984,6144,6624,37.4,TASK2T1,0,4.1,0,1,0.46182156157265686,0.5381784384273431
gaussian-0-seed-9,gaussian,0.0,9,[],bandpower_lda,sub-001_run-12_sample-7312,12,7312,7472,7952,45.7,TASK2T2,1,4.1,1,1,2.7278301839572805e-09,0.9999999972721698
gaussian-0-seed-9,gaussian,0.0,9,[],bandpower_lda,sub-001_run-12_sample-8640,12,8640,8800,9280,54.0,TASK2T2,1,4.1,1,1,0.004445441119553806,0.9955545588804462
gaussian-0-seed-9,gaussian,0.0,9,[],bandpower_lda,sub-001_run-12_sample-9968,12,9968,10128,10608,62.3,TASK2T1,0,4.1,0,1,0.00041610985815687673,0.9995838901418431
gaussian-0-seed-9,gaussian,0.0,9,[],bandpower_lda,sub-001_run-12_sample-11296,12,11296,11456,11936,70.6,TASK2T1,0,4.1,0,1,4.3777174663084395e-08,0.9999999562228253
gaussian-0-seed-9,gaussian,0.0,9,[],bandpower_lda,sub-001_run-12_sample-12624,12,12624,12784,13264,78.9,TASK2T2,1,4.1,1,1,0.18142927759433425,0.8185707224056658
gaussian-0-seed-9,gaussian,0.0,9,[],bandpower_lda,sub-001_run-12_sample-13952,12,13952,14112,14592,87.2,TASK2T2,1,4.1,1,0,0.9379050105851664,0.06209498941483358
gaussian-0-seed-9,gaussian,0.0,9,[],bandpower_lda,sub-001_run-12_sample-15280,12,15280,15440,15920,95.5,TASK2T1,0,4.1,0,0,0.9997608414655875,0.00023915853441243854
gaussian-0-seed-9,gaussian,0.0,9,[],bandpower_lda,sub-001_run-12_sample-16608,12,16608,16768,17248,103.8,TASK2T2,1,4.1,1,0,0.9999954712154746,4.528784525447547e-06
gaussian-0-seed-9,gaussian,0.0,9,[],bandpower_lda,sub-001_run-12_sample-17936,12,17936,18096,18576,112.1,TASK2T1,0,4.1,0,0,0.9999022626912882,9.773730871181183e-05
gaussian-0-seed-9,gaussian,0.0,9,[],bandpower_lda,sub-001_run-12_sample-19264,12,19264,19424,19904,120.4,TASK2T2,1,4.1,1,0,0.9821741074200726,0.017825892579927366
gaussian-0.25-seed-0,gaussian,0.25,0,[],csp_lda,sub-001_run-12_sample-672,12,672,832,1312,4.2,TASK2T2,1,4.1,1,0,0.5647025430999444,0.43529745690005556
gaussian-0.25-seed-0,gaussian,0.25,0,[],csp_lda,sub-001_run-12_sample-2000,12,2000,2160,2640,12.5,TASK2T1,0,4.1,0,0,0.760398390349363,0.23960160965063707
gaussian-0.25-seed-0,gaussian,0.25,0,[],csp_lda,sub-001_run-12_sample-3328,12,3328,3488,3968,20.8,TASK2T2,1,4.1,1,0,0.8556504419135433,0.14434955808645664
gaussian-0.25-seed-0,gaussian,0.25,0,[],csp_lda,sub-001_run-12_sample-4656,12,4656,4816,5296,29.1,TASK2T1,0,4.1,0,0,0.691555951525949,0.30844404847405105
gaussian-0.25-seed-0,gaussian,0.25,0,[],csp_lda,sub-001_run-12_sample-5984,12,5984,6144,6624,37.4,TASK2T1,0,4.1,0,0,0.6712666674476595,0.32873333255234055
gaussian-0.25-seed-0,gaussian,0.25,0,[],csp_lda,sub-001_run-12_sample-7312,12,7312,7472,7952,45.7,TASK2T2,1,4.1,1,0,0.9819438476017568,0.01805615239824323
gaussian-0.25-seed-0,gaussian,0.25,0,[],csp_lda,sub-001_run-12_sample-8640,12,8640,8800,9280,54.0,TASK2T2,1,4.1,1,1,0.025282950065238063,0.9747170499347619
gaussian-0.25-seed-0,gaussian,0.25,0,[],csp_lda,sub-001_run-12_sample-9968,12,9968,10128,10608,62.3,TASK2T1,0,4.1,0,0,0.9591765451172576,0.04082345488274244
gaussian-0.25-seed-0,gaussian,0.25,0,[],csp_lda,sub-001_run-12_sample-11296,12,11296,11456,11936,70.6,TASK2T1,0,4.1,0,0,0.9851634077859848,0.01483659221401519
gaussian-0.25-seed-0,gaussian,0.25,0,[],csp_lda,sub-001_run-12_sample-12624,12,12624,12784,13264,78.9,TASK2T2,1,4.1,1,0,0.9971522208659312,0.0028477791340687742
gaussian-0.25-seed-0,gaussian,0.25,0,[],csp_lda,sub-001_run-12_sample-13952,12,13952,14112,14592,87.2,TASK2T2,1,4.1,1,0,0.9946936181382158,0.0053063818617842574
gaussian-0.25-seed-0,gaussian,0.25,0,[],csp_lda,sub-001_run-12_sample-15280,12,15280,15440,15920,95.5,TASK2T1,0,4.1,0,0,0.999955278225444,4.472177455596481e-05
gaussian-0.25-seed-0,gaussian,0.25,0,[],csp_lda,sub-001_run-12_sample-16608,12,16608,16768,17248,103.8,TASK2T2,1,4.1,1,0,0.999628374587142,0.0003716254128579806
gaussian-0.25-seed-0,gaussian,0.25,0,[],csp_lda,sub-001_run-12_sample-17936,12,17936,18096,18576,112.1,TASK2T1,0,4.1,0,0,0.9976371710224416,0.0023628289775583186
gaussian-0.25-seed-0,gaussian,0.25,0,[],csp_lda,sub-001_run-12_sample-19264,12,19264,19424,19904,120.4,TASK2T2,1,4.1,1,0,0.6634381351354,0.3365618648646001
gaussian-0.25-seed-0,gaussian,0.25,0,[],bandpower_lda,sub-001_run-12_sample-672,12,672,832,1312,4.2,TASK2T2,1,4.1,1,1,0.07244664260038691,0.9275533573996131
gaussian-0.25-seed-0,gaussian,0.25,0,[],bandpower_lda,sub-001_run-12_sample-2000,12,2000,2160,2640,12.5,TASK2T1,0,4.1,0,1,1.7884479380114726e-05,0.9999821155206199
gaussian-0.25-seed-0,gaussian,0.25,0,[],bandpower_lda,sub-001_run-12_sample-3328,12,3328,3488,3968,20.8,TASK2T2,1,4.1,1,1,0.0016150737356736,0.9983849262643264
gaussian-0.25-seed-0,gaussian,0.25,0,[],bandpower_lda,sub-001_run-12_sample-4656,12,4656,4816,5296,29.1,TASK2T1,0,4.1,0,1,0.04383637514964145,0.9561636248503586
gaussian-0.25-seed-0,gaussian,0.25,0,[],bandpower_lda,sub-001_run-12_sample-5984,12,5984,6144,6624,37.4,TASK2T1,0,4.1,0,1,0.006060094265562199,0.9939399057344378
gaussian-0.25-seed-0,gaussian,0.25,0,[],bandpower_lda,sub-001_run-12_sample-7312,12,7312,7472,7952,45.7,TASK2T2,1,4.1,1,1,4.0150149871465146e-10,0.9999999995984985
gaussian-0.25-seed-0,gaussian,0.25,0,[],bandpower_lda,sub-001_run-12_sample-8640,12,8640,8800,9280,54.0,TASK2T2,1,4.1,1,1,1.2448709566514893e-06,0.9999987551290433
gaussian-0.25-seed-0,gaussian,0.25,0,[],bandpower_lda,sub-001_run-12_sample-9968,12,9968,10128,10608,62.3,TASK2T1,0,4.1,0,1,1.902420599597665e-05,0.999980975794004
gaussian-0.25-seed-0,gaussian,0.25,0,[],bandpower_lda,sub-001_run-12_sample-11296,12,11296,11456,11936,70.6,TASK2T1,0,4.1,0,1,3.4262335191215243e-09,0.9999999965737665
gaussian-0.25-seed-0,gaussian,0.25,0,[],bandpower_lda,sub-001_run-12_sample-12624,12,12624,12784,13264,78.9,TASK2T2,1,4.1,1,1,0.029856041603305905,0.9701439583966941
gaussian-0.25-seed-0,gaussian,0.25,0,[],bandpower_lda,sub-001_run-12_sample-13952,12,13952,14112,14592,87.2,TASK2T2,1,4.1,1,1,0.2173006814303199,0.7826993185696801
gaussian-0.25-seed-0,gaussian,0.25,0,[],bandpower_lda,sub-001_run-12_sample-15280,12,15280,15440,15920,95.5,TASK2T1,0,4.1,0,0,0.6937229817342675,0.3062770182657325
gaussian-0.25-seed-0,gaussian,0.25,0,[],bandpower_lda,sub-001_run-12_sample-16608,12,16608,16768,17248,103.8,TASK2T2,1,4.1,1,0,0.9996103099353156,0.0003896900646843997
gaussian-0.25-seed-0,gaussian,0.25,0,[],bandpower_lda,sub-001_run-12_sample-17936,12,17936,18096,18576,112.1,TASK2T1,0,4.1,0,0,0.9475454190049607,0.052454580995039315
gaussian-0.25-seed-0,gaussian,0.25,0,[],bandpower_lda,sub-001_run-12_sample-19264,12,19264,19424,19904,120.4,TASK2T2,1,4.1,1,1,0.3372124969216409,0.6627875030783591
gaussian-0.25-seed-1,gaussian,0.25,1,[],csp_lda,sub-001_run-12_sample-672,12,672,832,1312,4.2,TASK2T2,1,4.1,1,1,0.23199305207931298,0.768006947920687
gaussian-0.25-seed-1,gaussian,0.25,1,[],csp_lda,sub-001_run-12_sample-2000,12,2000,2160,2640,12.5,TASK2T1,0,4.1,0,0,0.6325327346382237,0.36746726536177626
gaussian-0.25-seed-1,gaussian,0.25,1,[],csp_lda,sub-001_run-12_sample-3328,12,3328,3488,3968,20.8,TASK2T2,1,4.1,1,0,0.9909816199636142,0.009018380036385722
gaussian-0.25-seed-1,gaussian,0.25,1,[],csp_lda,sub-001_run-12_sample-4656,12,4656,4816,5296,29.1,TASK2T1,0,4.1,0,0,0.7257552427893894,0.2742447572106106
gaussian-0.25-seed-1,gaussian,0.25,1,[],csp_lda,sub-001_run-12_sample-5984,12,5984,6144,6624,37.4,TASK2T1,0,4.1,0,0,0.9860969494621464,0.013903050537853534
gaussian-0.25-seed-1,gaussian,0.25,1,[],csp_lda,sub-001_run-12_sample-7312,12,7312,7472,7952,45.7,TASK2T2,1,4.1,1,0,0.8456577124405222,0.1543422875594777
gaussian-0.25-seed-1,gaussian,0.25,1,[],csp_lda,sub-001_run-12_sample-8640,12,8640,8800,9280,54.0,TASK2T2,1,4.1,1,1,0.04253474724539619,0.9574652527546038
gaussian-0.25-seed-1,gaussian,0.25,1,[],csp_lda,sub-001_run-12_sample-9968,12,9968,10128,10608,62.3,TASK2T1,0,4.1,0,0,0.9637875070341777,0.036212492965822254
gaussian-0.25-seed-1,gaussian,0.25,1,[],csp_lda,sub-001_run-12_sample-11296,12,11296,11456,11936,70.6,TASK2T1,0,4.1,0,0,0.9969629806502789,0.0030370193497210696
gaussian-0.25-seed-1,gaussian,0.25,1,[],csp_lda,sub-001_run-12_sample-12624,12,12624,12784,13264,78.9,TASK2T2,1,4.1,1,0,0.9846514224435369,0.015348577556463176
gaussian-0.25-seed-1,gaussian,0.25,1,[],csp_lda,sub-001_run-12_sample-13952,12,13952,14112,14592,87.2,TASK2T2,1,4.1,1,0,0.9975188502464796,0.0024811497535203756
gaussian-0.25-seed-1,gaussian,0.25,1,[],csp_lda,sub-001_run-12_sample-15280,12,15280,15440,15920,95.5,TASK2T1,0,4.1,0,0,0.9999371412273942,6.28587726057893e-05
gaussian-0.25-seed-1,gaussian,0.25,1,[],csp_lda,sub-001_run-12_sample-16608,12,16608,16768,17248,103.8,TASK2T2,1,4.1,1,0,0.9999308374575896,6.916254241039714e-05
gaussian-0.25-seed-1,gaussian,0.25,1,[],csp_lda,sub-001_run-12_sample-17936,12,17936,18096,18576,112.1,TASK2T1,0,4.1,0,0,0.9955022814089673,0.004497718591032692
gaussian-0.25-seed-1,gaussian,0.25,1,[],csp_lda,sub-001_run-12_sample-19264,12,19264,19424,19904,120.4,TASK2T2,1,4.1,1,0,0.7339578431128868,0.26604215688711313
gaussian-0.25-seed-1,gaussian,0.25,1,[],bandpower_lda,sub-001_run-12_sample-672,12,672,832,1312,4.2,TASK2T2,1,4.1,1,1,0.032391503363012664,0.9676084966369873
gaussian-0.25-seed-1,gaussian,0.25,1,[],bandpower_lda,sub-001_run-12_sample-2000,12,2000,2160,2640,12.5,TASK2T1,0,4.1,0,1,0.00010346259824323134,0.9998965374017568
gaussian-0.25-seed-1,gaussian,0.25,1,[],bandpower_lda,sub-001_run-12_sample-3328,12,3328,3488,3968,20.8,TASK2T2,1,4.1,1,1,0.009346660533481543,0.9906533394665185
gaussian-0.25-seed-1,gaussian,0.25,1,[],bandpower_lda,sub-001_run-12_sample-4656,12,4656,4816,5296,29.1,TASK2T1,0,4.1,0,1,0.17642471356596245,0.8235752864340375
gaussian-0.25-seed-1,gaussian,0.25,1,[],bandpower_lda,sub-001_run-12_sample-5984,12,5984,6144,6624,37.4,TASK2T1,0,4.1,0,1,0.032722657210748074,0.9672773427892519
gaussian-0.25-seed-1,gaussian,0.25,1,[],bandpower_lda,sub-001_run-12_sample-7312,12,7312,7472,7952,45.7,TASK2T2,1,4.1,1,1,7.934919388219441e-11,0.9999999999206508
gaussian-0.25-seed-1,gaussian,0.25,1,[],bandpower_lda,sub-001_run-12_sample-8640,12,8640,8800,9280,54.0,TASK2T2,1,4.1,1,1,4.14635508649841e-06,0.9999958536449135
gaussian-0.25-seed-1,gaussian,0.25,1,[],bandpower_lda,sub-001_run-12_sample-9968,12,9968,10128,10608,62.3,TASK2T1,0,4.1,0,1,1.2165475332670539e-06,0.9999987834524667
gaussian-0.25-seed-1,gaussian,0.25,1,[],bandpower_lda,sub-001_run-12_sample-11296,12,11296,11456,11936,70.6,TASK2T1,0,4.1,0,1,1.8196111284396466e-11,0.9999999999818039
gaussian-0.25-seed-1,gaussian,0.25,1,[],bandpower_lda,sub-001_run-12_sample-12624,12,12624,12784,13264,78.9,TASK2T2,1,4.1,1,1,0.026917993900582582,0.9730820060994174
gaussian-0.25-seed-1,gaussian,0.25,1,[],bandpower_lda,sub-001_run-12_sample-13952,12,13952,14112,14592,87.2,TASK2T2,1,4.1,1,1,0.010577692996280308,0.9894223070037197
gaussian-0.25-seed-1,gaussian,0.25,1,[],bandpower_lda,sub-001_run-12_sample-15280,12,15280,15440,15920,95.5,TASK2T1,0,4.1,0,0,0.9520291327153076,0.04797086728469236
gaussian-0.25-seed-1,gaussian,0.25,1,[],bandpower_lda,sub-001_run-12_sample-16608,12,16608,16768,17248,103.8,TASK2T2,1,4.1,1,0,0.9962983107822186,0.0037016892177813856
gaussian-0.25-seed-1,gaussian,0.25,1,[],bandpower_lda,sub-001_run-12_sample-17936,12,17936,18096,18576,112.1,TASK2T1,0,4.1,0,0,0.9885134174515513,0.011486582548448707
gaussian-0.25-seed-1,gaussian,0.25,1,[],bandpower_lda,sub-001_run-12_sample-19264,12,19264,19424,19904,120.4,TASK2T2,1,4.1,1,1,0.06262231248963535,0.9373776875103647
gaussian-0.25-seed-2,gaussian,0.25,2,[],csp_lda,sub-001_run-12_sample-672,12,672,832,1312,4.2,TASK2T2,1,4.1,1,0,0.6276009619250551,0.37239903807494495
gaussian-0.25-seed-2,gaussian,0.25,2,[],csp_lda,sub-001_run-12_sample-2000,12,2000,2160,2640,12.5,TASK2T1,0,4.1,0,0,0.6420212756145685,0.35797872438543155
gaussian-0.25-seed-2,gaussian,0.25,2,[],csp_lda,sub-001_run-12_sample-3328,12,3328,3488,3968,20.8,TASK2T2,1,4.1,1,0,0.9924096924306859,0.00759030756931415
gaussian-0.25-seed-2,gaussian,0.25,2,[],csp_lda,sub-001_run-12_sample-4656,12,4656,4816,5296,29.1,TASK2T1,0,4.1,0,0,0.8404816318150841,0.15951836818491594
gaussian-0.25-seed-2,gaussian,0.25,2,[],csp_lda,sub-001_run-12_sample-5984,12,5984,6144,6624,37.4,TASK2T1,0,4.1,0,0,0.8200957763208602,0.17990422367913986
gaussian-0.25-seed-2,gaussian,0.25,2,[],csp_lda,sub-001_run-12_sample-7312,12,7312,7472,7952,45.7,TASK2T2,1,4.1,1,0,0.9474316041091241,0.05256839589087588
gaussian-0.25-seed-2,gaussian,0.25,2,[],csp_lda,sub-001_run-12_sample-8640,12,8640,8800,9280,54.0,TASK2T2,1,4.1,1,1,0.39780289521306533,0.6021971047869347
gaussian-0.25-seed-2,gaussian,0.25,2,[],csp_lda,sub-001_run-12_sample-9968,12,9968,10128,10608,62.3,TASK2T1,0,4.1,0,0,0.9251474540555231,0.07485254594447684
gaussian-0.25-seed-2,gaussian,0.25,2,[],csp_lda,sub-001_run-12_sample-11296,12,11296,11456,11936,70.6,TASK2T1,0,4.1,0,0,0.9966450570552015,0.0033549429447985663
gaussian-0.25-seed-2,gaussian,0.25,2,[],csp_lda,sub-001_run-12_sample-12624,12,12624,12784,13264,78.9,TASK2T2,1,4.1,1,0,0.9538304854607563,0.04616951453924367
gaussian-0.25-seed-2,gaussian,0.25,2,[],csp_lda,sub-001_run-12_sample-13952,12,13952,14112,14592,87.2,TASK2T2,1,4.1,1,0,0.9926070837975574,0.007392916202442615
gaussian-0.25-seed-2,gaussian,0.25,2,[],csp_lda,sub-001_run-12_sample-15280,12,15280,15440,15920,95.5,TASK2T1,0,4.1,0,0,0.9999779092417659,2.2090758234109234e-05
gaussian-0.25-seed-2,gaussian,0.25,2,[],csp_lda,sub-001_run-12_sample-16608,12,16608,16768,17248,103.8,TASK2T2,1,4.1,1,0,0.9996925618177425,0.00030743818225749083
gaussian-0.25-seed-2,gaussian,0.25,2,[],csp_lda,sub-001_run-12_sample-17936,12,17936,18096,18576,112.1,TASK2T1,0,4.1,0,0,0.9965656215764799,0.0034343784235201626
gaussian-0.25-seed-2,gaussian,0.25,2,[],csp_lda,sub-001_run-12_sample-19264,12,19264,19424,19904,120.4,TASK2T2,1,4.1,1,0,0.9405857573516866,0.05941424264831341
gaussian-0.25-seed-2,gaussian,0.25,2,[],bandpower_lda,sub-001_run-12_sample-672,12,672,832,1312,4.2,TASK2T2,1,4.1,1,1,0.0068039308933668385,0.9931960691066332
gaussian-0.25-seed-2,gaussian,0.25,2,[],bandpower_lda,sub-001_run-12_sample-2000,12,2000,2160,2640,12.5,TASK2T1,0,4.1,0,1,0.00010157877280747574,0.9998984212271925
gaussian-0.25-seed-2,gaussian,0.25,2,[],bandpower_lda,sub-001_run-12_sample-3328,12,3328,3488,3968,20.8,TASK2T2,1,4.1,1,1,0.006499183517410412,0.9935008164825896
gaussian-0.25-seed-2,gaussian,0.25,2,[],bandpower_lda,sub-001_run-12_sample-4656,12,4656,4816,5296,29.1,TASK2T1,0,4.1,0,1,0.17740103119801265,0.8225989688019874
gaussian-0.25-seed-2,gaussian,0.25,2,[],bandpower_lda,sub-001_run-12_sample-5984,12,5984,6144,6624,37.4,TASK2T1,0,4.1,0,1,0.0017465672281355982,0.9982534327718644
gaussian-0.25-seed-2,gaussian,0.25,2,[],bandpower_lda,sub-001_run-12_sample-7312,12,7312,7472,7952,45.7,TASK2T2,1,4.1,1,1,1.3739764881393057e-10,0.9999999998626024
gaussian-0.25-seed-2,gaussian,0.25,2,[],bandpower_lda,sub-001_run-12_sample-8640,12,8640,8800,9280,54.0,TASK2T2,1,4.1,1,1,0.0022705763869842466,0.9977294236130158
gaussian-0.25-seed-2,gaussian,0.25,2,[],bandpower_lda,sub-001_run-12_sample-9968,12,9968,10128,10608,62.3,TASK2T1,0,4.1,0,1,6.928601180788974e-06,0.9999930713988192
gaussian-0.25-seed-2,gaussian,0.25,2,[],bandpower_lda,sub-001_run-12_sample-11296,12,11296,11456,11936,70.6,TASK2T1,0,4.1,0,1,2.4895592254381427e-09,0.9999999975104408
gaussian-0.25-seed-2,gaussian,0.25,2,[],bandpower_lda,sub-001_run-12_sample-12624,12,12624,12784,13264,78.9,TASK2T2,1,4.1,1,1,0.00018815760351709176,0.9998118423964829
gaussian-0.25-seed-2,gaussian,0.25,2,[],bandpower_lda,sub-001_run-12_sample-13952,12,13952,14112,14592,87.2,TASK2T2,1,4.1,1,1,0.04988595317890876,0.9501140468210912
gaussian-0.25-seed-2,gaussian,0.25,2,[],bandpower_lda,sub-001_run-12_sample-15280,12,15280,15440,15920,95.5,TASK2T1,0,4.1,0,0,0.9446888717750027,0.05531112822499731
gaussian-0.25-seed-2,gaussian,0.25,2,[],bandpower_lda,sub-001_run-12_sample-16608,12,16608,16768,17248,103.8,TASK2T2,1,4.1,1,0,0.9968879620422677,0.0031120379577323147
gaussian-0.25-seed-2,gaussian,0.25,2,[],bandpower_lda,sub-001_run-12_sample-17936,12,17936,18096,18576,112.1,TASK2T1,0,4.1,0,0,0.9137265175840084,0.08627348241599164
gaussian-0.25-seed-2,gaussian,0.25,2,[],bandpower_lda,sub-001_run-12_sample-19264,12,19264,19424,19904,120.4,TASK2T2,1,4.1,1,1,0.02454161552431522,0.9754583844756848
gaussian-0.25-seed-3,gaussian,0.25,3,[],csp_lda,sub-001_run-12_sample-672,12,672,832,1312,4.2,TASK2T2,1,4.1,1,1,0.4273740089765048,0.5726259910234952
gaussian-0.25-seed-3,gaussian,0.25,3,[],csp_lda,sub-001_run-12_sample-2000,12,2000,2160,2640,12.5,TASK2T1,0,4.1,0,1,0.44246391566702126,0.5575360843329787
gaussian-0.25-seed-3,gaussian,0.25,3,[],csp_lda,sub-001_run-12_sample-3328,12,3328,3488,3968,20.8,TASK2T2,1,4.1,1,0,0.9893090332252761,0.010690966774723963
gaussian-0.25-seed-3,gaussian,0.25,3,[],csp_lda,sub-001_run-12_sample-4656,12,4656,4816,5296,29.1,TASK2T1,0,4.1,0,0,0.7628216881590355,0.23717831184096455
gaussian-0.25-seed-3,gaussian,0.25,3,[],csp_lda,sub-001_run-12_sample-5984,12,5984,6144,6624,37.4,TASK2T1,0,4.1,0,0,0.9639815097415108,0.03601849025848925
gaussian-0.25-seed-3,gaussian,0.25,3,[],csp_lda,sub-001_run-12_sample-7312,12,7312,7472,7952,45.7,TASK2T2,1,4.1,1,0,0.9217338085990561,0.07826619140094397
gaussian-0.25-seed-3,gaussian,0.25,3,[],csp_lda,sub-001_run-12_sample-8640,12,8640,8800,9280,54.0,TASK2T2,1,4.1,1,1,0.18403142165249853,0.8159685783475015
gaussian-0.25-seed-3,gaussian,0.25,3,[],csp_lda,sub-001_run-12_sample-9968,12,9968,10128,10608,62.3,TASK2T1,0,4.1,0,0,0.9211729149336598,0.07882708506634023
gaussian-0.25-seed-3,gaussian,0.25,3,[],csp_lda,sub-001_run-12_sample-11296,12,11296,11456,11936,70.6,TASK2T1,0,4.1,0,0,0.9991349402916538,0.0008650597083461417
gaussian-0.25-seed-3,gaussian,0.25,3,[],csp_lda,sub-001_run-12_sample-12624,12,12624,12784,13264,78.9,TASK2T2,1,4.1,1,0,0.9746835012619074,0.025316498738092632
gaussian-0.25-seed-3,gaussian,0.25,3,[],csp_lda,sub-001_run-12_sample-13952,12,13952,14112,14592,87.2,TASK2T2,1,4.1,1,0,0.997805856157772,0.0021941438422280204
gaussian-0.25-seed-3,gaussian,0.25,3,[],csp_lda,sub-001_run-12_sample-15280,12,15280,15440,15920,95.5,TASK2T1,0,4.1,0,0,0.9998232040643585,0.0001767959356414554
gaussian-0.25-seed-3,gaussian,0.25,3,[],csp_lda,sub-001_run-12_sample-16608,12,16608,16768,17248,103.8,TASK2T2,1,4.1,1,0,0.9998875450477568,0.00011245495224323589
gaussian-0.25-seed-3,gaussian,0.25,3,[],csp_lda,sub-001_run-12_sample-17936,12,17936,18096,18576,112.1,TASK2T1,0,4.1,0,0,0.9981929403400254,0.0018070596599745747
gaussian-0.25-seed-3,gaussian,0.25,3,[],csp_lda,sub-001_run-12_sample-19264,12,19264,19424,19904,120.4,TASK2T2,1,4.1,1,1,0.46512461609102707,0.5348753839089729
gaussian-0.25-seed-3,gaussian,0.25,3,[],bandpower_lda,sub-001_run-12_sample-672,12,672,832,1312,4.2,TASK2T2,1,4.1,1,1,0.009231007165545813,0.9907689928344542
gaussian-0.25-seed-3,gaussian,0.25,3,[],bandpower_lda,sub-001_run-12_sample-2000,12,2000,2160,2640,12.5,TASK2T1,0,4.1,0,1,0.00048448163842862435,0.9995155183615714
gaussian-0.25-seed-3,gaussian,0.25,3,[],bandpower_lda,sub-001_run-12_sample-3328,12,3328,3488,3968,20.8,TASK2T2,1,4.1,1,1,0.001853703306441301,0.9981462966935587
gaussian-0.25-seed-3,gaussian,0.25,3,[],bandpower_lda,sub-001_run-12_sample-4656,12,4656,4816,5296,29.1,TASK2T1,0,4.1,0,0,0.8260039420779393,0.17399605792206077
gaussian-0.25-seed-3,gaussian,0.25,3,[],bandpower_lda,sub-001_run-12_sample-5984,12,5984,6144,6624,37.4,TASK2T1,0,4.1,0,1,0.06314837554776798,0.936851624452232
gaussian-0.25-seed-3,gaussian,0.25,3,[],bandpower_lda,sub-001_run-12_sample-7312,12,7312,7472,7952,45.7,TASK2T2,1,4.1,1,1,1.3692313949320578e-10,0.9999999998630769
gaussian-0.25-seed-3,gaussian,0.25,3,[],bandpower_lda,sub-001_run-12_sample-8640,12,8640,8800,9280,54.0,TASK2T2,1,4.1,1,1,0.00017307412095557417,0.9998269258790444
gaussian-0.25-seed-3,gaussian,0.25,3,[],bandpower_lda,sub-001_run-12_sample-9968,12,9968,10128,10608,62.3,TASK2T1,0,4.1,0,1,1.282339228692031e-06,0.9999987176607713
gaussian-0.25-seed-3,gaussian,0.25,3,[],bandpower_lda,sub-001_run-12_sample-11296,12,11296,11456,11936,70.6,TASK2T1,0,4.1,0,1,2.9441940441188308e-08,0.9999999705580596
gaussian-0.25-seed-3,gaussian,0.25,3,[],bandpower_lda,sub-001_run-12_sample-12624,12,12624,12784,13264,78.9,TASK2T2,1,4.1,1,1,0.0020435513346214185,0.9979564486653786
gaussian-0.25-seed-3,gaussian,0.25,3,[],bandpower_lda,sub-001_run-12_sample-13952,12,13952,14112,14592,87.2,TASK2T2,1,4.1,1,1,0.18365521534483842,0.8163447846551616
gaussian-0.25-seed-3,gaussian,0.25,3,[],bandpower_lda,sub-001_run-12_sample-15280,12,15280,15440,15920,95.5,TASK2T1,0,4.1,0,1,0.4642069507611599,0.5357930492388401
gaussian-0.25-seed-3,gaussian,0.25,3,[],bandpower_lda,sub-001_run-12_sample-16608,12,16608,16768,17248,103.8,TASK2T2,1,4.1,1,0,0.9997352452990825,0.00026475470091748455
gaussian-0.25-seed-3,gaussian,0.25,3,[],bandpower_lda,sub-001_run-12_sample-17936,12,17936,18096,18576,112.1,TASK2T1,0,4.1,0,0,0.8818150670968694,0.11818493290313058
gaussian-0.25-seed-3,gaussian,0.25,3,[],bandpower_lda,sub-001_run-12_sample-19264,12,19264,19424,19904,120.4,TASK2T2,1,4.1,1,1,0.28529426004702685,0.7147057399529732
gaussian-0.25-seed-4,gaussian,0.25,4,[],csp_lda,sub-001_run-12_sample-672,12,672,832,1312,4.2,TASK2T2,1,4.1,1,1,0.24451559344909302,0.755484406550907
gaussian-0.25-seed-4,gaussian,0.25,4,[],csp_lda,sub-001_run-12_sample-2000,12,2000,2160,2640,12.5,TASK2T1,0,4.1,0,0,0.8635249924175301,0.13647500758246994
gaussian-0.25-seed-4,gaussian,0.25,4,[],csp_lda,sub-001_run-12_sample-3328,12,3328,3488,3968,20.8,TASK2T2,1,4.1,1,0,0.9878443072000231,0.012155692799976822
gaussian-0.25-seed-4,gaussian,0.25,4,[],csp_lda,sub-001_run-12_sample-4656,12,4656,4816,5296,29.1,TASK2T1,0,4.1,0,0,0.724981621882892,0.275018378117108
gaussian-0.25-seed-4,gaussian,0.25,4,[],csp_lda,sub-001_run-12_sample-5984,12,5984,6144,6624,37.4,TASK2T1,0,4.1,0,0,0.9390074607781733,0.0609925392218267
gaussian-0.25-seed-4,gaussian,0.25,4,[],csp_lda,sub-001_run-12_sample-7312,12,7312,7472,7952,45.7,TASK2T2,1,4.1,1,0,0.9066770489467912,0.09332295105320874
gaussian-0.25-seed-4,gaussian,0.25,4,[],csp_lda,sub-001_run-12_sample-8640,12,8640,8800,9280,54.0,TASK2T2,1,4.1,1,1,0.06583676034634933,0.9341632396536507
gaussian-0.25-seed-4,gaussian,0.25,4,[],csp_lda,sub-001_run-12_sample-9968,12,9968,10128,10608,62.3,TASK2T1,0,4.1,0,0,0.8618331161150867,0.13816688388491333
gaussian-0.25-seed-4,gaussian,0.25,4,[],csp_lda,sub-001_run-12_sample-11296,12,11296,11456,11936,70.6,TASK2T1,0,4.1,0,0,0.9990351989516689,0.0009648010483311159
gaussian-0.25-seed-4,gaussian,0.25,4,[],csp_lda,sub-001_run-12_sample-12624,12,12624,12784,13264,78.9,TASK2T2,1,4.1,1,0,0.9624118295396509,0.03758817046034916
gaussian-0.25-seed-4,gaussian,0.25,4,[],csp_lda,sub-001_run-12_sample-13952,12,13952,14112,14592,87.2,TASK2T2,1,4.1,1,0,0.9988382339237956,0.0011617660762044011
gaussian-0.25-seed-4,gaussian,0.25,4,[],csp_lda,sub-001_run-12_sample-15280,12,15280,15440,15920,95.5,TASK2T1,0,4.1,0,0,0.9999874790120065,1.2520987993581916e-05
gaussian-0.25-seed-4,gaussian,0.25,4,[],csp_lda,sub-001_run-12_sample-16608,12,16608,16768,17248,103.8,TASK2T2,1,4.1,1,0,0.99975949313883,0.00024050686117008617
gaussian-0.25-seed-4,gaussian,0.25,4,[],csp_lda,sub-001_run-12_sample-17936,12,17936,18096,18576,112.1,TASK2T1,0,4.1,0,0,0.9985220936378041,0.0014779063621958672
gaussian-0.25-seed-4,gaussian,0.25,4,[],csp_lda,sub-001_run-12_sample-19264,12,19264,19424,19904,120.4,TASK2T2,1,4.1,1,0,0.836035344312847,0.163964655687153
gaussian-0.25-seed-4,gaussian,0.25,4,[],bandpower_lda,sub-001_run-12_sample-672,12,672,832,1312,4.2,TASK2T2,1,4.1,1,1,0.00946394281534424,0.9905360571846558
gaussian-0.25-seed-4,gaussian,0.25,4,[],bandpower_lda,sub-001_run-12_sample-2000,12,2000,2160,2640,12.5,TASK2T1,0,4.1,0,1,0.00013685601617541288,0.9998631439838246
gaussian-0.25-seed-4,gaussian,0.25,4,[],bandpower_lda,sub-001_run-12_sample-3328,12,3328,3488,3968,20.8,TASK2T2,1,4.1,1,1,0.00445867074350359,0.9955413292564964
gaussian-0.25-seed-4,gaussian,0.25,4,[],bandpower_lda,sub-001_run-12_sample-4656,12,4656,4816,5296,29.1,TASK2T1,0,4.1,0,1,0.0451000586094642,0.9548999413905358
gaussian-0.25-seed-4,gaussian,0.25,4,[],bandpower_lda,sub-001_run-12_sample-5984,12,5984,6144,6624,37.4,TASK2T1,0,4.1,0,1,0.01487538904546526,0.9851246109545347
gaussian-0.25-seed-4,gaussian,0.25,4,[],bandpower_lda,sub-001_run-12_sample-7312,12,7312,7472,7952,45.7,TASK2T2,1,4.1,1,1,1.118378722964053e-10,0.9999999998881621
gaussian-0.25-seed-4,gaussian,0.25,4,[],bandpower_lda,sub-001_run-12_sample-8640,12,8640,8800,9280,54.0,TASK2T2,1,4.1,1,1,4.464001647452864e-05,0.9999553599835255
gaussian-0.25-seed-4,gaussian,0.25,4,[],bandpower_lda,sub-001_run-12_sample-9968,12,9968,10128,10608,62.3,TASK2T1,0,4.1,0,1,1.745043953782499e-07,0.9999998254956046
gaussian-0.25-seed-4,gaussian,0.25,4,[],bandpower_lda,sub-001_run-12_sample-11296,12,11296,11456,11936,70.6,TASK2T1,0,4.1,0,1,6.107665040389065e-09,0.999999993892335
gaussian-0.25-seed-4,gaussian,0.25,4,[],bandpower_lda,sub-001_run-12_sample-12624,12,12624,12784,13264,78.9,TASK2T2,1,4.1,1,1,0.004385832237483234,0.9956141677625168
gaussian-0.25-seed-4,gaussian,0.25,4,[],bandpower_lda,sub-001_run-12_sample-13952,12,13952,14112,14592,87.2,TASK2T2,1,4.1,1,1,0.019818150867094153,0.9801818491329058
gaussian-0.25-seed-4,gaussian,0.25,4,[],bandpower_lda,sub-001_run-12_sample-15280,12,15280,15440,15920,95.5,TASK2T1,0,4.1,0,0,0.9833538231133944,0.016646176886605628
gaussian-0.25-seed-4,gaussian,0.25,4,[],bandpower_lda,sub-001_run-12_sample-16608,12,16608,16768,17248,103.8,TASK2T2,1,4.1,1,0,0.9985355324960145,0.0014644675039855136
gaussian-0.25-seed-4,gaussian,0.25,4,[],bandpower_lda,sub-001_run-12_sample-17936,12,17936,18096,18576,112.1,TASK2T1,0,4.1,0,0,0.9748832914404724,0.025116708559527624
gaussian-0.25-seed-4,gaussian,0.25,4,[],bandpower_lda,sub-001_run-12_sample-19264,12,19264,19424,19904,120.4,TASK2T2,1,4.1,1,1,0.3000008231241045,0.6999991768758955
gaussian-0.25-seed-5,gaussian,0.25,5,[],csp_lda,sub-001_run-12_sample-672,12,672,832,1312,4.2,TASK2T2,1,4.1,1,0,0.7925997234267605,0.20740027657323945
gaussian-0.25-seed-5,gaussian,0.25,5,[],csp_lda,sub-001_run-12_sample-2000,12,2000,2160,2640,12.5,TASK2T1,0,4.1,0,0,0.9554736447590235,0.0445263552409765
gaussian-0.25-seed-5,gaussian,0.25,5,[],csp_lda,sub-001_run-12_sample-3328,12,3328,3488,3968,20.8,TASK2T2,1,4.1,1,0,0.9826839619112221,0.017316038088777942
gaussian-0.25-seed-5,gaussian,0.25,5,[],csp_lda,sub-001_run-12_sample-4656,12,4656,4816,5296,29.1,TASK2T1,0,4.1,0,0,0.5026513449327394,0.49734865506726056
gaussian-0.25-seed-5,gaussian,0.25,5,[],csp_lda,sub-001_run-12_sample-5984,12,5984,6144,6624,37.4,TASK2T1,0,4.1,0,0,0.8875916483902097,0.11240835160979033
gaussian-0.25-seed-5,gaussian,0.25,5,[],csp_lda,sub-001_run-12_sample-7312,12,7312,7472,7952,45.7,TASK2T2,1,4.1,1,0,0.8159020456101009,0.18409795438989907
gaussian-0.25-seed-5,gaussian,0.25,5,[],csp_lda,sub-001_run-12_sample-8640,12,8640,8800,9280,54.0,TASK2T2,1,4.1,1,1,0.14768369966269157,0.8523163003373084
gaussian-0.25-seed-5,gaussian,0.25,5,[],csp_lda,sub-001_run-12_sample-9968,12,9968,10128,10608,62.3,TASK2T1,0,4.1,0,0,0.9745167804168404,0.025483219583159585
gaussian-0.25-seed-5,gaussian,0.25,5,[],csp_lda,sub-001_run-12_sample-11296,12,11296,11456,11936,70.6,TASK2T1,0,4.1,0,0,0.9993938214757098,0.0006061785242902831
gaussian-0.25-seed-5,gaussian,0.25,5,[],csp_lda,sub-001_run-12_sample-12624,12,12624,12784,13264,78.9,TASK2T2,1,4.1,1,0,0.9800665336113906,0.019933466388609367
gaussian-0.25-seed-5,gaussian,0.25,5,[],csp_lda,sub-001_run-12_sample-13952,12,13952,14112,14592,87.2,TASK2T2,1,4.1,1,0,0.9996158101665473,0.00038418983345268166
gaussian-0.25-seed-5,gaussian,0.25,5,[],csp_lda,sub-001_run-12_sample-15280,12,15280,15440,15920,95.5,TASK2T1,0,4.1,0,0,0.9999588068743221,4.1193125677807506e-05
gaussian-0.25-seed-5,gaussian,0.25,5,[],csp_lda,sub-001_run-12_sample-16608,12,16608,16768,17248,103.8,TASK2T2,1,4.1,1,0,0.9998782475211507,0.00012175247884932027
gaussian-0.25-seed-5,gaussian,0.25,5,[],csp_lda,sub-001_run-12_sample-17936,12,17936,18096,18576,112.1,TASK2T1,0,4.1,0,0,0.9979805282639659,0.0020194717360341487
gaussian-0.25-seed-5,gaussian,0.25,5,[],csp_lda,sub-001_run-12_sample-19264,12,19264,19424,19904,120.4,TASK2T2,1,4.1,1,0,0.900747168022119,0.09925283197788104
gaussian-0.25-seed-5,gaussian,0.25,5,[],bandpower_lda,sub-001_run-12_sample-672,12,672,832,1312,4.2,TASK2T2,1,4.1,1,1,0.01312316879462494,0.9868768312053751
gaussian-0.25-seed-5,gaussian,0.25,5,[],bandpower_lda,sub-001_run-12_sample-2000,12,2000,2160,2640,12.5,TASK2T1,0,4.1,0,1,0.0002466646024342767,0.9997533353975657
gaussian-0.25-seed-5,gaussian,0.25,5,[],bandpower_lda,sub-001_run-12_sample-3328,12,3328,3488,3968,20.8,TASK2T2,1,4.1,1,1,0.016016517709430467,0.9839834822905695
gaussian-0.25-seed-5,gaussian,0.25,5,[],bandpower_lda,sub-001_run-12_sample-4656,12,4656,4816,5296,29.1,TASK2T1,0,4.1,0,1,0.38270987693864955,0.6172901230613504
gaussian-0.25-seed-5,gaussian,0.25,5,[],bandpower_lda,sub-001_run-12_sample-5984,12,5984,6144,6624,37.4,TASK2T1,0,4.1,0,1,0.05571106885998811,0.9442889311400119
gaussian-0.25-seed-5,gaussian,0.25,5,[],bandpower_lda,sub-001_run-12_sample-7312,12,7312,7472,7952,45.7,TASK2T2,1,4.1,1,1,2.7255975254547593e-11,0.999999999972744
gaussian-0.25-seed-5,gaussian,0.25,5,[],bandpower_lda,sub-001_run-12_sample-8640,12,8640,8800,9280,54.0,TASK2T2,1,4.1,1,1,0.0010003311095486689,0.9989996688904513
gaussian-0.25-seed-5,gaussian,0.25,5,[],bandpower_lda,sub-001_run-12_sample-9968,12,9968,10128,10608,62.3,TASK2T1,0,4.1,0,1,1.3452056001339585e-06,0.9999986547943999
gaussian-0.25-seed-5,gaussian,0.25,5,[],bandpower_lda,sub-001_run-12_sample-11296,12,11296,11456,11936,70.6,TASK2T1,0,4.1,0,1,2.4266770815017935e-09,0.9999999975733229
gaussian-0.25-seed-5,gaussian,0.25,5,[],bandpower_lda,sub-001_run-12_sample-12624,12,12624,12784,13264,78.9,TASK2T2,1,4.1,1,1,0.019268791998506618,0.9807312080014934
gaussian-0.25-seed-5,gaussian,0.25,5,[],bandpower_lda,sub-001_run-12_sample-13952,12,13952,14112,14592,87.2,TASK2T2,1,4.1,1,1,0.08962728823164412,0.9103727117683559
gaussian-0.25-seed-5,gaussian,0.25,5,[],bandpower_lda,sub-001_run-12_sample-15280,12,15280,15440,15920,95.5,TASK2T1,0,4.1,0,0,0.9792533427924034,0.020746657207596657
gaussian-0.25-seed-5,gaussian,0.25,5,[],bandpower_lda,sub-001_run-12_sample-16608,12,16608,16768,17248,103.8,TASK2T2,1,4.1,1,0,0.9996820317249606,0.00031796827503934873
gaussian-0.25-seed-5,gaussian,0.25,5,[],bandpower_lda,sub-001_run-12_sample-17936,12,17936,18096,18576,112.1,TASK2T1,0,4.1,0,0,0.9770847604064564,0.022915239593543586
gaussian-0.25-seed-5,gaussian,0.25,5,[],bandpower_lda,sub-001_run-12_sample-19264,12,19264,19424,19904,120.4,TASK2T2,1,4.1,1,0,0.5254730073670131,0.47452699263298687
gaussian-0.25-seed-6,gaussian,0.25,6,[],csp_lda,sub-001_run-12_sample-672,12,672,832,1312,4.2,TASK2T2,1,4.1,1,1,0.2647094810083098,0.7352905189916902
gaussian-0.25-seed-6,gaussian,0.25,6,[],csp_lda,sub-001_run-12_sample-2000,12,2000,2160,2640,12.5,TASK2T1,0,4.1,0,0,0.8539343526209007,0.14606564737909938
gaussian-0.25-seed-6,gaussian,0.25,6,[],csp_lda,sub-001_run-12_sample-3328,12,3328,3488,3968,20.8,TASK2T2,1,4.1,1,0,0.9829684428529747,0.01703155714702526
gaussian-0.25-seed-6,gaussian,0.25,6,[],csp_lda,sub-001_run-12_sample-4656,12,4656,4816,5296,29.1,TASK2T1,0,4.1,0,0,0.548571863055527,0.4514281369444731
gaussian-0.25-seed-6,gaussian,0.25,6,[],csp_lda,sub-001_run-12_sample-5984,12,5984,6144,6624,37.4,TASK2T1,0,4.1,0,0,0.8447240597340467,0.1552759402659533
gaussian-0.25-seed-6,gaussian,0.25,6,[],csp_lda,sub-001_run-12_sample-7312,12,7312,7472,7952,45.7,TASK2T2,1,4.1,1,0,0.8870129173778536,0.11298708262214639
gaussian-0.25-seed-6,gaussian,0.25,6,[],csp_lda,sub-001_run-12_sample-8640,12,8640,8800,9280,54.0,TASK2T2,1,4.1,1,1,0.04825013676946199,0.951749863230538
gaussian-0.25-seed-6,gaussian,0.25,6,[],csp_lda,sub-001_run-12_sample-9968,12,9968,10128,10608,62.3,TASK2T1,0,4.1,0,0,0.9285795514484751,0.07142044855152481
gaussian-0.25-seed-6,gaussian,0.25,6,[],csp_lda,sub-001_run-12_sample-11296,12,11296,11456,11936,70.6,TASK2T1,0,4.1,0,0,0.9960430694256424,0.003956930574357627
gaussian-0.25-seed-6,gaussian,0.25,6,[],csp_lda,sub-001_run-12_sample-12624,12,12624,12784,13264,78.9,TASK2T2,1,4.1,1,0,0.98439906797216,0.015600932027839961
gaussian-0.25-seed-6,gaussian,0.25,6,[],csp_lda,sub-001_run-12_sample-13952,12,13952,14112,14592,87.2,TASK2T2,1,4.1,1,0,0.9995956956881394,0.0004043043118605738
gaussian-0.25-seed-6,gaussian,0.25,6,[],csp_lda,sub-001_run-12_sample-15280,12,15280,15440,15920,95.5,TASK2T1,0,4.1,0,0,0.9999026115944951,9.738840550491217e-05
gaussian-0.25-seed-6,gaussian,0.25,6,[],csp_lda,sub-001_run-12_sample-16608,12,16608,16768,17248,103.8,TASK2T2,1,4.1,1,0,0.9996911905697533,0.000308809430246739
gaussian-0.25-seed-6,gaussian,0.25,6,[],csp_lda,sub-001_run-12_sample-17936,12,17936,18096,18576,112.1,TASK2T1,0,4.1,0,0,0.9970566768034002,0.0029433231965998977
gaussian-0.25-seed-6,gaussian,0.25,6,[],csp_lda,sub-001_run-12_sample-19264,12,19264,19424,19904,120.4,TASK2T2,1,4.1,1,0,0.7815293862423773,0.2184706137576226
gaussian-0.25-seed-6,gaussian,0.25,6,[],bandpower_lda,sub-001_run-12_sample-672,12,672,832,1312,4.2,TASK2T2,1,4.1,1,1,0.024347604631657083,0.9756523953683429
gaussian-0.25-seed-6,gaussian,0.25,6,[],bandpower_lda,sub-001_run-12_sample-2000,12,2000,2160,2640,12.5,TASK2T1,0,4.1,0,1,0.00032095976151702565,0.999679040238483
gaussian-0.25-seed-6,gaussian,0.25,6,[],bandpower_lda,sub-001_run-12_sample-3328,12,3328,3488,3968,20.8,TASK2T2,1,4.1,1,1,0.017757509165891694,0.9822424908341083
gaussian-0.25-seed-6,gaussian,0.25,6,[],bandpower_lda,sub-001_run-12_sample-4656,12,4656,4816,5296,29.1,TASK2T1,0,4.1,0,0,0.9178728424475967,0.08212715755240328
gaussian-0.25-seed-6,gaussian,0.25,6,[],bandpower_lda,sub-001_run-12_sample-5984,12,5984,6144,6624,37.4,TASK2T1,0,4.1,0,1,0.008197242516659875,0.9918027574833401
gaussian-0.25-seed-6,gaussian,0.25,6,[],bandpower_lda,sub-001_run-12_sample-7312,12,7312,7472,7952,45.7,TASK2T2,1,4.1,1,1,5.292135618617522e-10,0.9999999994707864
gaussian-0.25-seed-6,gaussian,0.25,6,[],bandpower_lda,sub-001_run-12_sample-8640,12,8640,8800,9280,54.0,TASK2T2,1,4.1,1,1,3.7482241256103777e-05,0.9999625177587439
gaussian-0.25-seed-6,gaussian,0.25,6,[],bandpower_lda,sub-001_run-12_sample-9968,12,9968,10128,10608,62.3,TASK2T1,0,4.1,0,1,2.523614870630908e-06,0.9999974763851294
gaussian-0.25-seed-6,gaussian,0.25,6,[],bandpower_lda,sub-001_run-12_sample-11296,12,11296,11456,11936,70.6,TASK2T1,0,4.1,0,1,1.0717671194981904e-10,0.9999999998928233
gaussian-0.25-seed-6,gaussian,0.25,6,[],bandpower_lda,sub-001_run-12_sample-12624,12,12624,12784,13264,78.9,TASK2T2,1,4.1,1,1,0.008733583448145565,0.9912664165518544
gaussian-0.25-seed-6,gaussian,0.25,6,[],bandpower_lda,sub-001_run-12_sample-13952,12,13952,14112,14592,87.2,TASK2T2,1,4.1,1,1,0.0854855761897354,0.9145144238102646
gaussian-0.25-seed-6,gaussian,0.25,6,[],bandpower_lda,sub-001_run-12_sample-15280,12,15280,15440,15920,95.5,TASK2T1,0,4.1,0,0,0.9672898935502249,0.03271010644977512
gaussian-0.25-seed-6,gaussian,0.25,6,[],bandpower_lda,sub-001_run-12_sample-16608,12,16608,16768,17248,103.8,TASK2T2,1,4.1,1,0,0.9956284192485877,0.004371580751412269
gaussian-0.25-seed-6,gaussian,0.25,6,[],bandpower_lda,sub-001_run-12_sample-17936,12,17936,18096,18576,112.1,TASK2T1,0,4.1,0,0,0.9372814048850898,0.06271859511491014
gaussian-0.25-seed-6,gaussian,0.25,6,[],bandpower_lda,sub-001_run-12_sample-19264,12,19264,19424,19904,120.4,TASK2T2,1,4.1,1,1,0.04425808553934796,0.955741914460652
gaussian-0.25-seed-7,gaussian,0.25,7,[],csp_lda,sub-001_run-12_sample-672,12,672,832,1312,4.2,TASK2T2,1,4.1,1,1,0.26097285250297375,0.7390271474970262
gaussian-0.25-seed-7,gaussian,0.25,7,[],csp_lda,sub-001_run-12_sample-2000,12,2000,2160,2640,12.5,TASK2T1,0,4.1,0,0,0.6269751674975783,0.3730248325024217
gaussian-0.25-seed-7,gaussian,0.25,7,[],csp_lda,sub-001_run-12_sample-3328,12,3328,3488,3968,20.8,TASK2T2,1,4.1,1,0,0.9812853967031062,0.01871460329689382
gaussian-0.25-seed-7,gaussian,0.25,7,[],csp_lda,sub-001_run-12_sample-4656,12,4656,4816,5296,29.1,TASK2T1,0,4.1,0,1,0.4331610053549152,0.5668389946450848
gaussian-0.25-seed-7,gaussian,0.25,7,[],csp_lda,sub-001_run-12_sample-5984,12,5984,6144,6624,37.4,TASK2T1,0,4.1,0,0,0.9481590147439977,0.051840985256002295
gaussian-0.25-seed-7,gaussian,0.25,7,[],csp_lda,sub-001_run-12_sample-7312,12,7312,7472,7952,45.7,TASK2T2,1,4.1,1,0,0.7944441382569893,0.2055558617430106
gaussian-0.25-seed-7,gaussian,0.25,7,[],csp_lda,sub-001_run-12_sample-8640,12,8640,8800,9280,54.0,TASK2T2,1,4.1,1,1,0.035278031435287294,0.9647219685647127
gaussian-0.25-seed-7,gaussian,0.25,7,[],csp_lda,sub-001_run-12_sample-9968,12,9968,10128,10608,62.3,TASK2T1,0,4.1,0,0,0.9175613634612787,0.08243863653872135
gaussian-0.25-seed-7,gaussian,0.25,7,[],csp_lda,sub-001_run-12_sample-11296,12,11296,11456,11936,70.6,TASK2T1,0,4.1,0,0,0.9935483326534359,0.006451667346564106
gaussian-0.25-seed-7,gaussian,0.25,7,[],csp_lda,sub-001_run-12_sample-12624,12,12624,12784,13264,78.9,TASK2T2,1,4.1,1,0,0.9903802642438376,0.009619735756162352
gaussian-0.25-seed-7,gaussian,0.25,7,[],csp_lda,sub-001_run-12_sample-13952,12,13952,14112,14592,87.2,TASK2T2,1,4.1,1,0,0.9977569863082707,0.0022430136917293035
gaussian-0.25-seed-7,gaussian,0.25,7,[],csp_lda,sub-001_run-12_sample-15280,12,15280,15440,15920,95.5,TASK2T1,0,4.1,0,0,0.9999110002166349,8.899978336502504e-05
gaussian-0.25-seed-7,gaussian,0.25,7,[],csp_lda,sub-001_run-12_sample-16608,12,16608,16768,17248,103.8,TASK2T2,1,4.1,1,0,0.9996543858620788,0.00034561413792127304
gaussian-0.25-seed-7,gaussian,0.25,7,[],csp_lda,sub-001_run-12_sample-17936,12,17936,18096,18576,112.1,TASK2T1,0,4.1,0,0,0.9994634831238247,0.000536516876175282
gaussian-0.25-seed-7,gaussian,0.25,7,[],csp_lda,sub-001_run-12_sample-19264,12,19264,19424,19904,120.4,TASK2T2,1,4.1,1,0,0.8860707368301102,0.11392926316988983
gaussian-0.25-seed-7,gaussian,0.25,7,[],bandpower_lda,sub-001_run-12_sample-672,12,672,832,1312,4.2,TASK2T2,1,4.1,1,1,0.006677845011985872,0.9933221549880141
gaussian-0.25-seed-7,gaussian,0.25,7,[],bandpower_lda,sub-001_run-12_sample-2000,12,2000,2160,2640,12.5,TASK2T1,0,4.1,0,1,0.0013141658788031751,0.9986858341211968
gaussian-0.25-seed-7,gaussian,0.25,7,[],bandpower_lda,sub-001_run-12_sample-3328,12,3328,3488,3968,20.8,TASK2T2,1,4.1,1,1,0.0005890983541302353,0.9994109016458698
gaussian-0.25-seed-7,gaussian,0.25,7,[],bandpower_lda,sub-001_run-12_sample-4656,12,4656,4816,5296,29.1,TASK2T1,0,4.1,0,1,0.40953925528332147,0.5904607447166785
gaussian-0.25-seed-7,gaussian,0.25,7,[],bandpower_lda,sub-001_run-12_sample-5984,12,5984,6144,6624,37.4,TASK2T1,0,4.1,0,1,0.005238390767420498,0.9947616092325795
gaussian-0.25-seed-7,gaussian,0.25,7,[],bandpower_lda,sub-001_run-12_sample-7312,12,7312,7472,7952,45.7,TASK2T2,1,4.1,1,1,3.509215140695687e-11,0.9999999999649078
gaussian-0.25-seed-7,gaussian,0.25,7,[],bandpower_lda,sub-001_run-12_sample-8640,12,8640,8800,9280,54.0,TASK2T2,1,4.1,1,1,9.781107028095093e-05,0.999902188929719
gaussian-0.25-seed-7,gaussian,0.25,7,[],bandpower_lda,sub-001_run-12_sample-9968,12,9968,10128,10608,62.3,TASK2T1,0,4.1,0,1,3.6878100984072404e-07,0.9999996312189902
gaussian-0.25-seed-7,gaussian,0.25,7,[],bandpower_lda,sub-001_run-12_sample-11296,12,11296,11456,11936,70.6,TASK2T1,0,4.1,0,1,1.2918325964506039e-08,0.999999987081674
gaussian-0.25-seed-7,gaussian,0.25,7,[],bandpower_lda,sub-001_run-12_sample-12624,12,12624,12784,13264,78.9,TASK2T2,1,4.1,1,1,0.012942291011286411,0.9870577089887136
gaussian-0.25-seed-7,gaussian,0.25,7,[],bandpower_lda,sub-001_run-12_sample-13952,12,13952,14112,14592,87.2,TASK2T2,1,4.1,1,1,0.15250865004074077,0.8474913499592592
gaussian-0.25-seed-7,gaussian,0.25,7,[],bandpower_lda,sub-001_run-12_sample-15280,12,15280,15440,15920,95.5,TASK2T1,0,4.1,0,0,0.9921656171926231,0.007834382807376961
gaussian-0.25-seed-7,gaussian,0.25,7,[],bandpower_lda,sub-001_run-12_sample-16608,12,16608,16768,17248,103.8,TASK2T2,1,4.1,1,0,0.9979104914415088,0.0020895085584912297
gaussian-0.25-seed-7,gaussian,0.25,7,[],bandpower_lda,sub-001_run-12_sample-17936,12,17936,18096,18576,112.1,TASK2T1,0,4.1,0,0,0.9824131577469167,0.017586842253083317
gaussian-0.25-seed-7,gaussian,0.25,7,[],bandpower_lda,sub-001_run-12_sample-19264,12,19264,19424,19904,120.4,TASK2T2,1,4.1,1,1,0.008384441614543547,0.9916155583854565
gaussian-0.25-seed-8,gaussian,0.25,8,[],csp_lda,sub-001_run-12_sample-672,12,672,832,1312,4.2,TASK2T2,1,4.1,1,1,0.3455059862627755,0.6544940137372245
gaussian-0.25-seed-8,gaussian,0.25,8,[],csp_lda,sub-001_run-12_sample-2000,12,2000,2160,2640,12.5,TASK2T1,0,4.1,0,1,0.23327154294034314,0.7667284570596569
gaussian-0.25-seed-8,gaussian,0.25,8,[],csp_lda,sub-001_run-12_sample-3328,12,3328,3488,3968,20.8,TASK2T2,1,4.1,1,0,0.9903717176344111,0.0096282823655889
gaussian-0.25-seed-8,gaussian,0.25,8,[],csp_lda,sub-001_run-12_sample-4656,12,4656,4816,5296,29.1,TASK2T1,0,4.1,0,0,0.5728475720676438,0.4271524279323562
gaussian-0.25-seed-8,gaussian,0.25,8,[],csp_lda,sub-001_run-12_sample-5984,12,5984,6144,6624,37.4,TASK2T1,0,4.1,0,0,0.7063831890134917,0.29361681098650827
gaussian-0.25-seed-8,gaussian,0.25,8,[],csp_lda,sub-001_run-12_sample-7312,12,7312,7472,7952,45.7,TASK2T2,1,4.1,1,0,0.9109840842760806,0.08901591572391937
gaussian-0.25-seed-8,gaussian,0.25,8,[],csp_lda,sub-001_run-12_sample-8640,12,8640,8800,9280,54.0,TASK2T2,1,4.1,1,1,0.020320640782278132,0.9796793592177219
gaussian-0.25-seed-8,gaussian,0.25,8,[],csp_lda,sub-001_run-12_sample-9968,12,9968,10128,10608,62.3,TASK2T1,0,4.1,0,0,0.981581594055561,0.018418405944438956
gaussian-0.25-seed-8,gaussian,0.25,8,[],csp_lda,sub-001_run-12_sample-11296,12,11296,11456,11936,70.6,TASK2T1,0,4.1,0,0,0.9987686839964326,0.001231316003567421
gaussian-0.25-seed-8,gaussian,0.25,8,[],csp_lda,sub-001_run-12_sample-12624,12,12624,12784,13264,78.9,TASK2T2,1,4.1,1,0,0.9956648365104566,0.004335163489543387
gaussian-0.25-seed-8,gaussian,0.25,8,[],csp_lda,sub-001_run-12_sample-13952,12,13952,14112,14592,87.2,TASK2T2,1,4.1,1,0,0.9982020736497035,0.0017979263502965587
gaussian-0.25-seed-8,gaussian,0.25,8,[],csp_lda,sub-001_run-12_sample-15280,12,15280,15440,15920,95.5,TASK2T1,0,4.1,0,0,0.9998888713551433,0.00011112864485672987
gaussian-0.25-seed-8,gaussian,0.25,8,[],csp_lda,sub-001_run-12_sample-16608,12,16608,16768,17248,103.8,TASK2T2,1,4.1,1,0,0.9998246154433459,0.00017538455665410874
gaussian-0.25-seed-8,gaussian,0.25,8,[],csp_lda,sub-001_run-12_sample-17936,12,17936,18096,18576,112.1,TASK2T1,0,4.1,0,0,0.9956502855767662,0.00434971442323379
gaussian-0.25-seed-8,gaussian,0.25,8,[],csp_lda,sub-001_run-12_sample-19264,12,19264,19424,19904,120.4,TASK2T2,1,4.1,1,0,0.8426039986293834,0.15739600137061666
gaussian-0.25-seed-8,gaussian,0.25,8,[],bandpower_lda,sub-001_run-12_sample-672,12,672,832,1312,4.2,TASK2T2,1,4.1,1,1,0.007957117027055038,0.992042882972945
gaussian-0.25-seed-8,gaussian,0.25,8,[],bandpower_lda,sub-001_run-12_sample-2000,12,2000,2160,2640,12.5,TASK2T1,0,4.1,0,1,1.6059607412244326e-05,0.9999839403925878
gaussian-0.25-seed-8,gaussian,0.25,8,[],bandpower_lda,sub-001_run-12_sample-3328,12,3328,3488,3968,20.8,TASK2T2,1,4.1,1,1,8.051877470782731e-05,0.9999194812252922
gaussian-0.25-seed-8,gaussian,0.25,8,[],bandpower_lda,sub-001_run-12_sample-4656,12,4656,4816,5296,29.1,TASK2T1,0,4.1,0,1,0.03431345552937637,0.9656865444706236
gaussian-0.25-seed-8,gaussian,0.25,8,[],bandpower_lda,sub-001_run-12_sample-5984,12,5984,6144,6624,37.4,TASK2T1,0,4.1,0,1,0.00306952329587995,0.99693047670412
gaussian-0.25-seed-8,gaussian,0.25,8,[],bandpower_lda,sub-001_run-12_sample-7312,12,7312,7472,7952,45.7,TASK2T2,1,4.1,1,1,2.2737567384467638e-10,0.9999999997726243
gaussian-0.25-seed-8,gaussian,0.25,8,[],bandpower_lda,sub-001_run-12_sample-8640,12,8640,8800,9280,54.0,TASK2T2,1,4.1,1,1,0.0003503049296239569,0.999649695070376
gaussian-0.25-seed-8,gaussian,0.25,8,[],bandpower_lda,sub-001_run-12_sample-9968,12,9968,10128,10608,62.3,TASK2T1,0,4.1,0,1,1.3286190000183495e-05,0.9999867138099998
gaussian-0.25-seed-8,gaussian,0.25,8,[],bandpower_lda,sub-001_run-12_sample-11296,12,11296,11456,11936,70.6,TASK2T1,0,4.1,0,1,2.3846284946671403e-09,0.9999999976153715
gaussian-0.25-seed-8,gaussian,0.25,8,[],bandpower_lda,sub-001_run-12_sample-12624,12,12624,12784,13264,78.9,TASK2T2,1,4.1,1,1,0.014062341795516242,0.9859376582044838
gaussian-0.25-seed-8,gaussian,0.25,8,[],bandpower_lda,sub-001_run-12_sample-13952,12,13952,14112,14592,87.2,TASK2T2,1,4.1,1,1,0.007897926412719025,0.992102073587281
gaussian-0.25-seed-8,gaussian,0.25,8,[],bandpower_lda,sub-001_run-12_sample-15280,12,15280,15440,15920,95.5,TASK2T1,0,4.1,0,0,0.9907662184421573,0.00923378155784274
gaussian-0.25-seed-8,gaussian,0.25,8,[],bandpower_lda,sub-001_run-12_sample-16608,12,16608,16768,17248,103.8,TASK2T2,1,4.1,1,0,0.9995390345084421,0.0004609654915579716
gaussian-0.25-seed-8,gaussian,0.25,8,[],bandpower_lda,sub-001_run-12_sample-17936,12,17936,18096,18576,112.1,TASK2T1,0,4.1,0,0,0.8195835352585394,0.18041646474146053
gaussian-0.25-seed-8,gaussian,0.25,8,[],bandpower_lda,sub-001_run-12_sample-19264,12,19264,19424,19904,120.4,TASK2T2,1,4.1,1,0,0.6303705722579525,0.3696294277420475
gaussian-0.25-seed-9,gaussian,0.25,9,[],csp_lda,sub-001_run-12_sample-672,12,672,832,1312,4.2,TASK2T2,1,4.1,1,0,0.5401267832595285,0.4598732167404715
gaussian-0.25-seed-9,gaussian,0.25,9,[],csp_lda,sub-001_run-12_sample-2000,12,2000,2160,2640,12.5,TASK2T1,0,4.1,0,1,0.45972027137178606,0.5402797286282139
gaussian-0.25-seed-9,gaussian,0.25,9,[],csp_lda,sub-001_run-12_sample-3328,12,3328,3488,3968,20.8,TASK2T2,1,4.1,1,0,0.9268097076283608,0.07319029237163921
gaussian-0.25-seed-9,gaussian,0.25,9,[],csp_lda,sub-001_run-12_sample-4656,12,4656,4816,5296,29.1,TASK2T1,0,4.1,0,0,0.754599113814078,0.24540088618592204
gaussian-0.25-seed-9,gaussian,0.25,9,[],csp_lda,sub-001_run-12_sample-5984,12,5984,6144,6624,37.4,TASK2T1,0,4.1,0,0,0.9616861684722848,0.03831383152771514
gaussian-0.25-seed-9,gaussian,0.25,9,[],csp_lda,sub-001_run-12_sample-7312,12,7312,7472,7952,45.7,TASK2T2,1,4.1,1,0,0.8862552911949039,0.11374470880509614
gaussian-0.25-seed-9,gaussian,0.25,9,[],csp_lda,sub-001_run-12_sample-8640,12,8640,8800,9280,54.0,TASK2T2,1,4.1,1,1,0.05445534482768999,0.94554465517231
gaussian-0.25-seed-9,gaussian,0.25,9,[],csp_lda,sub-001_run-12_sample-9968,12,9968,10128,10608,62.3,TASK2T1,0,4.1,0,0,0.9031783614278273,0.09682163857217273
gaussian-0.25-seed-9,gaussian,0.25,9,[],csp_lda,sub-001_run-12_sample-11296,12,11296,11456,11936,70.6,TASK2T1,0,4.1,0,0,0.9983356561107343,0.0016643438892657322
gaussian-0.25-seed-9,gaussian,0.25,9,[],csp_lda,sub-001_run-12_sample-12624,12,12624,12784,13264,78.9,TASK2T2,1,4.1,1,0,0.9820828424657768,0.017917157534223224
gaussian-0.25-seed-9,gaussian,0.25,9,[],csp_lda,sub-001_run-12_sample-13952,12,13952,14112,14592,87.2,TASK2T2,1,4.1,1,0,0.9959128246275912,0.0040871753724087264
gaussian-0.25-seed-9,gaussian,0.25,9,[],csp_lda,sub-001_run-12_sample-15280,12,15280,15440,15920,95.5,TASK2T1,0,4.1,0,0,0.9999041923047222,9.580769527787182e-05
gaussian-0.25-seed-9,gaussian,0.25,9,[],csp_lda,sub-001_run-12_sample-16608,12,16608,16768,17248,103.8,TASK2T2,1,4.1,1,0,0.9996246915215782,0.00037530847842181153
gaussian-0.25-seed-9,gaussian,0.25,9,[],csp_lda,sub-001_run-12_sample-17936,12,17936,18096,18576,112.1,TASK2T1,0,4.1,0,0,0.9990293381840671,0.0009706618159329019
gaussian-0.25-seed-9,gaussian,0.25,9,[],csp_lda,sub-001_run-12_sample-19264,12,19264,19424,19904,120.4,TASK2T2,1,4.1,1,0,0.7542740681313028,0.2457259318686972
gaussian-0.25-seed-9,gaussian,0.25,9,[],bandpower_lda,sub-001_run-12_sample-672,12,672,832,1312,4.2,TASK2T2,1,4.1,1,1,0.016048491470875836,0.9839515085291242
gaussian-0.25-seed-9,gaussian,0.25,9,[],bandpower_lda,sub-001_run-12_sample-2000,12,2000,2160,2640,12.5,TASK2T1,0,4.1,0,1,0.0012188733193854162,0.9987811266806146
gaussian-0.25-seed-9,gaussian,0.25,9,[],bandpower_lda,sub-001_run-12_sample-3328,12,3328,3488,3968,20.8,TASK2T2,1,4.1,1,1,0.0011467741481705485,0.9988532258518295
gaussian-0.25-seed-9,gaussian,0.25,9,[],bandpower_lda,sub-001_run-12_sample-4656,12,4656,4816,5296,29.1,TASK2T1,0,4.1,0,0,0.8568525427779053,0.14314745722209468
gaussian-0.25-seed-9,gaussian,0.25,9,[],bandpower_lda,sub-001_run-12_sample-5984,12,5984,6144,6624,37.4,TASK2T1,0,4.1,0,1,0.025903993163888472,0.9740960068361115
gaussian-0.25-seed-9,gaussian,0.25,9,[],bandpower_lda,sub-001_run-12_sample-7312,12,7312,7472,7952,45.7,TASK2T2,1,4.1,1,1,3.4697356099400167e-10,0.9999999996530264
gaussian-0.25-seed-9,gaussian,0.25,9,[],bandpower_lda,sub-001_run-12_sample-8640,12,8640,8800,9280,54.0,TASK2T2,1,4.1,1,1,2.4170267587386718e-06,0.9999975829732413
gaussian-0.25-seed-9,gaussian,0.25,9,[],bandpower_lda,sub-001_run-12_sample-9968,12,9968,10128,10608,62.3,TASK2T1,0,4.1,0,1,9.789934714676818e-06,0.9999902100652853
gaussian-0.25-seed-9,gaussian,0.25,9,[],bandpower_lda,sub-001_run-12_sample-11296,12,11296,11456,11936,70.6,TASK2T1,0,4.1,0,1,1.954078610033605e-07,0.999999804592139
gaussian-0.25-seed-9,gaussian,0.25,9,[],bandpower_lda,sub-001_run-12_sample-12624,12,12624,12784,13264,78.9,TASK2T2,1,4.1,1,1,0.0021227310155976786,0.9978772689844023
gaussian-0.25-seed-9,gaussian,0.25,9,[],bandpower_lda,sub-001_run-12_sample-13952,12,13952,14112,14592,87.2,TASK2T2,1,4.1,1,1,0.2683483686208177,0.7316516313791823
gaussian-0.25-seed-9,gaussian,0.25,9,[],bandpower_lda,sub-001_run-12_sample-15280,12,15280,15440,15920,95.5,TASK2T1,0,4.1,0,0,0.9642778437151229,0.035722156284877044
gaussian-0.25-seed-9,gaussian,0.25,9,[],bandpower_lda,sub-001_run-12_sample-16608,12,16608,16768,17248,103.8,TASK2T2,1,4.1,1,0,0.9969351175005959,0.003064882499404056
gaussian-0.25-seed-9,gaussian,0.25,9,[],bandpower_lda,sub-001_run-12_sample-17936,12,17936,18096,18576,112.1,TASK2T1,0,4.1,0,0,0.9986045045876367,0.001395495412363276
gaussian-0.25-seed-9,gaussian,0.25,9,[],bandpower_lda,sub-001_run-12_sample-19264,12,19264,19424,19904,120.4,TASK2T2,1,4.1,1,1,0.020540277967278975,0.979459722032721
gaussian-0.5-seed-0,gaussian,0.5,0,[],csp_lda,sub-001_run-12_sample-672,12,672,832,1312,4.2,TASK2T2,1,4.1,1,0,0.9964391059719345,0.003560894028065513
gaussian-0.5-seed-0,gaussian,0.5,0,[],csp_lda,sub-001_run-12_sample-2000,12,2000,2160,2640,12.5,TASK2T1,0,4.1,0,0,0.9990966824632428,0.0009033175367571915
gaussian-0.5-seed-0,gaussian,0.5,0,[],csp_lda,sub-001_run-12_sample-3328,12,3328,3488,3968,20.8,TASK2T2,1,4.1,1,0,0.9944089211810657,0.005591078818934305
gaussian-0.5-seed-0,gaussian,0.5,0,[],csp_lda,sub-001_run-12_sample-4656,12,4656,4816,5296,29.1,TASK2T1,0,4.1,0,0,0.9970494395235155,0.00295056047648441
gaussian-0.5-seed-0,gaussian,0.5,0,[],csp_lda,sub-001_run-12_sample-5984,12,5984,6144,6624,37.4,TASK2T1,0,4.1,0,0,0.9933339006445806,0.006666099355419368
gaussian-0.5-seed-0,gaussian,0.5,0,[],csp_lda,sub-001_run-12_sample-7312,12,7312,7472,7952,45.7,TASK2T2,1,4.1,1,0,0.9998137339942967,0.00018626600570321677
gaussian-0.5-seed-0,gaussian,0.5,0,[],csp_lda,sub-001_run-12_sample-8640,12,8640,8800,9280,54.0,TASK2T2,1,4.1,1,0,0.948665577162162,0.051334422837837984
gaussian-0.5-seed-0,gaussian,0.5,0,[],csp_lda,sub-001_run-12_sample-9968,12,9968,10128,10608,62.3,TASK2T1,0,4.1,0,0,0.9993701605833994,0.0006298394166005635
gaussian-0.5-seed-0,gaussian,0.5,0,[],csp_lda,sub-001_run-12_sample-11296,12,11296,11456,11936,70.6,TASK2T1,0,4.1,0,0,0.999523463776518,0.00047653622348202445
gaussian-0.5-seed-0,gaussian,0.5,0,[],csp_lda,sub-001_run-12_sample-12624,12,12624,12784,13264,78.9,TASK2T2,1,4.1,1,0,0.9999690221344559,3.0977865544083914e-05
gaussian-0.5-seed-0,gaussian,0.5,0,[],csp_lda,sub-001_run-12_sample-13952,12,13952,14112,14592,87.2,TASK2T2,1,4.1,1,0,0.9993526662489719,0.0006473337510281065
gaussian-0.5-seed-0,gaussian,0.5,0,[],csp_lda,sub-001_run-12_sample-15280,12,15280,15440,15920,95.5,TASK2T1,0,4.1,0,0,0.9999863513730083,1.3648626991689923e-05
gaussian-0.5-seed-0,gaussian,0.5,0,[],csp_lda,sub-001_run-12_sample-16608,12,16608,16768,17248,103.8,TASK2T2,1,4.1,1,0,0.9999699787362467,3.0021263753313202e-05
gaussian-0.5-seed-0,gaussian,0.5,0,[],csp_lda,sub-001_run-12_sample-17936,12,17936,18096,18576,112.1,TASK2T1,0,4.1,0,0,0.9999478460229195,5.2153977080526805e-05
gaussian-0.5-seed-0,gaussian,0.5,0,[],csp_lda,sub-001_run-12_sample-19264,12,19264,19424,19904,120.4,TASK2T2,1,4.1,1,0,0.9937641520421073,0.006235847957892634
gaussian-0.5-seed-0,gaussian,0.5,0,[],bandpower_lda,sub-001_run-12_sample-672,12,672,832,1312,4.2,TASK2T2,1,4.1,1,1,5.953082327980752e-06,0.999994046917672
gaussian-0.5-seed-0,gaussian,0.5,0,[],bandpower_lda,sub-001_run-12_sample-2000,12,2000,2160,2640,12.5,TASK2T1,0,4.1,0,1,1.3274806143215301e-08,0.9999999867251939
gaussian-0.5-seed-0,gaussian,0.5,0,[],bandpower_lda,sub-001_run-12_sample-3328,12,3328,3488,3968,20.8,TASK2T2,1,4.1,1,1,2.3810474847341112e-07,0.9999997618952515
gaussian-0.5-seed-0,gaussian,0.5,0,[],bandpower_lda,sub-001_run-12_sample-4656,12,4656,4816,5296,29.1,TASK2T1,0,4.1,0,1,2.7388052470378454e-07,0.9999997261194753
gaussian-0.5-seed-0,gaussian,0.5,0,[],bandpower_lda,sub-001_run-12_sample-5984,12,5984,6144,6624,37.4,TASK2T1,0,4.1,0,1,5.661378675858586e-07,0.9999994338621324
gaussian-0.5-seed-0,gaussian,0.5,0,[],bandpower_lda,sub-001_run-12_sample-7312,12,7312,7472,7952,45.7,TASK2T2,1,4.1,1,1,4.319655744211559e-12,0.9999999999956803
gaussian-0.5-seed-0,gaussian,0.5,0,[],bandpower_lda,sub-001_run-12_sample-8640,12,8640,8800,9280,54.0,TASK2T2,1,4.1,1,1,3.043287843951248e-10,0.9999999996956712
gaussian-0.5-seed-0,gaussian,0.5,0,[],bandpower_lda,sub-001_run-12_sample-9968,12,9968,10128,10608,62.3,TASK2T1,0,4.1,0,1,2.9333595552571978e-08,0.9999999706664044
gaussian-0.5-seed-0,gaussian,0.5,0,[],bandpower_lda,sub-001_run-12_sample-11296,12,11296,11456,11936,70.6,TASK2T1,0,4.1,0,1,9.584111282379126e-12,0.9999999999904159
gaussian-0.5-seed-0,gaussian,0.5,0,[],bandpower_lda,sub-001_run-12_sample-12624,12,12624,12784,13264,78.9,TASK2T2,1,4.1,1,1,1.748597911632732e-05,0.9999825140208837
gaussian-0.5-seed-0,gaussian,0.5,0,[],bandpower_lda,sub-001_run-12_sample-13952,12,13952,14112,14592,87.2,TASK2T2,1,4.1,1,1,3.647422683172863e-05,0.9999635257731683
gaussian-0.5-seed-0,gaussian,0.5,0,[],bandpower_lda,sub-001_run-12_sample-15280,12,15280,15440,15920,95.5,TASK2T1,0,4.1,0,1,1.455775783432145e-05,0.9999854422421657
gaussian-0.5-seed-0,gaussian,0.5,0,[],bandpower_lda,sub-001_run-12_sample-16608,12,16608,16768,17248,103.8,TASK2T2,1,4.1,1,1,0.08738549458317735,0.9126145054168227
gaussian-0.5-seed-0,gaussian,0.5,0,[],bandpower_lda,sub-001_run-12_sample-17936,12,17936,18096,18576,112.1,TASK2T1,0,4.1,0,1,0.0006601439755185012,0.9993398560244815
gaussian-0.5-seed-0,gaussian,0.5,0,[],bandpower_lda,sub-001_run-12_sample-19264,12,19264,19424,19904,120.4,TASK2T2,1,4.1,1,1,1.7761479300326677e-05,0.9999822385206997
gaussian-0.5-seed-1,gaussian,0.5,1,[],csp_lda,sub-001_run-12_sample-672,12,672,832,1312,4.2,TASK2T2,1,4.1,1,0,0.9910137227136278,0.008986277286372212
gaussian-0.5-seed-1,gaussian,0.5,1,[],csp_lda,sub-001_run-12_sample-2000,12,2000,2160,2640,12.5,TASK2T1,0,4.1,0,0,0.9956526534484562,0.004347346551543834
gaussian-0.5-seed-1,gaussian,0.5,1,[],csp_lda,sub-001_run-12_sample-3328,12,3328,3488,3968,20.8,TASK2T2,1,4.1,1,0,0.9999191329168874,8.086708311266426e-05
gaussian-0.5-seed-1,gaussian,0.5,1,[],csp_lda,sub-001_run-12_sample-4656,12,4656,4816,5296,29.1,TASK2T1,0,4.1,0,0,0.9981451277306236,0.001854872269376416
gaussian-0.5-seed-1,gaussian,0.5,1,[],csp_lda,sub-001_run-12_sample-5984,12,5984,6144,6624,37.4,TASK2T1,0,4.1,0,0,0.9999079549716875,9.204502831244991e-05
gaussian-0.5-seed-1,gaussian,0.5,1,[],csp_lda,sub-001_run-12_sample-7312,12,7312,7472,7952,45.7,TASK2T2,1,4.1,1,0,0.998234212583057,0.0017657874169430523
gaussian-0.5-seed-1,gaussian,0.5,1,[],csp_lda,sub-001_run-12_sample-8640,12,8640,8800,9280,54.0,TASK2T2,1,4.1,1,0,0.9523993106316163,0.04760068936838373
gaussian-0.5-seed-1,gaussian,0.5,1,[],csp_lda,sub-001_run-12_sample-9968,12,9968,10128,10608,62.3,TASK2T1,0,4.1,0,0,0.9995566863849069,0.0004433136150931293
gaussian-0.5-seed-1,gaussian,0.5,1,[],csp_lda,sub-001_run-12_sample-11296,12,11296,11456,11936,70.6,TASK2T1,0,4.1,0,0,0.9998521856374338,0.00014781436256612102
gaussian-0.5-seed-1,gaussian,0.5,1,[],csp_lda,sub-001_run-12_sample-12624,12,12624,12784,13264,78.9,TASK2T2,1,4.1,1,0,0.9995628220497939,0.0004371779502061036
gaussian-0.5-seed-1,gaussian,0.5,1,[],csp_lda,sub-001_run-12_sample-13952,12,13952,14112,14592,87.2,TASK2T2,1,4.1,1,0,0.99979516711278,0.00020483288722000244
gaussian-0.5-seed-1,gaussian,0.5,1,[],csp_lda,sub-001_run-12_sample-15280,12,15280,15440,15920,95.5,TASK2T1,0,4.1,0,0,0.9999921538373217,7.846162678326233e-06
gaussian-0.5-seed-1,gaussian,0.5,1,[],csp_lda,sub-001_run-12_sample-16608,12,16608,16768,17248,103.8,TASK2T2,1,4.1,1,0,0.9999964722121858,3.5277878141588153e-06
gaussian-0.5-seed-1,gaussian,0.5,1,[],csp_lda,sub-001_run-12_sample-17936,12,17936,18096,18576,112.1,TASK2T1,0,4.1,0,0,0.9997859293248401,0.00021407067515985493
gaussian-0.5-seed-1,gaussian,0.5,1,[],csp_lda,sub-001_run-12_sample-19264,12,19264,19424,19904,120.4,TASK2T2,1,4.1,1,0,0.9986910073577988,0.001308992642201174
gaussian-0.5-seed-1,gaussian,0.5,1,[],bandpower_lda,sub-001_run-12_sample-672,12,672,832,1312,4.2,TASK2T2,1,4.1,1,1,1.5421122683267896e-06,0.9999984578877317
gaussian-0.5-seed-1,gaussian,0.5,1,[],bandpower_lda,sub-001_run-12_sample-2000,12,2000,2160,2640,12.5,TASK2T1,0,4.1,0,1,3.861554531692235e-08,0.9999999613844547
gaussian-0.5-seed-1,gaussian,0.5,1,[],bandpower_lda,sub-001_run-12_sample-3328,12,3328,3488,3968,20.8,TASK2T2,1,4.1,1,1,5.862545953805309e-06,0.9999941374540462
gaussian-0.5-seed-1,gaussian,0.5,1,[],bandpower_lda,sub-001_run-12_sample-4656,12,4656,4816,5296,29.1,TASK2T1,0,4.1,0,1,3.573976982140792e-06,0.9999964260230179
gaussian-0.5-seed-1,gaussian,0.5,1,[],bandpower_lda,sub-001_run-12_sample-5984,12,5984,6144,6624,37.4,TASK2T1,0,4.1,0,1,9.188478900634678e-06,0.9999908115210994
gaussian-0.5-seed-1,gaussian,0.5,1,[],bandpower_lda,sub-001_run-12_sample-7312,12,7312,7472,7952,45.7,TASK2T2,1,4.1,1,1,2.6356694604601216e-13,0.9999999999997364
gaussian-0.5-seed-1,gaussian,0.5,1,[],bandpower_lda,sub-001_run-12_sample-8640,12,8640,8800,9280,54.0,TASK2T2,1,4.1,1,1,1.363339885429582e-09,0.9999999986366601
gaussian-0.5-seed-1,gaussian,0.5,1,[],bandpower_lda,sub-001_run-12_sample-9968,12,9968,10128,10608,62.3,TASK2T1,0,4.1,0,1,6.128817453543434e-10,0.9999999993871183
gaussian-0.5-seed-1,gaussian,0.5,1,[],bandpower_lda,sub-001_run-12_sample-11296,12,11296,11456,11936,70.6,TASK2T1,0,4.1,0,1,8.659739592076221e-15,0.9999999999999913
gaussian-0.5-seed-1,gaussian,0.5,1,[],bandpower_lda,sub-001_run-12_sample-12624,12,12624,12784,13264,78.9,TASK2T2,1,4.1,1,1,1.2134722620738003e-05,0.9999878652773793
gaussian-0.5-seed-1,gaussian,0.5,1,[],bandpower_lda,sub-001_run-12_sample-13952,12,13952,14112,14592,87.2,TASK2T2,1,4.1,1,1,1.8208403973485332e-07,0.9999998179159603
gaussian-0.5-seed-1,gaussian,0.5,1,[],bandpower_lda,sub-001_run-12_sample-15280,12,15280,15440,15920,95.5,TASK2T1,0,4.1,0,1,0.00035412850125238204,0.9996458714987476
gaussian-0.5-seed-1,gaussian,0.5,1,[],bandpower_lda,sub-001_run-12_sample-16608,12,16608,16768,17248,103.8,TASK2T2,1,4.1,1,1,0.008143262973644316,0.9918567370263557
gaussian-0.5-seed-1,gaussian,0.5,1,[],bandpower_lda,sub-001_run-12_sample-17936,12,17936,18096,18576,112.1,TASK2T1,0,4.1,0,1,0.0016636340938593897,0.9983363659061406
gaussian-0.5-seed-1,gaussian,0.5,1,[],bandpower_lda,sub-001_run-12_sample-19264,12,19264,19424,19904,120.4,TASK2T2,1,4.1,1,1,2.089846885433566e-06,0.9999979101531146
gaussian-0.5-seed-2,gaussian,0.5,2,[],csp_lda,sub-001_run-12_sample-672,12,672,832,1312,4.2,TASK2T2,1,4.1,1,0,0.9992611389164151,0.0007388610835848594
gaussian-0.5-seed-2,gaussian,0.5,2,[],csp_lda,sub-001_run-12_sample-2000,12,2000,2160,2640,12.5,TASK2T1,0,4.1,0,0,0.9980890656105269,0.001910934389473057
gaussian-0.5-seed-2,gaussian,0.5,2,[],csp_lda,sub-001_run-12_sample-3328,12,3328,3488,3968,20.8,TASK2T2,1,4.1,1,0,0.9996906639580866,0.00030933604191337317
gaussian-0.5-seed-2,gaussian,0.5,2,[],csp_lda,sub-001_run-12_sample-4656,12,4656,4816,5296,29.1,TASK2T1,0,4.1,0,0,0.9994037761717449,0.0005962238282550772
gaussian-0.5-seed-2,gaussian,0.5,2,[],csp_lda,sub-001_run-12_sample-5984,12,5984,6144,6624,37.4,TASK2T1,0,4.1,0,0,0.9971089608692031,0.002891039130796923
gaussian-0.5-seed-2,gaussian,0.5,2,[],csp_lda,sub-001_run-12_sample-7312,12,7312,7472,7952,45.7,TASK2T2,1,4.1,1,0,0.9996614052727281,0.0003385947272719318
gaussian-0.5-seed-2,gaussian,0.5,2,[],csp_lda,sub-001_run-12_sample-8640,12,8640,8800,9280,54.0,TASK2T2,1,4.1,1,0,0.9985221991923119,0.0014778008076881252
gaussian-0.5-seed-2,gaussian,0.5,2,[],csp_lda,sub-001_run-12_sample-9968,12,9968,10128,10608,62.3,TASK2T1,0,4.1,0,0,0.9990791654228145,0.0009208345771855579
gaussian-0.5-seed-2,gaussian,0.5,2,[],csp_lda,sub-001_run-12_sample-11296,12,11296,11456,11936,70.6,TASK2T1,0,4.1,0,0,0.9998255761759186,0.00017442382408144687
gaussian-0.5-seed-2,gaussian,0.5,2,[],csp_lda,sub-001_run-12_sample-12624,12,12624,12784,13264,78.9,TASK2T2,1,4.1,1,0,0.998929903148686,0.0010700968513139807
gaussian-0.5-seed-2,gaussian,0.5,2,[],csp_lda,sub-001_run-12_sample-13952,12,13952,14112,14592,87.2,TASK2T2,1,4.1,1,0,0.9992296790516618,0.0007703209483381722
gaussian-0.5-seed-2,gaussian,0.5,2,[],csp_lda,sub-001_run-12_sample-15280,12,15280,15440,15920,95.5,TASK2T1,0,4.1,0,0,0.9999931253743134,6.874625686602897e-06
gaussian-0.5-seed-2,gaussian,0.5,2,[],csp_lda,sub-001_run-12_sample-16608,12,16608,16768,17248,103.8,TASK2T2,1,4.1,1,0,0.9999573881603286,4.261183967132435e-05
gaussian-0.5-seed-2,gaussian,0.5,2,[],csp_lda,sub-001_run-12_sample-17936,12,17936,18096,18576,112.1,TASK2T1,0,4.1,0,0,0.999857852939683,0.00014214706031696444
gaussian-0.5-seed-2,gaussian,0.5,2,[],csp_lda,sub-001_run-12_sample-19264,12,19264,19424,19904,120.4,TASK2T2,1,4.1,1,0,0.9996096119960227,0.0003903880039772981
gaussian-0.5-seed-2,gaussian,0.5,2,[],bandpower_lda,sub-001_run-12_sample-672,12,672,832,1312,4.2,TASK2T2,1,4.1,1,1,5.425231334177383e-07,0.9999994574768666
gaussian-0.5-seed-2,gaussian,0.5,2,[],bandpower_lda,sub-001_run-12_sample-2000,12,2000,2160,2640,12.5,TASK2T1,0,4.1,0,1,1.0065827116267911e-07,0.9999998993417288
gaussian-0.5-seed-2,gaussian,0.5,2,[],bandpower_lda,sub-001_run-12_sample-3328,12,3328,3488,3968,20.8,TASK2T2,1,4.1,1,1,5.937322554716573e-07,0.9999994062677445
gaussian-0.5-seed-2,gaussian,0.5,2,[],bandpower_lda,sub-001_run-12_sample-4656,12,4656,4816,5296,29.1,TASK2T1,0,4.1,0,1,1.4004016519741924e-06,0.999998599598348
gaussian-0.5-seed-2,gaussian,0.5,2,[],bandpower_lda,sub-001_run-12_sample-5984,12,5984,6144,6624,37.4,TASK2T1,0,4.1,0,1,5.656276946819361e-08,0.9999999434372305
gaussian-0.5-seed-2,gaussian,0.5,2,[],bandpower_lda,sub-001_run-12_sample-7312,12,7312,7472,7952,45.7,TASK2T2,1,4.1,1,1,1.127320459204384e-12,0.9999999999988727
gaussian-0.5-seed-2,gaussian,0.5,2,[],bandpower_lda,sub-001_run-12_sample-8640,12,8640,8800,9280,54.0,TASK2T2,1,4.1,1,1,1.1622063996297172e-05,0.9999883779360037
gaussian-0.5-seed-2,gaussian,0.5,2,[],bandpower_lda,sub-001_run-12_sample-9968,12,9968,10128,10608,62.3,TASK2T1,0,4.1,0,1,7.613568553388461e-09,0.9999999923864314
gaussian-0.5-seed-2,gaussian,0.5,2,[],bandpower_lda,sub-001_run-12_sample-11296,12,11296,11456,11936,70.6,TASK2T1,0,4.1,0,1,1.138489302832113e-11,0.9999999999886151
gaussian-0.5-seed-2,gaussian,0.5,2,[],bandpower_lda,sub-001_run-12_sample-12624,12,12624,12784,13264,78.9,TASK2T2,1,4.1,1,1,8.44510694708589e-09,0.999999991554893
gaussian-0.5-seed-2,gaussian,0.5,2,[],bandpower_lda,sub-001_run-12_sample-13952,12,13952,14112,14592,87.2,TASK2T2,1,4.1,1,1,3.859002152162283e-06,0.9999961409978478
gaussian-0.5-seed-2,gaussian,0.5,2,[],bandpower_lda,sub-001_run-12_sample-15280,12,15280,15440,15920,95.5,TASK2T1,0,4.1,0,1,0.0007220236839514671,0.9992779763160485
gaussian-0.5-seed-2,gaussian,0.5,2,[],bandpower_lda,sub-001_run-12_sample-16608,12,16608,16768,17248,103.8,TASK2T2,1,4.1,1,1,0.0017228578912307224,0.9982771421087693
gaussian-0.5-seed-2,gaussian,0.5,2,[],bandpower_lda,sub-001_run-12_sample-17936,12,17936,18096,18576,112.1,TASK2T1,0,4.1,0,1,0.0003336778209861446,0.9996663221790139
gaussian-0.5-seed-2,gaussian,0.5,2,[],bandpower_lda,sub-001_run-12_sample-19264,12,19264,19424,19904,120.4,TASK2T2,1,4.1,1,1,4.828085682362371e-07,0.9999995171914318
gaussian-0.5-seed-3,gaussian,0.5,3,[],csp_lda,sub-001_run-12_sample-672,12,672,832,1312,4.2,TASK2T2,1,4.1,1,0,0.9942471139906571,0.005752886009342897
gaussian-0.5-seed-3,gaussian,0.5,3,[],csp_lda,sub-001_run-12_sample-2000,12,2000,2160,2640,12.5,TASK2T1,0,4.1,0,0,0.9924253484894321,0.0075746515105679525
gaussian-0.5-seed-3,gaussian,0.5,3,[],csp_lda,sub-001_run-12_sample-3328,12,3328,3488,3968,20.8,TASK2T2,1,4.1,1,0,0.9998348928678893,0.00016510713211067475
gaussian-0.5-seed-3,gaussian,0.5,3,[],csp_lda,sub-001_run-12_sample-4656,12,4656,4816,5296,29.1,TASK2T1,0,4.1,0,0,0.9983871138696858,0.0016128861303142312
gaussian-0.5-seed-3,gaussian,0.5,3,[],csp_lda,sub-001_run-12_sample-5984,12,5984,6144,6624,37.4,TASK2T1,0,4.1,0,0,0.9997948317508348,0.00020516824916518426
gaussian-0.5-seed-3,gaussian,0.5,3,[],csp_lda,sub-001_run-12_sample-7312,12,7312,7472,7952,45.7,TASK2T2,1,4.1,1,0,0.9996574755283713,0.00034252447162876396
gaussian-0.5-seed-3,gaussian,0.5,3,[],csp_lda,sub-001_run-12_sample-8640,12,8640,8800,9280,54.0,TASK2T2,1,4.1,1,0,0.9973799118112172,0.002620088188782802
gaussian-0.5-seed-3,gaussian,0.5,3,[],csp_lda,sub-001_run-12_sample-9968,12,9968,10128,10608,62.3,TASK2T1,0,4.1,0,0,0.9972602323904309,0.002739767609569103
gaussian-0.5-seed-3,gaussian,0.5,3,[],csp_lda,sub-001_run-12_sample-11296,12,11296,11456,11936,70.6,TASK2T1,0,4.1,0,0,0.9999819066316702,1.809336832984339e-05
gaussian-0.5-seed-3,gaussian,0.5,3,[],csp_lda,sub-001_run-12_sample-12624,12,12624,12784,13264,78.9,TASK2T2,1,4.1,1,0,0.9995432221541405,0.0004567778458594727
gaussian-0.5-seed-3,gaussian,0.5,3,[],csp_lda,sub-001_run-12_sample-13952,12,13952,14112,14592,87.2,TASK2T2,1,4.1,1,0,0.9998738347732029,0.00012616522679711917
gaussian-0.5-seed-3,gaussian,0.5,3,[],csp_lda,sub-001_run-12_sample-15280,12,15280,15440,15920,95.5,TASK2T1,0,4.1,0,0,0.9999422165456855,5.7783454314479e-05
gaussian-0.5-seed-3,gaussian,0.5,3,[],csp_lda,sub-001_run-12_sample-16608,12,16608,16768,17248,103.8,TASK2T2,1,4.1,1,0,0.9999845934671893,1.540653281075006e-05
gaussian-0.5-seed-3,gaussian,0.5,3,[],csp_lda,sub-001_run-12_sample-17936,12,17936,18096,18576,112.1,TASK2T1,0,4.1,0,0,0.9999301171256556,6.988287434434528e-05
gaussian-0.5-seed-3,gaussian,0.5,3,[],csp_lda,sub-001_run-12_sample-19264,12,19264,19424,19904,120.4,TASK2T2,1,4.1,1,0,0.986703612286252,0.013296387713747918
gaussian-0.5-seed-3,gaussian,0.5,3,[],bandpower_lda,sub-001_run-12_sample-672,12,672,832,1312,4.2,TASK2T2,1,4.1,1,1,9.490568094738805e-07,0.9999990509431905
gaussian-0.5-seed-3,gaussian,0.5,3,[],bandpower_lda,sub-001_run-12_sample-2000,12,2000,2160,2640,12.5,TASK2T1,0,4.1,0,1,1.6025480804593428e-06,0.9999983974519195
gaussian-0.5-seed-3,gaussian,0.5,3,[],bandpower_lda,sub-001_run-12_sample-3328,12,3328,3488,3968,20.8,TASK2T2,1,4.1,1,1,2.758179341588729e-07,0.9999997241820658
gaussian-0.5-seed-3,gaussian,0.5,3,[],bandpower_lda,sub-001_run-12_sample-4656,12,4656,4816,5296,29.1,TASK2T1,0,4.1,0,1,0.00012145544406905184,0.999878544555931
gaussian-0.5-seed-3,gaussian,0.5,3,[],bandpower_lda,sub-001_run-12_sample-5984,12,5984,6144,6624,37.4,TASK2T1,0,4.1,0,1,2.7406912436078734e-05,0.9999725930875639
gaussian-0.5-seed-3,gaussian,0.5,3,[],bandpower_lda,sub-001_run-12_sample-7312,12,7312,7472,7952,45.7,TASK2T2,1,4.1,1,1,5.453415496958769e-13,0.9999999999994547
gaussian-0.5-seed-3,gaussian,0.5,3,[],bandpower_lda,sub-001_run-12_sample-8640,12,8640,8800,9280,54.0,TASK2T2,1,4.1,1,1,2.883645416895675e-07,0.9999997116354583
gaussian-0.5-seed-3,gaussian,0.5,3,[],bandpower_lda,sub-001_run-12_sample-9968,12,9968,10128,10608,62.3,TASK2T1,0,4.1,0,1,7.193885487311036e-10,0.9999999992806115
gaussian-0.5-seed-3,gaussian,0.5,3,[],bandpower_lda,sub-001_run-12_sample-11296,12,11296,11456,11936,70.6,TASK2T1,0,4.1,0,1,1.7357471016055115e-10,0.9999999998264253
gaussian-0.5-seed-3,gaussian,0.5,3,[],bandpower_lda,sub-001_run-12_sample-12624,12,12624,12784,13264,78.9,TASK2T2,1,4.1,1,1,8.854551203363314e-07,0.9999991145448797
gaussian-0.5-seed-3,gaussian,0.5,3,[],bandpower_lda,sub-001_run-12_sample-13952,12,13952,14112,14592,87.2,TASK2T2,1,4.1,1,1,5.981374066443834e-05,0.9999401862593356
gaussian-0.5-seed-3,gaussian,0.5,3,[],bandpower_lda,sub-001_run-12_sample-15280,12,15280,15440,15920,95.5,TASK2T1,0,4.1,0,1,1.0056140009262471e-05,0.9999899438599907
gaussian-0.5-seed-3,gaussian,0.5,3,[],bandpower_lda,sub-001_run-12_sample-16608,12,16608,16768,17248,103.8,TASK2T2,1,4.1,1,1,0.1440951498943981,0.8559048501056019
gaussian-0.5-seed-3,gaussian,0.5,3,[],bandpower_lda,sub-001_run-12_sample-17936,12,17936,18096,18576,112.1,TASK2T1,0,4.1,0,1,0.0003591557146325197,0.9996408442853675
gaussian-0.5-seed-3,gaussian,0.5,3,[],bandpower_lda,sub-001_run-12_sample-19264,12,19264,19424,19904,120.4,TASK2T2,1,4.1,1,1,1.615321599168773e-05,0.9999838467840083
gaussian-0.5-seed-4,gaussian,0.5,4,[],csp_lda,sub-001_run-12_sample-672,12,672,832,1312,4.2,TASK2T2,1,4.1,1,0,0.9948206476916297,0.00517935230837026
gaussian-0.5-seed-4,gaussian,0.5,4,[],csp_lda,sub-001_run-12_sample-2000,12,2000,2160,2640,12.5,TASK2T1,0,4.1,0,0,0.9996381760744771,0.0003618239255229096
gaussian-0.5-seed-4,gaussian,0.5,4,[],csp_lda,sub-001_run-12_sample-3328,12,3328,3488,3968,20.8,TASK2T2,1,4.1,1,0,0.999605955543617,0.00039404445638305285
gaussian-0.5-seed-4,gaussian,0.5,4,[],csp_lda,sub-001_run-12_sample-4656,12,4656,4816,5296,29.1,TASK2T1,0,4.1,0,0,0.9987664548298881,0.0012335451701118748
gaussian-0.5-seed-4,gaussian,0.5,4,[],csp_lda,sub-001_run-12_sample-5984,12,5984,6144,6624,37.4,TASK2T1,0,4.1,0,0,0.9991454603261697,0.0008545396738302753
gaussian-0.5-seed-4,gaussian,0.5,4,[],csp_lda,sub-001_run-12_sample-7312,12,7312,7472,7952,45.7,TASK2T2,1,4.1,1,0,0.9983414995010195,0.001658500498980518
gaussian-0.5-seed-4,gaussian,0.5,4,[],csp_lda,sub-001_run-12_sample-8640,12,8640,8800,9280,54.0,TASK2T2,1,4.1,1,0,0.9809712361999454,0.019028763800054565
gaussian-0.5-seed-4,gaussian,0.5,4,[],csp_lda,sub-001_run-12_sample-9968,12,9968,10128,10608,62.3,TASK2T1,0,4.1,0,0,0.995338429505021,0.004661570494978907
gaussian-0.5-seed-4,gaussian,0.5,4,[],csp_lda,sub-001_run-12_sample-11296,12,11296,11456,11936,70.6,TASK2T1,0,4.1,0,0,0.9999481581568876,5.1841843112301735e-05
gaussian-0.5-seed-4,gaussian,0.5,4,[],csp_lda,sub-001_run-12_sample-12624,12,12624,12784,13264,78.9,TASK2T2,1,4.1,1,0,0.9987976240282752,0.0012023759717247782
gaussian-0.5-seed-4,gaussian,0.5,4,[],csp_lda,sub-001_run-12_sample-13952,12,13952,14112,14592,87.2,TASK2T2,1,4.1,1,0,0.9999539745367483,4.6025463251756305e-05
gaussian-0.5-seed-4,gaussian,0.5,4,[],csp_lda,sub-001_run-12_sample-15280,12,15280,15440,15920,95.5,TASK2T1,0,4.1,0,0,0.9999985509122756,1.4490877243497157e-06
gaussian-0.5-seed-4,gaussian,0.5,4,[],csp_lda,sub-001_run-12_sample-16608,12,16608,16768,17248,103.8,TASK2T2,1,4.1,1,0,0.9999710442808944,2.895571910549549e-05
gaussian-0.5-seed-4,gaussian,0.5,4,[],csp_lda,sub-001_run-12_sample-17936,12,17936,18096,18576,112.1,TASK2T1,0,4.1,0,0,0.9999516106218178,4.838937818221349e-05
gaussian-0.5-seed-4,gaussian,0.5,4,[],csp_lda,sub-001_run-12_sample-19264,12,19264,19424,19904,120.4,TASK2T2,1,4.1,1,0,0.9991301835359008,0.0008698164640992702
gaussian-0.5-seed-4,gaussian,0.5,4,[],bandpower_lda,sub-001_run-12_sample-672,12,672,832,1312,4.2,TASK2T2,1,4.1,1,1,1.128124912708195e-06,0.9999988718750873
gaussian-0.5-seed-4,gaussian,0.5,4,[],bandpower_lda,sub-001_run-12_sample-2000,12,2000,2160,2640,12.5,TASK2T1,0,4.1,0,1,2.1532901195442378e-07,0.999999784670988
gaussian-0.5-seed-4,gaussian,0.5,4,[],bandpower_lda,sub-001_run-12_sample-3328,12,3328,3488,3968,20.8,TASK2T2,1,4.1,1,1,6.874399910428153e-07,0.999999312560009
gaussian-0.5-seed-4,gaussian,0.5,4,[],bandpower_lda,sub-001_run-12_sample-4656,12,4656,4816,5296,29.1,TASK2T1,0,4.1,0,1,3.92614122990409e-07,0.999999607385877
gaussian-0.5-seed-4,gaussian,0.5,4,[],bandpower_lda,sub-001_run-12_sample-5984,12,5984,6144,6624,37.4,TASK2T1,0,4.1,0,1,2.0154708399999777e-06,0.99999798452916
gaussian-0.5-seed-4,gaussian,0.5,4,[],bandpower_lda,sub-001_run-12_sample-7312,12,7312,7472,7952,45.7,TASK2T2,1,4.1,1,1,7.600586826583822e-13,0.9999999999992399
gaussian-0.5-seed-4,gaussian,0.5,4,[],bandpower_lda,sub-001_run-12_sample-8640,12,8640,8800,9280,54.0,TASK2T2,1,4.1,1,1,6.307849842457358e-08,0.9999999369215016
gaussian-0.5-seed-4,gaussian,0.5,4,[],bandpower_lda,sub-001_run-12_sample-9968,12,9968,10128,10608,62.3,TASK2T1,0,4.1,0,1,2.4377388996299487e-11,0.9999999999756226
gaussian-0.5-seed-4,gaussian,0.5,4,[],bandpower_lda,sub-001_run-12_sample-11296,12,11296,11456,11936,70.6,TASK2T1,0,4.1,0,1,6.2373217701861e-11,0.9999999999376268
gaussian-0.5-seed-4,gaussian,0.5,4,[],bandpower_lda,sub-001_run-12_sample-12624,12,12624,12784,13264,78.9,TASK2T2,1,4.1,1,1,1.3089375880959153e-06,0.9999986910624119
gaussian-0.5-seed-4,gaussian,0.5,4,[],bandpower_lda,sub-001_run-12_sample-13952,12,13952,14112,14592,87.2,TASK2T2,1,4.1,1,1,6.20630387415666e-07,0.9999993793696126
gaussian-0.5-seed-4,gaussian,0.5,4,[],bandpower_lda,sub-001_run-12_sample-15280,12,15280,15440,15920,95.5,TASK2T1,0,4.1,0,1,0.002272047265311272,0.9977279527346887
gaussian-0.5-seed-4,gaussian,0.5,4,[],bandpower_lda,sub-001_run-12_sample-16608,12,16608,16768,17248,103.8,TASK2T2,1,4.1,1,1,0.017616444486985405,0.9823835555130146
gaussian-0.5-seed-4,gaussian,0.5,4,[],bandpower_lda,sub-001_run-12_sample-17936,12,17936,18096,18576,112.1,TASK2T1,0,4.1,0,1,0.0008408510606420228,0.999159148939358
gaussian-0.5-seed-4,gaussian,0.5,4,[],bandpower_lda,sub-001_run-12_sample-19264,12,19264,19424,19904,120.4,TASK2T2,1,4.1,1,1,1.0959993767656329e-05,0.9999890400062323
gaussian-0.5-seed-5,gaussian,0.5,5,[],csp_lda,sub-001_run-12_sample-672,12,672,832,1312,4.2,TASK2T2,1,4.1,1,0,0.9991924798385627,0.000807520161437289
gaussian-0.5-seed-5,gaussian,0.5,5,[],csp_lda,sub-001_run-12_sample-2000,12,2000,2160,2640,12.5,TASK2T1,0,4.1,0,0,0.9998733579114661,0.0001266420885338201
gaussian-0.5-seed-5,gaussian,0.5,5,[],csp_lda,sub-001_run-12_sample-3328,12,3328,3488,3968,20.8,TASK2T2,1,4.1,1,0,0.9996834519767606,0.000316548023239428
gaussian-0.5-seed-5,gaussian,0.5,5,[],csp_lda,sub-001_run-12_sample-4656,12,4656,4816,5296,29.1,TASK2T1,0,4.1,0,0,0.9960557154939165,0.003944284506083562
gaussian-0.5-seed-5,gaussian,0.5,5,[],csp_lda,sub-001_run-12_sample-5984,12,5984,6144,6624,37.4,TASK2T1,0,4.1,0,0,0.9980307878780468,0.001969212121953178
gaussian-0.5-seed-5,gaussian,0.5,5,[],csp_lda,sub-001_run-12_sample-7312,12,7312,7472,7952,45.7,TASK2T2,1,4.1,1,0,0.9981961999018192,0.0018038000981808354
gaussian-0.5-seed-5,gaussian,0.5,5,[],csp_lda,sub-001_run-12_sample-8640,12,8640,8800,9280,54.0,TASK2T2,1,4.1,1,0,0.9950069810003338,0.004993018999666168
gaussian-0.5-seed-5,gaussian,0.5,5,[],csp_lda,sub-001_run-12_sample-9968,12,9968,10128,10608,62.3,TASK2T1,0,4.1,0,0,0.9998297943464292,0.00017020565357086045
gaussian-0.5-seed-5,gaussian,0.5,5,[],csp_lda,sub-001_run-12_sample-11296,12,11296,11456,11936,70.6,TASK2T1,0,4.1,0,0,0.9999855291275528,1.4470872447203652e-05
gaussian-0.5-seed-5,gaussian,0.5,5,[],csp_lda,sub-001_run-12_sample-12624,12,12624,12784,13264,78.9,TASK2T2,1,4.1,1,0,0.9991410324679375,0.0008589675320624463
gaussian-0.5-seed-5,gaussian,0.5,5,[],csp_lda,sub-001_run-12_sample-13952,12,13952,14112,14592,87.2,TASK2T2,1,4.1,1,0,0.9999900017830876,9.998216912428132e-06
gaussian-0.5-seed-5,gaussian,0.5,5,[],csp_lda,sub-001_run-12_sample-15280,12,15280,15440,15920,95.5,TASK2T1,0,4.1,0,0,0.9999846714351097,1.53285648903124e-05
gaussian-0.5-seed-5,gaussian,0.5,5,[],csp_lda,sub-001_run-12_sample-16608,12,16608,16768,17248,103.8,TASK2T2,1,4.1,1,0,0.9999895031616514,1.04968383486371e-05
gaussian-0.5-seed-5,gaussian,0.5,5,[],csp_lda,sub-001_run-12_sample-17936,12,17936,18096,18576,112.1,TASK2T1,0,4.1,0,0,0.999906943960524,9.305603947599753e-05
gaussian-0.5-seed-5,gaussian,0.5,5,[],csp_lda,sub-001_run-12_sample-19264,12,19264,19424,19904,120.4,TASK2T2,1,4.1,1,0,0.999125173516414,0.0008748264835860527
gaussian-0.5-seed-5,gaussian,0.5,5,[],bandpower_lda,sub-001_run-12_sample-672,12,672,832,1312,4.2,TASK2T2,1,4.1,1,1,2.0336611958882145e-06,0.9999979663388041
gaussian-0.5-seed-5,gaussian,0.5,5,[],bandpower_lda,sub-001_run-12_sample-2000,12,2000,2160,2640,12.5,TASK2T1,0,4.1,0,1,9.033071235453605e-08,0.9999999096692876
gaussian-0.5-seed-5,gaussian,0.5,5,[],bandpower_lda,sub-001_run-12_sample-3328,12,3328,3488,3968,20.8,TASK2T2,1,4.1,1,1,5.358772038333015e-06,0.9999946412279617
gaussian-0.5-seed-5,gaussian,0.5,5,[],bandpower_lda,sub-001_run-12_sample-4656,12,4656,4816,5296,29.1,TASK2T1,0,4.1,0,1,1.0845214227117594e-05,0.9999891547857729
gaussian-0.5-seed-5,gaussian,0.5,5,[],bandpower_lda,sub-001_run-12_sample-5984,12,5984,6144,6624,37.4,TASK2T1,0,4.1,0,1,4.650001782013913e-05,0.9999534999821799
gaussian-0.5-seed-5,gaussian,0.5,5,[],bandpower_lda,sub-001_run-12_sample-7312,12,7312,7472,7952,45.7,TASK2T2,1,4.1,1,1,6.505906924303417e-14,0.9999999999999349
gaussian-0.5-seed-5,gaussian,0.5,5,[],bandpower_lda,sub-001_run-12_sample-8640,12,8640,8800,9280,54.0,TASK2T2,1,4.1,1,1,2.1502065139511473e-06,0.999997849793486
gaussian-0.5-seed-5,gaussian,0.5,5,[],bandpower_lda,sub-001_run-12_sample-9968,12,9968,10128,10608,62.3,TASK2T1,0,4.1,0,1,3.535176595903522e-10,0.9999999996464823
gaussian-0.5-seed-5,gaussian,0.5,5,[],bandpower_lda,sub-001_run-12_sample-11296,12,11296,11456,11936,70.6,TASK2T1,0,4.1,0,1,6.0178528826781985e-12,0.9999999999939821
gaussian-0.5-seed-5,gaussian,0.5,5,[],bandpower_lda,sub-001_run-12_sample-12624,12,12624,12784,13264,78.9,TASK2T2,1,4.1,1,1,6.8801819632646755e-06,0.9999931198180367
gaussian-0.5-seed-5,gaussian,0.5,5,[],bandpower_lda,sub-001_run-12_sample-13952,12,13952,14112,14592,87.2,TASK2T2,1,4.1,1,1,2.646732315647604e-06,0.9999973532676844
gaussian-0.5-seed-5,gaussian,0.5,5,[],bandpower_lda,sub-001_run-12_sample-15280,12,15280,15440,15920,95.5,TASK2T1,0,4.1,0,1,0.0020940184007928186,0.9979059815992072
gaussian-0.5-seed-5,gaussian,0.5,5,[],bandpower_lda,sub-001_run-12_sample-16608,12,16608,16768,17248,103.8,TASK2T2,1,4.1,1,1,0.07471005437812173,0.9252899456218783
gaussian-0.5-seed-5,gaussian,0.5,5,[],bandpower_lda,sub-001_run-12_sample-17936,12,17936,18096,18576,112.1,TASK2T1,0,4.1,0,1,0.0004969609886023019,0.9995030390113977
gaussian-0.5-seed-5,gaussian,0.5,5,[],bandpower_lda,sub-001_run-12_sample-19264,12,19264,19424,19904,120.4,TASK2T2,1,4.1,1,1,9.137681460236191e-05,0.9999086231853976
gaussian-0.5-seed-6,gaussian,0.5,6,[],csp_lda,sub-001_run-12_sample-672,12,672,832,1312,4.2,TASK2T2,1,4.1,1,0,0.9943922310943154,0.005607768905684558
gaussian-0.5-seed-6,gaussian,0.5,6,[],csp_lda,sub-001_run-12_sample-2000,12,2000,2160,2640,12.5,TASK2T1,0,4.1,0,0,0.9996818231757009,0.00031817682429917507
gaussian-0.5-seed-6,gaussian,0.5,6,[],csp_lda,sub-001_run-12_sample-3328,12,3328,3488,3968,20.8,TASK2T2,1,4.1,1,0,0.9993906085942883,0.0006093914057117113
gaussian-0.5-seed-6,gaussian,0.5,6,[],csp_lda,sub-001_run-12_sample-4656,12,4656,4816,5296,29.1,TASK2T1,0,4.1,0,0,0.9944032243956522,0.0055967756043478175
gaussian-0.5-seed-6,gaussian,0.5,6,[],csp_lda,sub-001_run-12_sample-5984,12,5984,6144,6624,37.4,TASK2T1,0,4.1,0,0,0.9981126851815422,0.0018873148184578457
gaussian-0.5-seed-6,gaussian,0.5,6,[],csp_lda,sub-001_run-12_sample-7312,12,7312,7472,7952,45.7,TASK2T2,1,4.1,1,0,0.9989781408275219,0.0010218591724780808
gaussian-0.5-seed-6,gaussian,0.5,6,[],csp_lda,sub-001_run-12_sample-8640,12,8640,8800,9280,54.0,TASK2T2,1,4.1,1,0,0.9807546979105543,0.019245302089445727
gaussian-0.5-seed-6,gaussian,0.5,6,[],csp_lda,sub-001_run-12_sample-9968,12,9968,10128,10608,62.3,TASK2T1,0,4.1,0,0,0.999255834638013,0.0007441653619869198
gaussian-0.5-seed-6,gaussian,0.5,6,[],csp_lda,sub-001_run-12_sample-11296,12,11296,11456,11936,70.6,TASK2T1,0,4.1,0,0,0.9999145272333138,8.547276668629165e-05
gaussian-0.5-seed-6,gaussian,0.5,6,[],csp_lda,sub-001_run-12_sample-12624,12,12624,12784,13264,78.9,TASK2T2,1,4.1,1,0,0.9997619932676237,0.0002380067323762886
gaussian-0.5-seed-6,gaussian,0.5,6,[],csp_lda,sub-001_run-12_sample-13952,12,13952,14112,14592,87.2,TASK2T2,1,4.1,1,0,0.9999891934545542,1.0806545445877678e-05
gaussian-0.5-seed-6,gaussian,0.5,6,[],csp_lda,sub-001_run-12_sample-15280,12,15280,15440,15920,95.5,TASK2T1,0,4.1,0,0,0.9999788261662612,2.1173833738797984e-05
gaussian-0.5-seed-6,gaussian,0.5,6,[],csp_lda,sub-001_run-12_sample-16608,12,16608,16768,17248,103.8,TASK2T2,1,4.1,1,0,0.9999576505933114,4.234940668857781e-05
gaussian-0.5-seed-6,gaussian,0.5,6,[],csp_lda,sub-001_run-12_sample-17936,12,17936,18096,18576,112.1,TASK2T1,0,4.1,0,0,0.9998872700741175,0.00011272992588246495
gaussian-0.5-seed-6,gaussian,0.5,6,[],csp_lda,sub-001_run-12_sample-19264,12,19264,19424,19904,120.4,TASK2T2,1,4.1,1,0,0.9986923475111222,0.0013076524888777797
gaussian-0.5-seed-6,gaussian,0.5,6,[],bandpower_lda,sub-001_run-12_sample-672,12,672,832,1312,4.2,TASK2T2,1,4.1,1,1,1.0235134267455592e-05,0.9999897648657325
gaussian-0.5-seed-6,gaussian,0.5,6,[],bandpower_lda,sub-001_run-12_sample-2000,12,2000,2160,2640,12.5,TASK2T1,0,4.1,0,1,2.0684658574854353e-07,0.9999997931534143
gaussian-0.5-seed-6,gaussian,0.5,6,[],bandpower_lda,sub-001_run-12_sample-3328,12,3328,3488,3968,20.8,TASK2T2,1,4.1,1,1,1.9233647464700354e-06,0.9999980766352535
gaussian-0.5-seed-6,gaussian,0.5,6,[],bandpower_lda,sub-001_run-12_sample-4656,12,4656,4816,5296,29.1,TASK2T1,0,4.1,0,1,0.0017686501651208442,0.9982313498348792
gaussian-0.5-seed-6,gaussian,0.5,6,[],bandpower_lda,sub-001_run-12_sample-5984,12,5984,6144,6624,37.4,TASK2T1,0,4.1,0,1,3.34256897360774e-06,0.9999966574310264
gaussian-0.5-seed-6,gaussian,0.5,6,[],bandpower_lda,sub-001_run-12_sample-7312,12,7312,7472,7952,45.7,TASK2T2,1,4.1,1,1,4.105382700458904e-12,0.9999999999958946
gaussian-0.5-seed-6,gaussian,0.5,6,[],bandpower_lda,sub-001_run-12_sample-8640,12,8640,8800,9280,54.0,TASK2T2,1,4.1,1,1,2.14656976638139e-08,0.9999999785343023
gaussian-0.5-seed-6,gaussian,0.5,6,[],bandpower_lda,sub-001_run-12_sample-9968,12,9968,10128,10608,62.3,TASK2T1,0,4.1,0,1,9.344447438053294e-10,0.9999999990655553
gaussian-0.5-seed-6,gaussian,0.5,6,[],bandpower_lda,sub-001_run-12_sample-11296,12,11296,11456,11936,70.6,TASK2T1,0,4.1,0,1,1.9828583219805296e-13,0.9999999999998017
gaussian-0.5-seed-6,gaussian,0.5,6,[],bandpower_lda,sub-001_run-12_sample-12624,12,12624,12784,13264,78.9,TASK2T2,1,4.1,1,1,2.9916282541231354e-06,0.9999970083717459
gaussian-0.5-seed-6,gaussian,0.5,6,[],bandpower_lda,sub-001_run-12_sample-13952,12,13952,14112,14592,87.2,TASK2T2,1,4.1,1,1,5.261095072151001e-06,0.9999947389049278
gaussian-0.5-seed-6,gaussian,0.5,6,[],bandpower_lda,sub-001_run-12_sample-15280,12,15280,15440,15920,95.5,TASK2T1,0,4.1,0,1,0.000634315218817183,0.9993656847811828
gaussian-0.5-seed-6,gaussian,0.5,6,[],bandpower_lda,sub-001_run-12_sample-16608,12,16608,16768,17248,103.8,TASK2T2,1,4.1,1,1,0.0011591902778183005,0.9988408097221817
gaussian-0.5-seed-6,gaussian,0.5,6,[],bandpower_lda,sub-001_run-12_sample-17936,12,17936,18096,18576,112.1,TASK2T1,0,4.1,0,1,0.0007332780284672324,0.9992667219715328
gaussian-0.5-seed-6,gaussian,0.5,6,[],bandpower_lda,sub-001_run-12_sample-19264,12,19264,19424,19904,120.4,TASK2T2,1,4.1,1,1,1.349560738606037e-06,0.9999986504392614
gaussian-0.5-seed-7,gaussian,0.5,7,[],csp_lda,sub-001_run-12_sample-672,12,672,832,1312,4.2,TASK2T2,1,4.1,1,0,0.993699378865424,0.006300621134575913
gaussian-0.5-seed-7,gaussian,0.5,7,[],csp_lda,sub-001_run-12_sample-2000,12,2000,2160,2640,12.5,TASK2T1,0,4.1,0,0,0.9980502435546261,0.0019497564453738818
gaussian-0.5-seed-7,gaussian,0.5,7,[],csp_lda,sub-001_run-12_sample-3328,12,3328,3488,3968,20.8,TASK2T2,1,4.1,1,0,0.9993824022298733,0.0006175977701266899
gaussian-0.5-seed-7,gaussian,0.5,7,[],csp_lda,sub-001_run-12_sample-4656,12,4656,4816,5296,29.1,TASK2T1,0,4.1,0,0,0.9892486261700182,0.010751373829981759
gaussian-0.5-seed-7,gaussian,0.5,7,[],csp_lda,sub-001_run-12_sample-5984,12,5984,6144,6624,37.4,TASK2T1,0,4.1,0,0,0.9993063422645411,0.0006936577354589445
gaussian-0.5-seed-7,gaussian,0.5,7,[],csp_lda,sub-001_run-12_sample-7312,12,7312,7472,7952,45.7,TASK2T2,1,4.1,1,0,0.9959123485423972,0.004087651457602847
gaussian-0.5-seed-7,gaussian,0.5,7,[],csp_lda,sub-001_run-12_sample-8640,12,8640,8800,9280,54.0,TASK2T2,1,4.1,1,0,0.9660607976554065,0.0339392023445935
gaussian-0.5-seed-7,gaussian,0.5,7,[],csp_lda,sub-001_run-12_sample-9968,12,9968,10128,10608,62.3,TASK2T1,0,4.1,0,0,0.999010066585387,0.000989933414612981
gaussian-0.5-seed-7,gaussian,0.5,7,[],csp_lda,sub-001_run-12_sample-11296,12,11296,11456,11936,70.6,TASK2T1,0,4.1,0,0,0.9994948485372088,0.0005051514627912306
gaussian-0.5-seed-7,gaussian,0.5,7,[],csp_lda,sub-001_run-12_sample-12624,12,12624,12784,13264,78.9,TASK2T2,1,4.1,1,0,0.9997910493473674,0.00020895065263261964
gaussian-0.5-seed-7,gaussian,0.5,7,[],csp_lda,sub-001_run-12_sample-13952,12,13952,14112,14592,87.2,TASK2T2,1,4.1,1,0,0.9998860817978323,0.00011391820216763493
gaussian-0.5-seed-7,gaussian,0.5,7,[],csp_lda,sub-001_run-12_sample-15280,12,15280,15440,15920,95.5,TASK2T1,0,4.1,0,0,0.9999864715942582,1.3528405741708945e-05
gaussian-0.5-seed-7,gaussian,0.5,7,[],csp_lda,sub-001_run-12_sample-16608,12,16608,16768,17248,103.8,TASK2T2,1,4.1,1,0,0.9999395732021475,6.042679785247917e-05
gaussian-0.5-seed-7,gaussian,0.5,7,[],csp_lda,sub-001_run-12_sample-17936,12,17936,18096,18576,112.1,TASK2T1,0,4.1,0,0,0.9999925334441816,7.46655581845318e-06
gaussian-0.5-seed-7,gaussian,0.5,7,[],csp_lda,sub-001_run-12_sample-19264,12,19264,19424,19904,120.4,TASK2T2,1,4.1,1,0,0.9989989789945628,0.0010010210054371433
gaussian-0.5-seed-7,gaussian,0.5,7,[],bandpower_lda,sub-001_run-12_sample-672,12,672,832,1312,4.2,TASK2T2,1,4.1,1,1,2.5032817130288265e-07,0.9999997496718287
gaussian-0.5-seed-7,gaussian,0.5,7,[],bandpower_lda,sub-001_run-12_sample-2000,12,2000,2160,2640,12.5,TASK2T1,0,4.1,0,1,1.2119426554546564e-05,0.9999878805734455
gaussian-0.5-seed-7,gaussian,0.5,7,[],bandpower_lda,sub-001_run-12_sample-3328,12,3328,3488,3968,20.8,TASK2T2,1,4.1,1,1,6.587275469538412e-08,0.9999999341272453
gaussian-0.5-seed-7,gaussian,0.5,7,[],bandpower_lda,sub-001_run-12_sample-4656,12,4656,4816,5296,29.1,TASK2T1,0,4.1,0,1,2.840807826309799e-06,0.9999971591921737
gaussian-0.5-seed-7,gaussian,0.5,7,[],bandpower_lda,sub-001_run-12_sample-5984,12,5984,6144,6624,37.4,TASK2T1,0,4.1,0,1,1.3131813800804082e-06,0.9999986868186199
gaussian-0.5-seed-7,gaussian,0.5,7,[],bandpower_lda,sub-001_run-12_sample-7312,12,7312,7472,7952,45.7,TASK2T2,1,4.1,1,1,4.6851411639181606e-14,0.9999999999999531
gaussian-0.5-seed-7,gaussian,0.5,7,[],bandpower_lda,sub-001_run-12_sample-8640,12,8640,8800,9280,54.0,TASK2T2,1,4.1,1,1,4.468031189475141e-08,0.9999999553196881
gaussian-0.5-seed-7,gaussian,0.5,7,[],bandpower_lda,sub-001_run-12_sample-9968,12,9968,10128,10608,62.3,TASK2T1,0,4.1,0,1,4.221312188690263e-11,0.9999999999577869
gaussian-0.5-seed-7,gaussian,0.5,7,[],bandpower_lda,sub-001_run-12_sample-11296,12,11296,11456,11936,70.6,TASK2T1,0,4.1,0,1,1.1889400575171294e-10,0.999999999881106
gaussian-0.5-seed-7,gaussian,0.5,7,[],bandpower_lda,sub-001_run-12_sample-12624,12,12624,12784,13264,78.9,TASK2T2,1,4.1,1,1,7.816472704758048e-06,0.9999921835272952
gaussian-0.5-seed-7,gaussian,0.5,7,[],bandpower_lda,sub-001_run-12_sample-13952,12,13952,14112,14592,87.2,TASK2T2,1,4.1,1,1,1.3271548246929221e-05,0.9999867284517531
gaussian-0.5-seed-7,gaussian,0.5,7,[],bandpower_lda,sub-001_run-12_sample-15280,12,15280,15440,15920,95.5,TASK2T1,0,4.1,0,1,0.013181520886083598,0.9868184791139164
gaussian-0.5-seed-7,gaussian,0.5,7,[],bandpower_lda,sub-001_run-12_sample-16608,12,16608,16768,17248,103.8,TASK2T2,1,4.1,1,1,0.010736882879602505,0.9892631171203975
gaussian-0.5-seed-7,gaussian,0.5,7,[],bandpower_lda,sub-001_run-12_sample-17936,12,17936,18096,18576,112.1,TASK2T1,0,4.1,0,1,0.0008157728021033206,0.9991842271978967
gaussian-0.5-seed-7,gaussian,0.5,7,[],bandpower_lda,sub-001_run-12_sample-19264,12,19264,19424,19904,120.4,TASK2T2,1,4.1,1,1,9.009774426527173e-08,0.9999999099022557
gaussian-0.5-seed-8,gaussian,0.5,8,[],csp_lda,sub-001_run-12_sample-672,12,672,832,1312,4.2,TASK2T2,1,4.1,1,0,0.9975662585305853,0.0024337414694146076
gaussian-0.5-seed-8,gaussian,0.5,8,[],csp_lda,sub-001_run-12_sample-2000,12,2000,2160,2640,12.5,TASK2T1,0,4.1,0,0,0.9753394584042747,0.024660541595725255
gaussian-0.5-seed-8,gaussian,0.5,8,[],csp_lda,sub-001_run-12_sample-3328,12,3328,3488,3968,20.8,TASK2T2,1,4.1,1,0,0.9997515519801475,0.0002484480198524708
gaussian-0.5-seed-8,gaussian,0.5,8,[],csp_lda,sub-001_run-12_sample-4656,12,4656,4816,5296,29.1,TASK2T1,0,4.1,0,0,0.9965271207755073,0.0034728792244927355
gaussian-0.5-seed-8,gaussian,0.5,8,[],csp_lda,sub-001_run-12_sample-5984,12,5984,6144,6624,37.4,TASK2T1,0,4.1,0,0,0.9947015876591774,0.00529841234082263
gaussian-0.5-seed-8,gaussian,0.5,8,[],csp_lda,sub-001_run-12_sample-7312,12,7312,7472,7952,45.7,TASK2T2,1,4.1,1,0,0.9987566521940874,0.0012433478059125946
gaussian-0.5-seed-8,gaussian,0.5,8,[],csp_lda,sub-001_run-12_sample-8640,12,8640,8800,9280,54.0,TASK2T2,1,4.1,1,0,0.9588101856316622,0.04118981436833785
gaussian-0.5-seed-8,gaussian,0.5,8,[],csp_lda,sub-001_run-12_sample-9968,12,9968,10128,10608,62.3,TASK2T1,0,4.1,0,0,0.9998021984819948,0.00019780151800515654
gaussian-0.5-seed-8,gaussian,0.5,8,[],csp_lda,sub-001_run-12_sample-11296,12,11296,11456,11936,70.6,TASK2T1,0,4.1,0,0,0.9999449170401636,5.5082959836369855e-05
gaussian-0.5-seed-8,gaussian,0.5,8,[],csp_lda,sub-001_run-12_sample-12624,12,12624,12784,13264,78.9,TASK2T2,1,4.1,1,0,0.9999774884758809,2.251152411912035e-05
gaussian-0.5-seed-8,gaussian,0.5,8,[],csp_lda,sub-001_run-12_sample-13952,12,13952,14112,14592,87.2,TASK2T2,1,4.1,1,0,0.9998835970640857,0.00011640293591435287
gaussian-0.5-seed-8,gaussian,0.5,8,[],csp_lda,sub-001_run-12_sample-15280,12,15280,15440,15920,95.5,TASK2T1,0,4.1,0,0,0.9999858829617831,1.4117038216806463e-05
gaussian-0.5-seed-8,gaussian,0.5,8,[],csp_lda,sub-001_run-12_sample-16608,12,16608,16768,17248,103.8,TASK2T2,1,4.1,1,0,0.999988436782999,1.1563217001053893e-05
gaussian-0.5-seed-8,gaussian,0.5,8,[],csp_lda,sub-001_run-12_sample-17936,12,17936,18096,18576,112.1,TASK2T1,0,4.1,0,0,0.9997946487528229,0.00020535124717711996
gaussian-0.5-seed-8,gaussian,0.5,8,[],csp_lda,sub-001_run-12_sample-19264,12,19264,19424,19904,120.4,TASK2T2,1,4.1,1,0,0.9994703226591606,0.0005296773408393649
gaussian-0.5-seed-8,gaussian,0.5,8,[],bandpower_lda,sub-001_run-12_sample-672,12,672,832,1312,4.2,TASK2T2,1,4.1,1,1,1.868350395728413e-06,0.9999981316496043
gaussian-0.5-seed-8,gaussian,0.5,8,[],bandpower_lda,sub-001_run-12_sample-2000,12,2000,2160,2640,12.5,TASK2T1,0,4.1,0,1,9.940516076945016e-09,0.9999999900594839
gaussian-0.5-seed-8,gaussian,0.5,8,[],bandpower_lda,sub-001_run-12_sample-3328,12,3328,3488,3968,20.8,TASK2T2,1,4.1,1,1,1.57834478820007e-09,0.9999999984216552
gaussian-0.5-seed-8,gaussian,0.5,8,[],bandpower_lda,sub-001_run-12_sample-4656,12,4656,4816,5296,29.1,TASK2T1,0,4.1,0,1,1.0925895366220573e-07,0.9999998907410463
gaussian-0.5-seed-8,gaussian,0.5,8,[],bandpower_lda,sub-001_run-12_sample-5984,12,5984,6144,6624,37.4,TASK2T1,0,4.1,0,1,2.922513494540979e-07,0.9999997077486505
gaussian-0.5-seed-8,gaussian,0.5,8,[],bandpower_lda,sub-001_run-12_sample-7312,12,7312,7472,7952,45.7,TASK2T2,1,4.1,1,1,1.5483170301422433e-12,0.9999999999984517
gaussian-0.5-seed-8,gaussian,0.5,8,[],bandpower_lda,sub-001_run-12_sample-8640,12,8640,8800,9280,54.0,TASK2T2,1,4.1,1,1,8.537107513140185e-07,0.9999991462892487
gaussian-0.5-seed-8,gaussian,0.5,8,[],bandpower_lda,sub-001_run-12_sample-9968,12,9968,10128,10608,62.3,TASK2T1,0,4.1,0,1,7.026035753199267e-09,0.9999999929739642
gaussian-0.5-seed-8,gaussian,0.5,8,[],bandpower_lda,sub-001_run-12_sample-11296,12,11296,11456,11936,70.6,TASK2T1,0,4.1,0,1,1.0313971898767704e-11,0.999999999989686
gaussian-0.5-seed-8,gaussian,0.5,8,[],bandpower_lda,sub-001_run-12_sample-12624,12,12624,12784,13264,78.9,TASK2T2,1,4.1,1,1,1.1949810347355871e-05,0.9999880501896526
gaussian-0.5-seed-8,gaussian,0.5,8,[],bandpower_lda,sub-001_run-12_sample-13952,12,13952,14112,14592,87.2,TASK2T2,1,4.1,1,1,3.8006187808026226e-07,0.9999996199381219
gaussian-0.5-seed-8,gaussian,0.5,8,[],bandpower_lda,sub-001_run-12_sample-15280,12,15280,15440,15920,95.5,TASK2T1,0,4.1,0,1,0.016987918464756113,0.9830120815352439
gaussian-0.5-seed-8,gaussian,0.5,8,[],bandpower_lda,sub-001_run-12_sample-16608,12,16608,16768,17248,103.8,TASK2T2,1,4.1,1,1,0.06024014142409451,0.9397598585759055
gaussian-0.5-seed-8,gaussian,0.5,8,[],bandpower_lda,sub-001_run-12_sample-17936,12,17936,18096,18576,112.1,TASK2T1,0,4.1,0,1,0.00010363494847276389,0.9998963650515272
gaussian-0.5-seed-8,gaussian,0.5,8,[],bandpower_lda,sub-001_run-12_sample-19264,12,19264,19424,19904,120.4,TASK2T2,1,4.1,1,1,0.0003477914534038007,0.9996522085465962
gaussian-0.5-seed-9,gaussian,0.5,9,[],csp_lda,sub-001_run-12_sample-672,12,672,832,1312,4.2,TASK2T2,1,4.1,1,0,0.9975293123301552,0.0024706876698448376
gaussian-0.5-seed-9,gaussian,0.5,9,[],csp_lda,sub-001_run-12_sample-2000,12,2000,2160,2640,12.5,TASK2T1,0,4.1,0,0,0.9938536459016934,0.006146354098306533
gaussian-0.5-seed-9,gaussian,0.5,9,[],csp_lda,sub-001_run-12_sample-3328,12,3328,3488,3968,20.8,TASK2T2,1,4.1,1,0,0.9968832260995741,0.003116773900425863
gaussian-0.5-seed-9,gaussian,0.5,9,[],csp_lda,sub-001_run-12_sample-4656,12,4656,4816,5296,29.1,TASK2T1,0,4.1,0,0,0.9984706785149244,0.0015293214850755144
gaussian-0.5-seed-9,gaussian,0.5,9,[],csp_lda,sub-001_run-12_sample-5984,12,5984,6144,6624,37.4,TASK2T1,0,4.1,0,0,0.9997510678725916,0.0002489321274083689
gaussian-0.5-seed-9,gaussian,0.5,9,[],csp_lda,sub-001_run-12_sample-7312,12,7312,7472,7952,45.7,TASK2T2,1,4.1,1,0,0.9988301712462865,0.001169828753713573
gaussian-0.5-seed-9,gaussian,0.5,9,[],csp_lda,sub-001_run-12_sample-8640,12,8640,8800,9280,54.0,TASK2T2,1,4.1,1,0,0.9884356973061363,0.011564302693863621
gaussian-0.5-seed-9,gaussian,0.5,9,[],csp_lda,sub-001_run-12_sample-9968,12,9968,10128,10608,62.3,TASK2T1,0,4.1,0,0,0.9992064968642955,0.0007935031357044726
gaussian-0.5-seed-9,gaussian,0.5,9,[],csp_lda,sub-001_run-12_sample-11296,12,11296,11456,11936,70.6,TASK2T1,0,4.1,0,0,0.9999224723735121,7.752762648791876e-05
gaussian-0.5-seed-9,gaussian,0.5,9,[],csp_lda,sub-001_run-12_sample-12624,12,12624,12784,13264,78.9,TASK2T2,1,4.1,1,0,0.999765234674318,0.00023476532568198014
gaussian-0.5-seed-9,gaussian,0.5,9,[],csp_lda,sub-001_run-12_sample-13952,12,13952,14112,14592,87.2,TASK2T2,1,4.1,1,0,0.9997620253416531,0.00023797465834685997
gaussian-0.5-seed-9,gaussian,0.5,9,[],csp_lda,sub-001_run-12_sample-15280,12,15280,15440,15920,95.5,TASK2T1,0,4.1,0,0,0.9999887284558863,1.127154411376593e-05
gaussian-0.5-seed-9,gaussian,0.5,9,[],csp_lda,sub-001_run-12_sample-16608,12,16608,16768,17248,103.8,TASK2T2,1,4.1,1,0,0.9999605133460909,3.948665390904104e-05
gaussian-0.5-seed-9,gaussian,0.5,9,[],csp_lda,sub-001_run-12_sample-17936,12,17936,18096,18576,112.1,TASK2T1,0,4.1,0,0,0.9999798599477808,2.014005221913867e-05
gaussian-0.5-seed-9,gaussian,0.5,9,[],csp_lda,sub-001_run-12_sample-19264,12,19264,19424,19904,120.4,TASK2T2,1,4.1,1,0,0.9979079846218593,0.0020920153781406963
gaussian-0.5-seed-9,gaussian,0.5,9,[],bandpower_lda,sub-001_run-12_sample-672,12,672,832,1312,4.2,TASK2T2,1,4.1,1,1,1.3425745113426757e-06,0.9999986574254887
gaussian-0.5-seed-9,gaussian,0.5,9,[],bandpower_lda,sub-001_run-12_sample-2000,12,2000,2160,2640,12.5,TASK2T1,0,4.1,0,1,5.041763985746961e-06,0.9999949582360143
gaussian-0.5-seed-9,gaussian,0.5,9,[],bandpower_lda,sub-001_run-12_sample-3328,12,3328,3488,3968,20.8,TASK2T2,1,4.1,1,1,4.2196750538181504e-08,0.9999999578032495
gaussian-0.5-seed-9,gaussian,0.5,9,[],bandpower_lda,sub-001_run-12_sample-4656,12,4656,4816,5296,29.1,TASK2T1,0,4.1,0,1,0.00020839764236102454,0.999791602357639
gaussian-0.5-seed-9,gaussian,0.5,9,[],bandpower_lda,sub-001_run-12_sample-5984,12,5984,6144,6624,37.4,TASK2T1,0,4.1,0,1,1.1529872240956252e-05,0.999988470127759
gaussian-0.5-seed-9,gaussian,0.5,9,[],bandpower_lda,sub-001_run-12_sample-7312,12,7312,7472,7952,45.7,TASK2T2,1,4.1,1,1,2.7250646184029392e-11,0.9999999999727494
gaussian-0.5-seed-9,gaussian,0.5,9,[],bandpower_lda,sub-001_run-12_sample-8640,12,8640,8800,9280,54.0,TASK2T2,1,4.1,1,1,4.566267364225496e-10,0.9999999995433733
gaussian-0.5-seed-9,gaussian,0.5,9,[],bandpower_lda,sub-001_run-12_sample-9968,12,9968,10128,10608,62.3,TASK2T1,0,4.1,0,1,6.364273552605937e-09,0.9999999936357264
gaussian-0.5-seed-9,gaussian,0.5,9,[],bandpower_lda,sub-001_run-12_sample-11296,12,11296,11456,11936,70.6,TASK2T1,0,4.1,0,1,5.24179055716445e-09,0.9999999947582094
gaussian-0.5-seed-9,gaussian,0.5,9,[],bandpower_lda,sub-001_run-12_sample-12624,12,12624,12784,13264,78.9,TASK2T2,1,4.1,1,1,4.014514340955344e-07,0.9999995985485659
gaussian-0.5-seed-9,gaussian,0.5,9,[],bandpower_lda,sub-001_run-12_sample-13952,12,13952,14112,14592,87.2,TASK2T2,1,4.1,1,1,0.00010479156570497583,0.999895208434295
gaussian-0.5-seed-9,gaussian,0.5,9,[],bandpower_lda,sub-001_run-12_sample-15280,12,15280,15440,15920,95.5,TASK2T1,0,4.1,0,1,0.0015740553222134412,0.9984259446777866
gaussian-0.5-seed-9,gaussian,0.5,9,[],bandpower_lda,sub-001_run-12_sample-16608,12,16608,16768,17248,103.8,TASK2T2,1,4.1,1,1,0.004456532249785261,0.9955434677502147
gaussian-0.5-seed-9,gaussian,0.5,9,[],bandpower_lda,sub-001_run-12_sample-17936,12,17936,18096,18576,112.1,TASK2T1,0,4.1,0,1,0.10836379905397331,0.8916362009460267
gaussian-0.5-seed-9,gaussian,0.5,9,[],bandpower_lda,sub-001_run-12_sample-19264,12,19264,19424,19904,120.4,TASK2T2,1,4.1,1,1,8.222609253483171e-07,0.9999991777390747
gaussian-1-seed-0,gaussian,1.0,0,[],csp_lda,sub-001_run-12_sample-672,12,672,832,1312,4.2,TASK2T2,1,4.1,1,0,0.9999988700311796,1.1299688203603322e-06
gaussian-1-seed-0,gaussian,1.0,0,[],csp_lda,sub-001_run-12_sample-2000,12,2000,2160,2640,12.5,TASK2T1,0,4.1,0,0,0.9999998593647474,1.4063525250568714e-07
gaussian-1-seed-0,gaussian,1.0,0,[],csp_lda,sub-001_run-12_sample-3328,12,3328,3488,3968,20.8,TASK2T2,1,4.1,1,0,0.9999975555458416,2.444454158411617e-06
gaussian-1-seed-0,gaussian,1.0,0,[],csp_lda,sub-001_run-12_sample-4656,12,4656,4816,5296,29.1,TASK2T1,0,4.1,0,0,0.9999992619090489,7.380909511687499e-07
gaussian-1-seed-0,gaussian,1.0,0,[],csp_lda,sub-001_run-12_sample-5984,12,5984,6144,6624,37.4,TASK2T1,0,4.1,0,0,0.999998344029165,1.655970835021808e-06
gaussian-1-seed-0,gaussian,1.0,0,[],csp_lda,sub-001_run-12_sample-7312,12,7312,7472,7952,45.7,TASK2T2,1,4.1,1,0,0.9999998642811624,1.3571883760246038e-07
gaussian-1-seed-0,gaussian,1.0,0,[],csp_lda,sub-001_run-12_sample-8640,12,8640,8800,9280,54.0,TASK2T2,1,4.1,1,0,0.9999966012658494,3.3987341505635464e-06
gaussian-1-seed-0,gaussian,1.0,0,[],csp_lda,sub-001_run-12_sample-9968,12,9968,10128,10608,62.3,TASK2T1,0,4.1,0,0,0.9999996886905801,3.1130941991330815e-07
gaussian-1-seed-0,gaussian,1.0,0,[],csp_lda,sub-001_run-12_sample-11296,12,11296,11456,11936,70.6,TASK2T1,0,4.1,0,0,0.9999998416823184,1.583176816746498e-07
gaussian-1-seed-0,gaussian,1.0,0,[],csp_lda,sub-001_run-12_sample-12624,12,12624,12784,13264,78.9,TASK2T2,1,4.1,1,0,0.9999999801099003,1.989009969025867e-08
gaussian-1-seed-0,gaussian,1.0,0,[],csp_lda,sub-001_run-12_sample-13952,12,13952,14112,14592,87.2,TASK2T2,1,4.1,1,0,0.9999988868078514,1.1131921485727248e-06
gaussian-1-seed-0,gaussian,1.0,0,[],csp_lda,sub-001_run-12_sample-15280,12,15280,15440,15920,95.5,TASK2T1,0,4.1,0,0,0.9999998821647833,1.1783521674949678e-07
gaussian-1-seed-0,gaussian,1.0,0,[],csp_lda,sub-001_run-12_sample-16608,12,16608,16768,17248,103.8,TASK2T2,1,4.1,1,0,0.9999999612195112,3.878048877422526e-08
gaussian-1-seed-0,gaussian,1.0,0,[],csp_lda,sub-001_run-12_sample-17936,12,17936,18096,18576,112.1,TASK2T1,0,4.1,0,0,0.999999958925244,4.1074756091242115e-08
gaussian-1-seed-0,gaussian,1.0,0,[],csp_lda,sub-001_run-12_sample-19264,12,19264,19424,19904,120.4,TASK2T2,1,4.1,1,0,0.9999975445067213,2.4554932787056534e-06
gaussian-1-seed-0,gaussian,1.0,0,[],bandpower_lda,sub-001_run-12_sample-672,12,672,832,1312,4.2,TASK2T2,1,4.1,1,1,6.281641873329136e-13,0.9999999999993718
gaussian-1-seed-0,gaussian,1.0,0,[],bandpower_lda,sub-001_run-12_sample-2000,12,2000,2160,2640,12.5,TASK2T1,0,4.1,0,1,9.214851104388799e-14,0.9999999999999079
gaussian-1-seed-0,gaussian,1.0,0,[],bandpower_lda,sub-001_run-12_sample-3328,12,3328,3488,3968,20.8,TASK2T2,1,4.1,1,1,7.325251516476783e-13,0.9999999999992675
gaussian-1-seed-0,gaussian,1.0,0,[],bandpower_lda,sub-001_run-12_sample-4656,12,4656,4816,5296,29.1,TASK2T1,0,4.1,0,1,2.19824158875781e-14,0.999999999999978
gaussian-1-seed-0,gaussian,1.0,0,[],bandpower_lda,sub-001_run-12_sample-5984,12,5984,6144,6624,37.4,TASK2T1,0,4.1,0,1,6.550315845288424e-14,0.9999999999999345
gaussian-1-seed-0,gaussian,1.0,0,[],bandpower_lda,sub-001_run-12_sample-7312,12,7312,7472,7952,45.7,TASK2T2,1,4.1,1,1,8.881784197001252e-16,0.9999999999999991
gaussian-1-seed-0,gaussian,1.0,0,[],bandpower_lda,sub-001_run-12_sample-8640,12,8640,8800,9280,54.0,TASK2T2,1,4.1,1,1,3.774758283725532e-15,0.9999999999999962
gaussian-1-seed-0,gaussian,1.0,0,[],bandpower_lda,sub-001_run-12_sample-9968,12,9968,10128,10608,62.3,TASK2T1,0,4.1,0,1,1.8052226380405045e-13,0.9999999999998195
gaussian-1-seed-0,gaussian,1.0,0,[],bandpower_lda,sub-001_run-12_sample-11296,12,11296,11456,11936,70.6,TASK2T1,0,4.1,0,1,4.440892098500626e-16,0.9999999999999996
gaussian-1-seed-0,gaussian,1.0,0,[],bandpower_lda,sub-001_run-12_sample-12624,12,12624,12784,13264,78.9,TASK2T2,1,4.1,1,1,7.502665155811883e-12,0.9999999999924973
gaussian-1-seed-0,gaussian,1.0,0,[],bandpower_lda,sub-001_run-12_sample-13952,12,13952,14112,14592,87.2,TASK2T2,1,4.1,1,1,5.9394711371396625e-12,0.9999999999940605
gaussian-1-seed-0,gaussian,1.0,0,[],bandpower_lda,sub-001_run-12_sample-15280,12,15280,15440,15920,95.5,TASK2T1,0,4.1,0,1,2.0405899192610377e-13,0.9999999999997959
gaussian-1-seed-0,gaussian,1.0,0,[],bandpower_lda,sub-001_run-12_sample-16608,12,16608,16768,17248,103.8,TASK2T2,1,4.1,1,1,5.662144086926446e-10,0.9999999994337856
gaussian-1-seed-0,gaussian,1.0,0,[],bandpower_lda,sub-001_run-12_sample-17936,12,17936,18096,18576,112.1,TASK2T1,0,4.1,0,1,5.292966065439941e-11,0.9999999999470703
gaussian-1-seed-0,gaussian,1.0,0,[],bandpower_lda,sub-001_run-12_sample-19264,12,19264,19424,19904,120.4,TASK2T2,1,4.1,1,1,1.2636558466283532e-12,0.9999999999987363
gaussian-1-seed-1,gaussian,1.0,1,[],csp_lda,sub-001_run-12_sample-672,12,672,832,1312,4.2,TASK2T2,1,4.1,1,0,0.9999984992847345,1.500715265458316e-06
gaussian-1-seed-1,gaussian,1.0,1,[],csp_lda,sub-001_run-12_sample-2000,12,2000,2160,2640,12.5,TASK2T1,0,4.1,0,0,0.9999986223103483,1.3776896516494648e-06
gaussian-1-seed-1,gaussian,1.0,1,[],csp_lda,sub-001_run-12_sample-3328,12,3328,3488,3968,20.8,TASK2T2,1,4.1,1,0,0.9999999747647452,2.5235254727387445e-08
gaussian-1-seed-1,gaussian,1.0,1,[],csp_lda,sub-001_run-12_sample-4656,12,4656,4816,5296,29.1,TASK2T1,0,4.1,0,0,0.999999614507766,3.854922340433387e-07
gaussian-1-seed-1,gaussian,1.0,1,[],csp_lda,sub-001_run-12_sample-5984,12,5984,6144,6624,37.4,TASK2T1,0,4.1,0,0,0.9999999554946525,4.4505347570753804e-08
gaussian-1-seed-1,gaussian,1.0,1,[],csp_lda,sub-001_run-12_sample-7312,12,7312,7472,7952,45.7,TASK2T2,1,4.1,1,0,0.9999994643529679,5.356470320410622e-07
gaussian-1-seed-1,gaussian,1.0,1,[],csp_lda,sub-001_run-12_sample-8640,12,8640,8800,9280,54.0,TASK2T2,1,4.1,1,0,0.9999947966519274,5.203348072639051e-06
gaussian-1-seed-1,gaussian,1.0,1,[],csp_lda,sub-001_run-12_sample-9968,12,9968,10128,10608,62.3,TASK2T1,0,4.1,0,0,0.999999813611543,1.8638845695122282e-07
gaussian-1-seed-1,gaussian,1.0,1,[],csp_lda,sub-001_run-12_sample-11296,12,11296,11456,11936,70.6,TASK2T1,0,4.1,0,0,0.9999998078204632,1.921795368189323e-07
gaussian-1-seed-1,gaussian,1.0,1,[],csp_lda,sub-001_run-12_sample-12624,12,12624,12784,13264,78.9,TASK2T2,1,4.1,1,0,0.999999618561296,3.8143870395281176e-07
gaussian-1-seed-1,gaussian,1.0,1,[],csp_lda,sub-001_run-12_sample-13952,12,13952,14112,14592,87.2,TASK2T2,1,4.1,1,0,0.9999995473562351,4.526437649142783e-07
gaussian-1-seed-1,gaussian,1.0,1,[],csp_lda,sub-001_run-12_sample-15280,12,15280,15440,15920,95.5,TASK2T1,0,4.1,0,0,0.9999999814350342,1.8564965755689917e-08
gaussian-1-seed-1,gaussian,1.0,1,[],csp_lda,sub-001_run-12_sample-16608,12,16608,16768,17248,103.8,TASK2T2,1,4.1,1,0,0.9999999936378279,6.362172071204203e-09
gaussian-1-seed-1,gaussian,1.0,1,[],csp_lda,sub-001_run-12_sample-17936,12,17936,18096,18576,112.1,TASK2T1,0,4.1,0,0,0.9999996518547775,3.481452225871954e-07
gaussian-1-seed-1,gaussian,1.0,1,[],csp_lda,sub-001_run-12_sample-19264,12,19264,19424,19904,120.4,TASK2T2,1,4.1,1,0,0.9999998266801164,1.7331988361072986e-07
gaussian-1-seed-1,gaussian,1.0,1,[],bandpower_lda,sub-001_run-12_sample-672,12,672,832,1312,4.2,TASK2T2,1,4.1,1,1,1.0391687510491465e-13,0.9999999999998961
gaussian-1-seed-1,gaussian,1.0,1,[],bandpower_lda,sub-001_run-12_sample-2000,12,2000,2160,2640,12.5,TASK2T1,0,4.1,0,1,2.2426505097428162e-14,0.9999999999999776
gaussian-1-seed-1,gaussian,1.0,1,[],bandpower_lda,sub-001_run-12_sample-3328,12,3328,3488,3968,20.8,TASK2T2,1,4.1,1,1,7.004485880202083e-11,0.9999999999299551
gaussian-1-seed-1,gaussian,1.0,1,[],bandpower_lda,sub-001_run-12_sample-4656,12,4656,4816,5296,29.1,TASK2T1,0,4.1,0,1,5.211386877590485e-13,0.9999999999994789
gaussian-1-seed-1,gaussian,1.0,1,[],bandpower_lda,sub-001_run-12_sample-5984,12,5984,6144,6624,37.4,TASK2T1,0,4.1,0,1,2.1229684676882243e-12,0.999999999997877
gaussian-1-seed-1,gaussian,1.0,1,[],bandpower_lda,sub-001_run-12_sample-7312,12,7312,7472,7952,45.7,TASK2T2,1,4.1,1,1,0.0,1.0
gaussian-1-seed-1,gaussian,1.0,1,[],bandpower_lda,sub-001_run-12_sample-8640,12,8640,8800,9280,54.0,TASK2T2,1,4.1,1,1,9.547918011776346e-15,0.9999999999999905
gaussian-1-seed-1,gaussian,1.0,1,[],bandpower_lda,sub-001_run-12_sample-9968,12,9968,10128,10608,62.3,TASK2T1,0,4.1,0,1,5.773159728050814e-15,0.9999999999999942
gaussian-1-seed-1,gaussian,1.0,1,[],bandpower_lda,sub-001_run-12_sample-11296,12,11296,11456,11936,70.6,TASK2T1,0,4.1,0,1,0.0,1.0
gaussian-1-seed-1,gaussian,1.0,1,[],bandpower_lda,sub-001_run-12_sample-12624,12,12624,12784,13264,78.9,TASK2T2,1,4.1,1,1,8.450351529631916e-12,0.9999999999915496
gaussian-1-seed-1,gaussian,1.0,1,[],bandpower_lda,sub-001_run-12_sample-13952,12,13952,14112,14592,87.2,TASK2T2,1,4.1,1,1,1.4654943925052066e-14,0.9999999999999853
gaussian-1-seed-1,gaussian,1.0,1,[],bandpower_lda,sub-001_run-12_sample-15280,12,15280,15440,15920,95.5,TASK2T1,0,4.1,0,1,6.4710459213301874e-12,0.999999999993529
gaussian-1-seed-1,gaussian,1.0,1,[],bandpower_lda,sub-001_run-12_sample-16608,12,16608,16768,17248,103.8,TASK2T2,1,4.1,1,1,2.0270363165764138e-10,0.9999999997972964
gaussian-1-seed-1,gaussian,1.0,1,[],bandpower_lda,sub-001_run-12_sample-17936,12,17936,18096,18576,112.1,TASK2T1,0,4.1,0,1,3.8501868360185654e-11,0.9999999999614981
gaussian-1-seed-1,gaussian,1.0,1,[],bandpower_lda,sub-001_run-12_sample-19264,12,19264,19424,19904,120.4,TASK2T2,1,4.1,1,1,5.153655280309977e-13,0.9999999999994846
gaussian-1-seed-2,gaussian,1.0,2,[],csp_lda,sub-001_run-12_sample-672,12,672,832,1312,4.2,TASK2T2,1,4.1,1,0,0.9999999350160202,6.498397976231147e-08
gaussian-1-seed-2,gaussian,1.0,2,[],csp_lda,sub-001_run-12_sample-2000,12,2000,2160,2640,12.5,TASK2T1,0,4.1,0,0,0.9999997157331827,2.84266817314404e-07
gaussian-1-seed-2,gaussian,1.0,2,[],csp_lda,sub-001_run-12_sample-3328,12,3328,3488,3968,20.8,TASK2T2,1,4.1,1,0,0.9999995220939029,4.779060971587362e-07
gaussian-1-seed-2,gaussian,1.0,2,[],csp_lda,sub-001_run-12_sample-4656,12,4656,4816,5296,29.1,TASK2T1,0,4.1,0,0,0.9999998972023209,1.027976791022183e-07
gaussian-1-seed-2,gaussian,1.0,2,[],csp_lda,sub-001_run-12_sample-5984,12,5984,6144,6624,37.4,TASK2T1,0,4.1,0,0,0.9999990272804549,9.727195451680031e-07
gaussian-1-seed-2,gaussian,1.0,2,[],csp_lda,sub-001_run-12_sample-7312,12,7312,7472,7952,45.7,TASK2T2,1,4.1,1,0,0.9999999086477752,9.135222474641384e-08
gaussian-1-seed-2,gaussian,1.0,2,[],csp_lda,sub-001_run-12_sample-8640,12,8640,8800,9280,54.0,TASK2T2,1,4.1,1,0,0.9999998084928576,1.9150714235907665e-07
gaussian-1-seed-2,gaussian,1.0,2,[],csp_lda,sub-001_run-12_sample-9968,12,9968,10128,10608,62.3,TASK2T1,0,4.1,0,0,0.999999710930005,2.8906999503341584e-07
gaussian-1-seed-2,gaussian,1.0,2,[],csp_lda,sub-001_run-12_sample-11296,12,11296,11456,11936,70.6,TASK2T1,0,4.1,0,0,0.9999997460601356,2.5393986431854023e-07
gaussian-1-seed-2,gaussian,1.0,2,[],csp_lda,sub-001_run-12_sample-12624,12,12624,12784,13264,78.9,TASK2T2,1,4.1,1,0,0.9999993615004106,6.384995894139519e-07
gaussian-1-seed-2,gaussian,1.0,2,[],csp_lda,sub-001_run-12_sample-13952,12,13952,14112,14592,87.2,TASK2T2,1,4.1,1,0,0.9999988765128752,1.123487124784548e-06
gaussian-1-seed-2,gaussian,1.0,2,[],csp_lda,sub-001_run-12_sample-15280,12,15280,15440,15920,95.5,TASK2T1,0,4.1,0,0,0.9999999276161183,7.238388170370184e-08
gaussian-1-seed-2,gaussian,1.0,2,[],csp_lda,sub-001_run-12_sample-16608,12,16608,16768,17248,103.8,TASK2T2,1,4.1,1,0,0.9999998873489082,1.1265109175264482e-07
gaussian-1-seed-2,gaussian,1.0,2,[],csp_lda,sub-001_run-12_sample-17936,12,17936,18096,18576,112.1,TASK2T1,0,4.1,0,0,0.9999997986205903,2.0137940972777073e-07
gaussian-1-seed-2,gaussian,1.0,2,[],csp_lda,sub-001_run-12_sample-19264,12,19264,19424,19904,120.4,TASK2T2,1,4.1,1,0,0.9999998531987198,1.4680128025751496e-07
gaussian-1-seed-2,gaussian,1.0,2,[],bandpower_lda,sub-001_run-12_sample-672,12,672,832,1312,4.2,TASK2T2,1,4.1,1,1,3.064215547965432e-13,0.9999999999996936
gaussian-1-seed-2,gaussian,1.0,2,[],bandpower_lda,sub-001_run-12_sample-2000,12,2000,2160,2640,12.5,TASK2T1,0,4.1,0,1,2.4202861936828413e-13,0.999999999999758
gaussian-1-seed-2,gaussian,1.0,2,[],bandpower_lda,sub-001_run-12_sample-3328,12,3328,3488,3968,20.8,TASK2T2,1,4.1,1,1,2.5135449277513544e-13,0.9999999999997486
gaussian-1-seed-2,gaussian,1.0,2,[],bandpower_lda,sub-001_run-12_sample-4656,12,4656,4816,5296,29.1,TASK2T1,0,4.1,0,1,4.596323321948148e-14,0.999999999999954
gaussian-1-seed-2,gaussian,1.0,2,[],bandpower_lda,sub-001_run-12_sample-5984,12,5984,6144,6624,37.4,TASK2T1,0,4.1,0,1,2.220446049250313e-15,0.9999999999999978
gaussian-1-seed-2,gaussian,1.0,2,[],bandpower_lda,sub-001_run-12_sample-7312,12,7312,7472,7952,45.7,TASK2T2,1,4.1,1,1,4.440892098500626e-16,0.9999999999999996
gaussian-1-seed-2,gaussian,1.0,2,[],bandpower_lda,sub-001_run-12_sample-8640,12,8640,8800,9280,54.0,TASK2T2,1,4.1,1,1,8.207012847094575e-11,0.9999999999179299
gaussian-1-seed-2,gaussian,1.0,2,[],bandpower_lda,sub-001_run-12_sample-9968,12,9968,10128,10608,62.3,TASK2T1,0,4.1,0,1,4.707345624410664e-14,0.9999999999999529
gaussian-1-seed-2,gaussian,1.0,2,[],bandpower_lda,sub-001_run-12_sample-11296,12,11296,11456,11936,70.6,TASK2T1,0,4.1,0,1,1.1102230246251565e-15,0.9999999999999989
gaussian-1-seed-2,gaussian,1.0,2,[],bandpower_lda,sub-001_run-12_sample-12624,12,12624,12784,13264,78.9,TASK2T2,1,4.1,1,1,2.886579864025407e-15,0.9999999999999971
gaussian-1-seed-2,gaussian,1.0,2,[],bandpower_lda,sub-001_run-12_sample-13952,12,13952,14112,14592,87.2,TASK2T2,1,4.1,1,1,8.681944052568724e-13,0.9999999999991318
gaussian-1-seed-2,gaussian,1.0,2,[],bandpower_lda,sub-001_run-12_sample-15280,12,15280,15440,15920,95.5,TASK2T1,0,4.1,0,1,4.433609035459085e-11,0.9999999999556639
gaussian-1-seed-2,gaussian,1.0,2,[],bandpower_lda,sub-001_run-12_sample-16608,12,16608,16768,17248,103.8,TASK2T2,1,4.1,1,1,1.7850165789923267e-12,0.999999999998215
gaussian-1-seed-2,gaussian,1.0,2,[],bandpower_lda,sub-001_run-12_sample-17936,12,17936,18096,18576,112.1,TASK2T1,0,4.1,0,1,4.796585351130034e-11,0.9999999999520341
gaussian-1-seed-2,gaussian,1.0,2,[],bandpower_lda,sub-001_run-12_sample-19264,12,19264,19424,19904,120.4,TASK2T2,1,4.1,1,1,9.969802761133906e-14,0.9999999999999003
gaussian-1-seed-3,gaussian,1.0,3,[],csp_lda,sub-001_run-12_sample-672,12,672,832,1312,4.2,TASK2T2,1,4.1,1,0,0.9999986113227717,1.388677228322057e-06
gaussian-1-seed-3,gaussian,1.0,3,[],csp_lda,sub-001_run-12_sample-2000,12,2000,2160,2640,12.5,TASK2T1,0,4.1,0,0,0.9999985427754043,1.4572245956621483e-06
gaussian-1-seed-3,gaussian,1.0,3,[],csp_lda,sub-001_run-12_sample-3328,12,3328,3488,3968,20.8,TASK2T2,1,4.1,1,0,0.9999999111234845,8.887651548423973e-08
gaussian-1-seed-3,gaussian,1.0,3,[],csp_lda,sub-001_run-12_sample-4656,12,4656,4816,5296,29.1,TASK2T1,0,4.1,0,0,0.9999996207773643,3.7922263577345713e-07
gaussian-1-seed-3,gaussian,1.0,3,[],csp_lda,sub-001_run-12_sample-5984,12,5984,6144,6624,37.4,TASK2T1,0,4.1,0,0,0.9999999488461189,5.11538811458502e-08
gaussian-1-seed-3,gaussian,1.0,3,[],csp_lda,sub-001_run-12_sample-7312,12,7312,7472,7952,45.7,TASK2T2,1,4.1,1,0,0.9999999454855325,5.451446744112515e-08
gaussian-1-seed-3,gaussian,1.0,3,[],csp_lda,sub-001_run-12_sample-8640,12,8640,8800,9280,54.0,TASK2T2,1,4.1,1,0,0.999999870321703,1.2967829694956218e-07
gaussian-1-seed-3,gaussian,1.0,3,[],csp_lda,sub-001_run-12_sample-9968,12,9968,10128,10608,62.3,TASK2T1,0,4.1,0,0,0.9999974302365323,2.5697634676627064e-06
gaussian-1-seed-3,gaussian,1.0,3,[],csp_lda,sub-001_run-12_sample-11296,12,11296,11456,11936,70.6,TASK2T1,0,4.1,0,0,0.9999999849470731,1.5052926902766652e-08
gaussian-1-seed-3,gaussian,1.0,3,[],csp_lda,sub-001_run-12_sample-12624,12,12624,12784,13264,78.9,TASK2T2,1,4.1,1,0,0.9999997576237417,2.423762582844987e-07
gaussian-1-seed-3,gaussian,1.0,3,[],csp_lda,sub-001_run-12_sample-13952,12,13952,14112,14592,87.2,TASK2T2,1,4.1,1,0,0.9999998322855838,1.6771441618903683e-07
gaussian-1-seed-3,gaussian,1.0,3,[],csp_lda,sub-001_run-12_sample-15280,12,15280,15440,15920,95.5,TASK2T1,0,4.1,0,0,0.9999996750725609,3.2492743901605224e-07
gaussian-1-seed-3,gaussian,1.0,3,[],csp_lda,sub-001_run-12_sample-16608,12,16608,16768,17248,103.8,TASK2T2,1,4.1,1,0,0.9999999329490264,6.705097354217051e-08
gaussian-1-seed-3,gaussian,1.0,3,[],csp_lda,sub-001_run-12_sample-17936,12,17936,18096,18576,112.1,TASK2T1,0,4.1,0,0,0.9999998871856305,1.1281436947142374e-07
gaussian-1-seed-3,gaussian,1.0,3,[],csp_lda,sub-001_run-12_sample-19264,12,19264,19424,19904,120.4,TASK2T2,1,4.1,1,0,0.9999961505078772,3.8494921228460734e-06
gaussian-1-seed-3,gaussian,1.0,3,[],bandpower_lda,sub-001_run-12_sample-672,12,672,832,1312,4.2,TASK2T2,1,4.1,1,1,4.5008441418303846e-13,0.9999999999995499
gaussian-1-seed-3,gaussian,1.0,3,[],bandpower_lda,sub-001_run-12_sample-2000,12,2000,2160,2640,12.5,TASK2T1,0,4.1,0,1,1.0494494162571755e-11,0.9999999999895055
gaussian-1-seed-3,gaussian,1.0,3,[],bandpower_lda,sub-001_run-12_sample-3328,12,3328,3488,3968,20.8,TASK2T2,1,4.1,1,1,4.3076653355456074e-13,0.9999999999995692
gaussian-1-seed-3,gaussian,1.0,3,[],bandpower_lda,sub-001_run-12_sample-4656,12,4656,4816,5296,29.1,TASK2T1,0,4.1,0,1,5.844658090836674e-12,0.9999999999941553
gaussian-1-seed-3,gaussian,1.0,3,[],bandpower_lda,sub-001_run-12_sample-5984,12,5984,6144,6624,37.4,TASK2T1,0,4.1,0,1,5.0173198928860074e-12,0.9999999999949827
gaussian-1-seed-3,gaussian,1.0,3,[],bandpower_lda,sub-001_run-12_sample-7312,12,7312,7472,7952,45.7,TASK2T2,1,4.1,1,1,0.0,1.0
gaussian-1-seed-3,gaussian,1.0,3,[],bandpower_lda,sub-001_run-12_sample-8640,12,8640,8800,9280,54.0,TASK2T2,1,4.1,1,1,2.7431390492438368e-12,0.9999999999972569
gaussian-1-seed-3,gaussian,1.0,3,[],bandpower_lda,sub-001_run-12_sample-9968,12,9968,10128,10608,62.3,TASK2T1,0,4.1,0,1,8.43769498715119e-15,0.9999999999999916
gaussian-1-seed-3,gaussian,1.0,3,[],bandpower_lda,sub-001_run-12_sample-11296,12,11296,11456,11936,70.6,TASK2T1,0,4.1,0,1,5.773159728050814e-15,0.9999999999999942
gaussian-1-seed-3,gaussian,1.0,3,[],bandpower_lda,sub-001_run-12_sample-12624,12,12624,12784,13264,78.9,TASK2T2,1,4.1,1,1,3.1332714200971168e-12,0.9999999999968667
gaussian-1-seed-3,gaussian,1.0,3,[],bandpower_lda,sub-001_run-12_sample-13952,12,13952,14112,14592,87.2,TASK2T2,1,4.1,1,1,5.14330800172047e-11,0.9999999999485669
gaussian-1-seed-3,gaussian,1.0,3,[],bandpower_lda,sub-001_run-12_sample-15280,12,15280,15440,15920,95.5,TASK2T1,0,4.1,0,1,6.483702463810914e-13,0.9999999999993516
gaussian-1-seed-3,gaussian,1.0,3,[],bandpower_lda,sub-001_run-12_sample-16608,12,16608,16768,17248,103.8,TASK2T2,1,4.1,1,1,1.2881558042465713e-09,0.9999999987118442
gaussian-1-seed-3,gaussian,1.0,3,[],bandpower_lda,sub-001_run-12_sample-17936,12,17936,18096,18576,112.1,TASK2T1,0,4.1,0,1,6.933875695835923e-11,0.9999999999306612
gaussian-1-seed-3,gaussian,1.0,3,[],bandpower_lda,sub-001_run-12_sample-19264,12,19264,19424,19904,120.4,TASK2T2,1,4.1,1,1,1.0953460360951794e-12,0.9999999999989047
gaussian-1-seed-4,gaussian,1.0,4,[],csp_lda,sub-001_run-12_sample-672,12,672,832,1312,4.2,TASK2T2,1,4.1,1,0,0.999999542398885,4.5760111503160766e-07
gaussian-1-seed-4,gaussian,1.0,4,[],csp_lda,sub-001_run-12_sample-2000,12,2000,2160,2640,12.5,TASK2T1,0,4.1,0,0,0.9999999420099186,5.7990081444586565e-08
gaussian-1-seed-4,gaussian,1.0,4,[],csp_lda,sub-001_run-12_sample-3328,12,3328,3488,3968,20.8,TASK2T2,1,4.1,1,0,0.999999632871176,3.671288240354631e-07
gaussian-1-seed-4,gaussian,1.0,4,[],csp_lda,sub-001_run-12_sample-4656,12,4656,4816,5296,29.1,TASK2T1,0,4.1,0,0,0.999999826199745,1.738002549816551e-07
gaussian-1-seed-4,gaussian,1.0,4,[],csp_lda,sub-001_run-12_sample-5984,12,5984,6144,6624,37.4,TASK2T1,0,4.1,0,0,0.9999995289230422,4.7107695782395477e-07
gaussian-1-seed-4,gaussian,1.0,4,[],csp_lda,sub-001_run-12_sample-7312,12,7312,7472,7952,45.7,TASK2T2,1,4.1,1,0,0.999998971331843,1.0286681569469738e-06
gaussian-1-seed-4,gaussian,1.0,4,[],csp_lda,sub-001_run-12_sample-8640,12,8640,8800,9280,54.0,TASK2T2,1,4.1,1,0,0.9999983982923556,1.6017076444184854e-06
gaussian-1-seed-4,gaussian,1.0,4,[],csp_lda,sub-001_run-12_sample-9968,12,9968,10128,10608,62.3,TASK2T1,0,4.1,0,0,0.9999968783233576,3.121676642384014e-06
gaussian-1-seed-4,gaussian,1.0,4,[],csp_lda,sub-001_run-12_sample-11296,12,11296,11456,11936,70.6,TASK2T1,0,4.1,0,0,0.9999998808988397,1.1910116027197161e-07
gaussian-1-seed-4,gaussian,1.0,4,[],csp_lda,sub-001_run-12_sample-12624,12,12624,12784,13264,78.9,TASK2T2,1,4.1,1,0,0.9999990500986201,9.499013799244201e-07
gaussian-1-seed-4,gaussian,1.0,4,[],csp_lda,sub-001_run-12_sample-13952,12,13952,14112,14592,87.2,TASK2T2,1,4.1,1,0,0.9999999481081809,5.1891819036387196e-08
gaussian-1-seed-4,gaussian,1.0,4,[],csp_lda,sub-001_run-12_sample-15280,12,15280,15440,15920,95.5,TASK2T1,0,4.1,0,0,0.9999999916299528,8.37004721937845e-09
gaussian-1-seed-4,gaussian,1.0,4,[],csp_lda,sub-001_run-12_sample-16608,12,16608,16768,17248,103.8,TASK2T2,1,4.1,1,0,0.9999999282361474,7.176385267789688e-08
gaussian-1-seed-4,gaussian,1.0,4,[],csp_lda,sub-001_run-12_sample-17936,12,17936,18096,18576,112.1,TASK2T1,0,4.1,0,0,0.9999999295961315,7.040386854832283e-08
gaussian-1-seed-4,gaussian,1.0,4,[],csp_lda,sub-001_run-12_sample-19264,12,19264,19424,19904,120.4,TASK2T2,1,4.1,1,0,0.999999832841598,1.6715840205572576e-07
gaussian-1-seed-4,gaussian,1.0,4,[],bandpower_lda,sub-001_run-12_sample-672,12,672,832,1312,4.2,TASK2T2,1,4.1,1,1,7.94475596421762e-13,0.9999999999992055
gaussian-1-seed-4,gaussian,1.0,4,[],bandpower_lda,sub-001_run-12_sample-2000,12,2000,2160,2640,12.5,TASK2T1,0,4.1,0,1,1.0669243266647754e-12,0.9999999999989331
gaussian-1-seed-4,gaussian,1.0,4,[],bandpower_lda,sub-001_run-12_sample-3328,12,3328,3488,3968,20.8,TASK2T2,1,4.1,1,1,6.936673457857978e-13,0.9999999999993063
gaussian-1-seed-4,gaussian,1.0,4,[],bandpower_lda,sub-001_run-12_sample-4656,12,4656,4816,5296,29.1,TASK2T1,0,4.1,0,1,4.5075054799781356e-14,0.9999999999999549
gaussian-1-seed-4,gaussian,1.0,4,[],bandpower_lda,sub-001_run-12_sample-5984,12,5984,6144,6624,37.4,TASK2T1,0,4.1,0,1,1.8851586958135158e-13,0.9999999999998115
gaussian-1-seed-4,gaussian,1.0,4,[],bandpower_lda,sub-001_run-12_sample-7312,12,7312,7472,7952,45.7,TASK2T2,1,4.1,1,1,2.220446049250313e-16,0.9999999999999998
gaussian-1-seed-4,gaussian,1.0,4,[],bandpower_lda,sub-001_run-12_sample-8640,12,8640,8800,9280,54.0,TASK2T2,1,4.1,1,1,1.0262901639634947e-12,0.9999999999989737
gaussian-1-seed-4,gaussian,1.0,4,[],bandpower_lda,sub-001_run-12_sample-9968,12,9968,10128,10608,62.3,TASK2T1,0,4.1,0,1,0.0,1.0
gaussian-1-seed-4,gaussian,1.0,4,[],bandpower_lda,sub-001_run-12_sample-11296,12,11296,11456,11936,70.6,TASK2T1,0,4.1,0,1,2.0872192862952943e-14,0.9999999999999791
gaussian-1-seed-4,gaussian,1.0,4,[],bandpower_lda,sub-001_run-12_sample-12624,12,12624,12784,13264,78.9,TASK2T2,1,4.1,1,1,8.186784583585904e-13,0.9999999999991813
gaussian-1-seed-4,gaussian,1.0,4,[],bandpower_lda,sub-001_run-12_sample-13952,12,13952,14112,14592,87.2,TASK2T2,1,4.1,1,1,1.0125233984581428e-13,0.9999999999998987
gaussian-1-seed-4,gaussian,1.0,4,[],bandpower_lda,sub-001_run-12_sample-15280,12,15280,15440,15920,95.5,TASK2T1,0,4.1,0,1,4.108535733848839e-11,0.9999999999589146
gaussian-1-seed-4,gaussian,1.0,4,[],bandpower_lda,sub-001_run-12_sample-16608,12,16608,16768,17248,103.8,TASK2T2,1,4.1,1,1,2.074718175038015e-10,0.9999999997925282
gaussian-1-seed-4,gaussian,1.0,4,[],bandpower_lda,sub-001_run-12_sample-17936,12,17936,18096,18576,112.1,TASK2T1,0,4.1,0,1,3.0490499014490524e-11,0.9999999999695095
gaussian-1-seed-4,gaussian,1.0,4,[],bandpower_lda,sub-001_run-12_sample-19264,12,19264,19424,19904,120.4,TASK2T2,1,4.1,1,1,5.306866057708248e-13,0.9999999999994693
gaussian-1-seed-5,gaussian,1.0,5,[],csp_lda,sub-001_run-12_sample-672,12,672,832,1312,4.2,TASK2T2,1,4.1,1,0,0.9999997795570694,2.2044293054134585e-07
gaussian-1-seed-5,gaussian,1.0,5,[],csp_lda,sub-001_run-12_sample-2000,12,2000,2160,2640,12.5,TASK2T1,0,4.1,0,0,0.9999999665253465,3.347465353492528e-08
gaussian-1-seed-5,gaussian,1.0,5,[],csp_lda,sub-001_run-12_sample-3328,12,3328,3488,3968,20.8,TASK2T2,1,4.1,1,0,0.9999998449210428,1.55078957204492e-07
gaussian-1-seed-5,gaussian,1.0,5,[],csp_lda,sub-001_run-12_sample-4656,12,4656,4816,5296,29.1,TASK2T1,0,4.1,0,0,0.9999994799504854,5.200495146122738e-07
gaussian-1-seed-5,gaussian,1.0,5,[],csp_lda,sub-001_run-12_sample-5984,12,5984,6144,6624,37.4,TASK2T1,0,4.1,0,0,0.9999990554865339,9.445134660825087e-07
gaussian-1-seed-5,gaussian,1.0,5,[],csp_lda,sub-001_run-12_sample-7312,12,7312,7472,7952,45.7,TASK2T2,1,4.1,1,0,0.9999996405510169,3.594489831054474e-07
gaussian-1-seed-5,gaussian,1.0,5,[],csp_lda,sub-001_run-12_sample-8640,12,8640,8800,9280,54.0,TASK2T2,1,4.1,1,0,0.9999997039591607,2.960408392527925e-07
gaussian-1-seed-5,gaussian,1.0,5,[],csp_lda,sub-001_run-12_sample-9968,12,9968,10128,10608,62.3,TASK2T1,0,4.1,0,0,0.9999999554776029,4.4522397129701395e-08
gaussian-1-seed-5,gaussian,1.0,5,[],csp_lda,sub-001_run-12_sample-11296,12,11296,11456,11936,70.6,TASK2T1,0,4.1,0,0,0.9999999832441708,1.675582912086435e-08
gaussian-1-seed-5,gaussian,1.0,5,[],csp_lda,sub-001_run-12_sample-12624,12,12624,12784,13264,78.9,TASK2T2,1,4.1,1,0,0.9999988056837471,1.1943162528441893e-06
gaussian-1-seed-5,gaussian,1.0,5,[],csp_lda,sub-001_run-12_sample-13952,12,13952,14112,14592,87.2,TASK2T2,1,4.1,1,0,0.9999999890435004,1.0956499644701543e-08
gaussian-1-seed-5,gaussian,1.0,5,[],csp_lda,sub-001_run-12_sample-15280,12,15280,15440,15920,95.5,TASK2T1,0,4.1,0,0,0.9999998450150834,1.5498491654093437e-07
gaussian-1-seed-5,gaussian,1.0,5,[],csp_lda,sub-001_run-12_sample-16608,12,16608,16768,17248,103.8,TASK2T2,1,4.1,1,0,0.9999999712206863,2.8779313698671176e-08
gaussian-1-seed-5,gaussian,1.0,5,[],csp_lda,sub-001_run-12_sample-17936,12,17936,18096,18576,112.1,TASK2T1,0,4.1,0,0,0.9999998011791401,1.988208598696286e-07
gaussian-1-seed-5,gaussian,1.0,5,[],csp_lda,sub-001_run-12_sample-19264,12,19264,19424,19904,120.4,TASK2T2,1,4.1,1,0,0.9999996273056683,3.726943317310829e-07
gaussian-1-seed-5,gaussian,1.0,5,[],bandpower_lda,sub-001_run-12_sample-672,12,672,832,1312,4.2,TASK2T2,1,4.1,1,1,1.4530598946294049e-12,0.9999999999985469
gaussian-1-seed-5,gaussian,1.0,5,[],bandpower_lda,sub-001_run-12_sample-2000,12,2000,2160,2640,12.5,TASK2T1,0,4.1,0,1,3.8413716652030416e-14,0.9999999999999616
gaussian-1-seed-5,gaussian,1.0,5,[],bandpower_lda,sub-001_run-12_sample-3328,12,3328,3488,3968,20.8,TASK2T2,1,4.1,1,1,9.366951658762446e-12,0.999999999990633
gaussian-1-seed-5,gaussian,1.0,5,[],bandpower_lda,sub-001_run-12_sample-4656,12,4656,4816,5296,29.1,TASK2T1,0,4.1,0,1,1.0484946244559978e-12,0.9999999999989515
gaussian-1-seed-5,gaussian,1.0,5,[],bandpower_lda,sub-001_run-12_sample-5984,12,5984,6144,6624,37.4,TASK2T1,0,4.1,0,1,3.828626304880345e-11,0.9999999999617137
gaussian-1-seed-5,gaussian,1.0,5,[],bandpower_lda,sub-001_run-12_sample-7312,12,7312,7472,7952,45.7,TASK2T2,1,4.1,1,1,0.0,1.0
gaussian-1-seed-5,gaussian,1.0,5,[],bandpower_lda,sub-001_run-12_sample-8640,12,8640,8800,9280,54.0,TASK2T2,1,4.1,1,1,6.2021499047659745e-12,0.9999999999937979
gaussian-1-seed-5,gaussian,1.0,5,[],bandpower_lda,sub-001_run-12_sample-9968,12,9968,10128,10608,62.3,TASK2T1,0,4.1,0,1,6.661338147750939e-16,0.9999999999999993
gaussian-1-seed-5,gaussian,1.0,5,[],bandpower_lda,sub-001_run-12_sample-11296,12,11296,11456,11936,70.6,TASK2T1,0,4.1,0,1,6.661338147750939e-16,0.9999999999999993
gaussian-1-seed-5,gaussian,1.0,5,[],bandpower_lda,sub-001_run-12_sample-12624,12,12624,12784,13264,78.9,TASK2T2,1,4.1,1,1,2.275291066666796e-12,0.9999999999977247
gaussian-1-seed-5,gaussian,1.0,5,[],bandpower_lda,sub-001_run-12_sample-13952,12,13952,14112,14592,87.2,TASK2T2,1,4.1,1,1,1.0458300891968975e-13,0.9999999999998954
gaussian-1-seed-5,gaussian,1.0,5,[],bandpower_lda,sub-001_run-12_sample-15280,12,15280,15440,15920,95.5,TASK2T1,0,4.1,0,1,5.222955401507079e-11,0.9999999999477704
gaussian-1-seed-5,gaussian,1.0,5,[],bandpower_lda,sub-001_run-12_sample-16608,12,16608,16768,17248,103.8,TASK2T2,1,4.1,1,1,1.9728396694063122e-10,0.999999999802716
gaussian-1-seed-5,gaussian,1.0,5,[],bandpower_lda,sub-001_run-12_sample-17936,12,17936,18096,18576,112.1,TASK2T1,0,4.1,0,1,8.289147146456344e-12,0.9999999999917109
gaussian-1-seed-5,gaussian,1.0,5,[],bandpower_lda,sub-001_run-12_sample-19264,12,19264,19424,19904,120.4,TASK2T2,1,4.1,1,1,1.3272272170183896e-11,0.9999999999867277
gaussian-1-seed-6,gaussian,1.0,6,[],csp_lda,sub-001_run-12_sample-672,12,672,832,1312,4.2,TASK2T2,1,4.1,1,0,0.9999994622867838,5.377132162031234e-07
gaussian-1-seed-6,gaussian,1.0,6,[],csp_lda,sub-001_run-12_sample-2000,12,2000,2160,2640,12.5,TASK2T1,0,4.1,0,0,0.9999999616829929,3.831700713723448e-08
gaussian-1-seed-6,gaussian,1.0,6,[],csp_lda,sub-001_run-12_sample-3328,12,3328,3488,3968,20.8,TASK2T2,1,4.1,1,0,0.9999994599013936,5.400986063881141e-07
gaussian-1-seed-6,gaussian,1.0,6,[],csp_lda,sub-001_run-12_sample-4656,12,4656,4816,5296,29.1,TASK2T1,0,4.1,0,0,0.9999987894520053,1.210547994730207e-06
gaussian-1-seed-6,gaussian,1.0,6,[],csp_lda,sub-001_run-12_sample-5984,12,5984,6144,6624,37.4,TASK2T1,0,4.1,0,0,0.9999994919109361,5.080890639319761e-07
gaussian-1-seed-6,gaussian,1.0,6,[],csp_lda,sub-001_run-12_sample-7312,12,7312,7472,7952,45.7,TASK2T2,1,4.1,1,0,0.9999997219221018,2.7807789810045695e-07
gaussian-1-seed-6,gaussian,1.0,6,[],csp_lda,sub-001_run-12_sample-8640,12,8640,8800,9280,54.0,TASK2T2,1,4.1,1,0,0.9999989307773154,1.0692226845739766e-06
gaussian-1-seed-6,gaussian,1.0,6,[],csp_lda,sub-001_run-12_sample-9968,12,9968,10128,10608,62.3,TASK2T1,0,4.1,0,0,0.9999998071027806,1.9289721944157443e-07
gaussian-1-seed-6,gaussian,1.0,6,[],csp_lda,sub-001_run-12_sample-11296,12,11296,11456,11936,70.6,TASK2T1,0,4.1,0,0,0.9999999653899085,3.4610091444333204e-08
gaussian-1-seed-6,gaussian,1.0,6,[],csp_lda,sub-001_run-12_sample-12624,12,12624,12784,13264,78.9,TASK2T2,1,4.1,1,0,0.9999998621250094,1.3787499069982884e-07
gaussian-1-seed-6,gaussian,1.0,6,[],csp_lda,sub-001_run-12_sample-13952,12,13952,14112,14592,87.2,TASK2T2,1,4.1,1,0,0.9999999884660592,1.1533940856404108e-08
gaussian-1-seed-6,gaussian,1.0,6,[],csp_lda,sub-001_run-12_sample-15280,12,15280,15440,15920,95.5,TASK2T1,0,4.1,0,0,0.9999999120734809,8.792651903028155e-08
gaussian-1-seed-6,gaussian,1.0,6,[],csp_lda,sub-001_run-12_sample-16608,12,16608,16768,17248,103.8,TASK2T2,1,4.1,1,0,0.9999998601181701,1.3988182990591012e-07
gaussian-1-seed-6,gaussian,1.0,6,[],csp_lda,sub-001_run-12_sample-17936,12,17936,18096,18576,112.1,TASK2T1,0,4.1,0,0,0.9999998475096465,1.5249035348403536e-07
gaussian-1-seed-6,gaussian,1.0,6,[],csp_lda,sub-001_run-12_sample-19264,12,19264,19424,19904,120.4,TASK2T2,1,4.1,1,0,0.9999997639342026,2.3606579732461568e-07
gaussian-1-seed-6,gaussian,1.0,6,[],bandpower_lda,sub-001_run-12_sample-672,12,672,832,1312,4.2,TASK2T2,1,4.1,1,1,1.8456347561368602e-11,0.9999999999815437
gaussian-1-seed-6,gaussian,1.0,6,[],bandpower_lda,sub-001_run-12_sample-2000,12,2000,2160,2640,12.5,TASK2T1,0,4.1,0,1,2.0805579481475434e-13,0.9999999999997919
gaussian-1-seed-6,gaussian,1.0,6,[],bandpower_lda,sub-001_run-12_sample-3328,12,3328,3488,3968,20.8,TASK2T2,1,4.1,1,1,5.455635943008019e-13,0.9999999999994544
gaussian-1-seed-6,gaussian,1.0,6,[],bandpower_lda,sub-001_run-12_sample-4656,12,4656,4816,5296,29.1,TASK2T1,0,4.1,0,1,8.094511727563258e-10,0.9999999991905488
gaussian-1-seed-6,gaussian,1.0,6,[],bandpower_lda,sub-001_run-12_sample-5984,12,5984,6144,6624,37.4,TASK2T1,0,4.1,0,1,4.062750136313298e-12,0.9999999999959372
gaussian-1-seed-6,gaussian,1.0,6,[],bandpower_lda,sub-001_run-12_sample-7312,12,7312,7472,7952,45.7,TASK2T2,1,4.1,1,1,6.661338147750939e-16,0.9999999999999993
gaussian-1-seed-6,gaussian,1.0,6,[],bandpower_lda,sub-001_run-12_sample-8640,12,8640,8800,9280,54.0,TASK2T2,1,4.1,1,1,9.459100169806334e-14,0.9999999999999054
gaussian-1-seed-6,gaussian,1.0,6,[],bandpower_lda,sub-001_run-12_sample-9968,12,9968,10128,10608,62.3,TASK2T1,0,4.1,0,1,4.6629367034256575e-15,0.9999999999999953
gaussian-1-seed-6,gaussian,1.0,6,[],bandpower_lda,sub-001_run-12_sample-11296,12,11296,11456,11936,70.6,TASK2T1,0,4.1,0,1,0.0,1.0
gaussian-1-seed-6,gaussian,1.0,6,[],bandpower_lda,sub-001_run-12_sample-12624,12,12624,12784,13264,78.9,TASK2T2,1,4.1,1,1,1.7781331962396507e-12,0.9999999999982219
gaussian-1-seed-6,gaussian,1.0,6,[],bandpower_lda,sub-001_run-12_sample-13952,12,13952,14112,14592,87.2,TASK2T2,1,4.1,1,1,4.947153797729698e-13,0.9999999999995053
gaussian-1-seed-6,gaussian,1.0,6,[],bandpower_lda,sub-001_run-12_sample-15280,12,15280,15440,15920,95.5,TASK2T1,0,4.1,0,1,7.30215887756458e-12,0.9999999999926978
gaussian-1-seed-6,gaussian,1.0,6,[],bandpower_lda,sub-001_run-12_sample-16608,12,16608,16768,17248,103.8,TASK2T2,1,4.1,1,1,1.4552803406786552e-12,0.9999999999985447
gaussian-1-seed-6,gaussian,1.0,6,[],bandpower_lda,sub-001_run-12_sample-17936,12,17936,18096,18576,112.1,TASK2T1,0,4.1,0,1,7.513034638861882e-11,0.9999999999248697
gaussian-1-seed-6,gaussian,1.0,6,[],bandpower_lda,sub-001_run-12_sample-19264,12,19264,19424,19904,120.4,TASK2T2,1,4.1,1,1,2.511324481702104e-13,0.9999999999997489
gaussian-1-seed-7,gaussian,1.0,7,[],csp_lda,sub-001_run-12_sample-672,12,672,832,1312,4.2,TASK2T2,1,4.1,1,0,0.9999992794473211,7.205526788339356e-07
gaussian-1-seed-7,gaussian,1.0,7,[],csp_lda,sub-001_run-12_sample-2000,12,2000,2160,2640,12.5,TASK2T1,0,4.1,0,0,0.999999767187382,2.328126179577862e-07
gaussian-1-seed-7,gaussian,1.0,7,[],csp_lda,sub-001_run-12_sample-3328,12,3328,3488,3968,20.8,TASK2T2,1,4.1,1,0,0.9999993929413972,6.070586028490109e-07
gaussian-1-seed-7,gaussian,1.0,7,[],csp_lda,sub-001_run-12_sample-4656,12,4656,4816,5296,29.1,TASK2T1,0,4.1,0,0,0.9999973396135665,2.660386433495986e-06
gaussian-1-seed-7,gaussian,1.0,7,[],csp_lda,sub-001_run-12_sample-5984,12,5984,6144,6624,37.4,TASK2T1,0,4.1,0,0,0.9999996284773793,3.71522620617053e-07
gaussian-1-seed-7,gaussian,1.0,7,[],csp_lda,sub-001_run-12_sample-7312,12,7312,7472,7952,45.7,TASK2T2,1,4.1,1,0,0.9999984106509956,1.589349004425305e-06
gaussian-1-seed-7,gaussian,1.0,7,[],csp_lda,sub-001_run-12_sample-8640,12,8640,8800,9280,54.0,TASK2T2,1,4.1,1,0,0.9999974300243033,2.569975696697773e-06
gaussian-1-seed-7,gaussian,1.0,7,[],csp_lda,sub-001_run-12_sample-9968,12,9968,10128,10608,62.3,TASK2T1,0,4.1,0,0,0.9999997142045585,2.8579544157751126e-07
gaussian-1-seed-7,gaussian,1.0,7,[],csp_lda,sub-001_run-12_sample-11296,12,11296,11456,11936,70.6,TASK2T1,0,4.1,0,0,0.9999991808551838,8.191448162005384e-07
gaussian-1-seed-7,gaussian,1.0,7,[],csp_lda,sub-001_run-12_sample-12624,12,12624,12784,13264,78.9,TASK2T2,1,4.1,1,0,0.9999998325148746,1.6748512538689283e-07
gaussian-1-seed-7,gaussian,1.0,7,[],csp_lda,sub-001_run-12_sample-13952,12,13952,14112,14592,87.2,TASK2T2,1,4.1,1,0,0.9999998712663111,1.2873368890774536e-07
gaussian-1-seed-7,gaussian,1.0,7,[],csp_lda,sub-001_run-12_sample-15280,12,15280,15440,15920,95.5,TASK2T1,0,4.1,0,0,0.9999999591082819,4.089171809282195e-08
gaussian-1-seed-7,gaussian,1.0,7,[],csp_lda,sub-001_run-12_sample-16608,12,16608,16768,17248,103.8,TASK2T2,1,4.1,1,0,0.9999997655980357,2.3440196422977975e-07
gaussian-1-seed-7,gaussian,1.0,7,[],csp_lda,sub-001_run-12_sample-17936,12,17936,18096,18576,112.1,TASK2T1,0,4.1,0,0,0.9999999934954635,6.504536508105856e-09
gaussian-1-seed-7,gaussian,1.0,7,[],csp_lda,sub-001_run-12_sample-19264,12,19264,19424,19904,120.4,TASK2T2,1,4.1,1,0,0.9999996072017691,3.927982309686864e-07
gaussian-1-seed-7,gaussian,1.0,7,[],bandpower_lda,sub-001_run-12_sample-672,12,672,832,1312,4.2,TASK2T2,1,4.1,1,1,4.796163466380676e-14,0.999999999999952
gaussian-1-seed-7,gaussian,1.0,7,[],bandpower_lda,sub-001_run-12_sample-2000,12,2000,2160,2640,12.5,TASK2T1,0,4.1,0,1,1.9366885872784678e-10,0.9999999998063311
gaussian-1-seed-7,gaussian,1.0,7,[],bandpower_lda,sub-001_run-12_sample-3328,12,3328,3488,3968,20.8,TASK2T2,1,4.1,1,1,1.2279066652354231e-13,0.9999999999998772
gaussian-1-seed-7,gaussian,1.0,7,[],bandpower_lda,sub-001_run-12_sample-4656,12,4656,4816,5296,29.1,TASK2T1,0,4.1,0,1,4.418687638008123e-14,0.9999999999999558
gaussian-1-seed-7,gaussian,1.0,7,[],bandpower_lda,sub-001_run-12_sample-5984,12,5984,6144,6624,37.4,TASK2T1,0,4.1,0,1,2.149835864884153e-12,0.9999999999978502
gaussian-1-seed-7,gaussian,1.0,7,[],bandpower_lda,sub-001_run-12_sample-7312,12,7312,7472,7952,45.7,TASK2T2,1,4.1,1,1,0.0,1.0
gaussian-1-seed-7,gaussian,1.0,7,[],bandpower_lda,sub-001_run-12_sample-8640,12,8640,8800,9280,54.0,TASK2T2,1,4.1,1,1,7.238654120556021e-14,0.9999999999999276
gaussian-1-seed-7,gaussian,1.0,7,[],bandpower_lda,sub-001_run-12_sample-9968,12,9968,10128,10608,62.3,TASK2T1,0,4.1,0,1,0.0,1.0
gaussian-1-seed-7,gaussian,1.0,7,[],bandpower_lda,sub-001_run-12_sample-11296,12,11296,11456,11936,70.6,TASK2T1,0,4.1,0,1,1.6431300764452317e-14,0.9999999999999836
gaussian-1-seed-7,gaussian,1.0,7,[],bandpower_lda,sub-001_run-12_sample-12624,12,12624,12784,13264,78.9,TASK2T2,1,4.1,1,1,1.0403011785342642e-11,0.999999999989597
gaussian-1-seed-7,gaussian,1.0,7,[],bandpower_lda,sub-001_run-12_sample-13952,12,13952,14112,14592,87.2,TASK2T2,1,4.1,1,1,1.191047260817868e-12,0.999999999998809
gaussian-1-seed-7,gaussian,1.0,7,[],bandpower_lda,sub-001_run-12_sample-15280,12,15280,15440,15920,95.5,TASK2T1,0,4.1,0,1,9.498763997584092e-10,0.9999999990501236
gaussian-1-seed-7,gaussian,1.0,7,[],bandpower_lda,sub-001_run-12_sample-16608,12,16608,16768,17248,103.8,TASK2T2,1,4.1,1,1,1.2128653636978015e-10,0.9999999998787135
gaussian-1-seed-7,gaussian,1.0,7,[],bandpower_lda,sub-001_run-12_sample-17936,12,17936,18096,18576,112.1,TASK2T1,0,4.1,0,1,7.324585382662008e-12,0.9999999999926754
gaussian-1-seed-7,gaussian,1.0,7,[],bandpower_lda,sub-001_run-12_sample-19264,12,19264,19424,19904,120.4,TASK2T2,1,4.1,1,1,1.2878587085651816e-14,0.9999999999999871
gaussian-1-seed-8,gaussian,1.0,8,[],csp_lda,sub-001_run-12_sample-672,12,672,832,1312,4.2,TASK2T2,1,4.1,1,0,0.9999998107974722,1.892025277113509e-07
gaussian-1-seed-8,gaussian,1.0,8,[],csp_lda,sub-001_run-12_sample-2000,12,2000,2160,2640,12.5,TASK2T1,0,4.1,0,0,0.999995500571918,4.499428081987314e-06
gaussian-1-seed-8,gaussian,1.0,8,[],csp_lda,sub-001_run-12_sample-3328,12,3328,3488,3968,20.8,TASK2T2,1,4.1,1,0,0.9999997797019011,2.202980989016623e-07
gaussian-1-seed-8,gaussian,1.0,8,[],csp_lda,sub-001_run-12_sample-4656,12,4656,4816,5296,29.1,TASK2T1,0,4.1,0,0,0.9999994041357672,5.95864232857579e-07
gaussian-1-seed-8,gaussian,1.0,8,[],csp_lda,sub-001_run-12_sample-5984,12,5984,6144,6624,37.4,TASK2T1,0,4.1,0,0,0.9999987321150792,1.26788492082216e-06
gaussian-1-seed-8,gaussian,1.0,8,[],csp_lda,sub-001_run-12_sample-7312,12,7312,7472,7952,45.7,TASK2T2,1,4.1,1,0,0.999999355304958,6.446950420264039e-07
gaussian-1-seed-8,gaussian,1.0,8,[],csp_lda,sub-001_run-12_sample-8640,12,8640,8800,9280,54.0,TASK2T2,1,4.1,1,0,0.999998454909477,1.5450905229378865e-06
gaussian-1-seed-8,gaussian,1.0,8,[],csp_lda,sub-001_run-12_sample-9968,12,9968,10128,10608,62.3,TASK2T1,0,4.1,0,0,0.9999999067018985,9.329810144651113e-08
gaussian-1-seed-8,gaussian,1.0,8,[],csp_lda,sub-001_run-12_sample-11296,12,11296,11456,11936,70.6,TASK2T1,0,4.1,0,0,0.9999998982967274,1.0170327254530801e-07
gaussian-1-seed-8,gaussian,1.0,8,[],csp_lda,sub-001_run-12_sample-12624,12,12624,12784,13264,78.9,TASK2T2,1,4.1,1,0,0.999999994450955,5.549045054233099e-09
gaussian-1-seed-8,gaussian,1.0,8,[],csp_lda,sub-001_run-12_sample-13952,12,13952,14112,14592,87.2,TASK2T2,1,4.1,1,0,0.9999997716881716,2.2831182844029733e-07
gaussian-1-seed-8,gaussian,1.0,8,[],csp_lda,sub-001_run-12_sample-15280,12,15280,15440,15920,95.5,TASK2T1,0,4.1,0,0,0.9999999658752616,3.412473835918132e-08
gaussian-1-seed-8,gaussian,1.0,8,[],csp_lda,sub-001_run-12_sample-16608,12,16608,16768,17248,103.8,TASK2T2,1,4.1,1,0,0.9999999814786794,1.852132059774989e-08
gaussian-1-seed-8,gaussian,1.0,8,[],csp_lda,sub-001_run-12_sample-17936,12,17936,18096,18576,112.1,TASK2T1,0,4.1,0,0,0.9999997220547246,2.779452753612434e-07
gaussian-1-seed-8,gaussian,1.0,8,[],csp_lda,sub-001_run-12_sample-19264,12,19264,19424,19904,120.4,TASK2T2,1,4.1,1,0,0.9999999267237822,7.327621778013801e-08
gaussian-1-seed-8,gaussian,1.0,8,[],bandpower_lda,sub-001_run-12_sample-672,12,672,832,1312,4.2,TASK2T2,1,4.1,1,1,2.282840583234247e-12,0.9999999999977172
gaussian-1-seed-8,gaussian,1.0,8,[],bandpower_lda,sub-001_run-12_sample-2000,12,2000,2160,2640,12.5,TASK2T1,0,4.1,0,1,6.150635556423367e-14,0.9999999999999385
gaussian-1-seed-8,gaussian,1.0,8,[],bandpower_lda,sub-001_run-12_sample-3328,12,3328,3488,3968,20.8,TASK2T2,1,4.1,1,1,1.1102230246251565e-15,0.9999999999999989
gaussian-1-seed-8,gaussian,1.0,8,[],bandpower_lda,sub-001_run-12_sample-4656,12,4656,4816,5296,29.1,TASK2T1,0,4.1,0,1,5.329070518200751e-15,0.9999999999999947
gaussian-1-seed-8,gaussian,1.0,8,[],bandpower_lda,sub-001_run-12_sample-5984,12,5984,6144,6624,37.4,TASK2T1,0,4.1,0,1,6.195044477408373e-14,0.999999999999938
gaussian-1-seed-8,gaussian,1.0,8,[],bandpower_lda,sub-001_run-12_sample-7312,12,7312,7472,7952,45.7,TASK2T2,1,4.1,1,1,4.440892098500626e-16,0.9999999999999996
gaussian-1-seed-8,gaussian,1.0,8,[],bandpower_lda,sub-001_run-12_sample-8640,12,8640,8800,9280,54.0,TASK2T2,1,4.1,1,1,4.720890345311091e-12,0.9999999999952791
gaussian-1-seed-8,gaussian,1.0,8,[],bandpower_lda,sub-001_run-12_sample-9968,12,9968,10128,10608,62.3,TASK2T1,0,4.1,0,1,1.0658141036401503e-14,0.9999999999999893
gaussian-1-seed-8,gaussian,1.0,8,[],bandpower_lda,sub-001_run-12_sample-11296,12,11296,11456,11936,70.6,TASK2T1,0,4.1,0,1,1.3322676295501878e-15,0.9999999999999987
gaussian-1-seed-8,gaussian,1.0,8,[],bandpower_lda,sub-001_run-12_sample-12624,12,12624,12784,13264,78.9,TASK2T2,1,4.1,1,1,1.646371927677137e-11,0.9999999999835363
gaussian-1-seed-8,gaussian,1.0,8,[],bandpower_lda,sub-001_run-12_sample-13952,12,13952,14112,14592,87.2,TASK2T2,1,4.1,1,1,1.3300471835009375e-13,0.999999999999867
gaussian-1-seed-8,gaussian,1.0,8,[],bandpower_lda,sub-001_run-12_sample-15280,12,15280,15440,15920,95.5,TASK2T1,0,4.1,0,1,2.791626041442896e-09,0.999999997208374
gaussian-1-seed-8,gaussian,1.0,8,[],bandpower_lda,sub-001_run-12_sample-16608,12,16608,16768,17248,103.8,TASK2T2,1,4.1,1,1,3.3411340361055863e-10,0.9999999996658866
gaussian-1-seed-8,gaussian,1.0,8,[],bandpower_lda,sub-001_run-12_sample-17936,12,17936,18096,18576,112.1,TASK2T1,0,4.1,0,1,1.0609513267922921e-11,0.9999999999893905
gaussian-1-seed-8,gaussian,1.0,8,[],bandpower_lda,sub-001_run-12_sample-19264,12,19264,19424,19904,120.4,TASK2T2,1,4.1,1,1,1.6205192743257157e-10,0.9999999998379481
gaussian-1-seed-9,gaussian,1.0,9,[],csp_lda,sub-001_run-12_sample-672,12,672,832,1312,4.2,TASK2T2,1,4.1,1,0,0.9999995404645772,4.595354228738776e-07
gaussian-1-seed-9,gaussian,1.0,9,[],csp_lda,sub-001_run-12_sample-2000,12,2000,2160,2640,12.5,TASK2T1,0,4.1,0,0,0.9999989656893685,1.034310631478016e-06
gaussian-1-seed-9,gaussian,1.0,9,[],csp_lda,sub-001_run-12_sample-3328,12,3328,3488,3968,20.8,TASK2T2,1,4.1,1,0,0.9999979020302096,2.097969790458835e-06
gaussian-1-seed-9,gaussian,1.0,9,[],csp_lda,sub-001_run-12_sample-4656,12,4656,4816,5296,29.1,TASK2T1,0,4.1,0,0,0.99999966745711,3.3254289002444954e-07
gaussian-1-seed-9,gaussian,1.0,9,[],csp_lda,sub-001_run-12_sample-5984,12,5984,6144,6624,37.4,TASK2T1,0,4.1,0,0,0.9999999290133389,7.098666106072256e-08
gaussian-1-seed-9,gaussian,1.0,9,[],csp_lda,sub-001_run-12_sample-7312,12,7312,7472,7952,45.7,TASK2T2,1,4.1,1,0,0.9999996421590286,3.5784097139583465e-07
gaussian-1-seed-9,gaussian,1.0,9,[],csp_lda,sub-001_run-12_sample-8640,12,8640,8800,9280,54.0,TASK2T2,1,4.1,1,0,0.9999996180269148,3.8197308516473075e-07
gaussian-1-seed-9,gaussian,1.0,9,[],csp_lda,sub-001_run-12_sample-9968,12,9968,10128,10608,62.3,TASK2T1,0,4.1,0,0,0.9999998686881975,1.3131180251614215e-07
gaussian-1-seed-9,gaussian,1.0,9,[],csp_lda,sub-001_run-12_sample-11296,12,11296,11456,11936,70.6,TASK2T1,0,4.1,0,0,0.9999998797431313,1.2025686864735654e-07
gaussian-1-seed-9,gaussian,1.0,9,[],csp_lda,sub-001_run-12_sample-12624,12,12624,12784,13264,78.9,TASK2T2,1,4.1,1,0,0.999999901491714,9.850828592988091e-08
gaussian-1-seed-9,gaussian,1.0,9,[],csp_lda,sub-001_run-12_sample-13952,12,13952,14112,14592,87.2,TASK2T2,1,4.1,1,0,0.9999997438673015,2.561326984478301e-07
gaussian-1-seed-9,gaussian,1.0,9,[],csp_lda,sub-001_run-12_sample-15280,12,15280,15440,15920,95.5,TASK2T1,0,4.1,0,0,0.9999999734132121,2.6586787887497597e-08
gaussian-1-seed-9,gaussian,1.0,9,[],csp_lda,sub-001_run-12_sample-16608,12,16608,16768,17248,103.8,TASK2T2,1,4.1,1,0,0.9999999050787237,9.492127633571908e-08
gaussian-1-seed-9,gaussian,1.0,9,[],csp_lda,sub-001_run-12_sample-17936,12,17936,18096,18576,112.1,TASK2T1,0,4.1,0,0,0.9999999796328385,2.0367161486499625e-08
gaussian-1-seed-9,gaussian,1.0,9,[],csp_lda,sub-001_run-12_sample-19264,12,19264,19424,19904,120.4,TASK2T2,1,4.1,1,0,0.9999994878645455,5.121354545257454e-07
gaussian-1-seed-9,gaussian,1.0,9,[],bandpower_lda,sub-001_run-12_sample-672,12,672,832,1312,4.2,TASK2T2,1,4.1,1,1,3.630429290524262e-13,0.999999999999637
gaussian-1-seed-9,gaussian,1.0,9,[],bandpower_lda,sub-001_run-12_sample-2000,12,2000,2160,2640,12.5,TASK2T1,0,4.1,0,1,3.092859302000761e-11,0.9999999999690714
gaussian-1-seed-9,gaussian,1.0,9,[],bandpower_lda,sub-001_run-12_sample-3328,12,3328,3488,3968,20.8,TASK2T2,1,4.1,1,1,1.3100631690576847e-14,0.9999999999999869
gaussian-1-seed-9,gaussian,1.0,9,[],bandpower_lda,sub-001_run-12_sample-4656,12,4656,4816,5296,29.1,TASK2T1,0,4.1,0,1,1.145505912347744e-11,0.9999999999885449
gaussian-1-seed-9,gaussian,1.0,9,[],bandpower_lda,sub-001_run-12_sample-5984,12,5984,6144,6624,37.4,TASK2T1,0,4.1,0,1,5.222711152441661e-12,0.9999999999947773
gaussian-1-seed-9,gaussian,1.0,9,[],bandpower_lda,sub-001_run-12_sample-7312,12,7312,7472,7952,45.7,TASK2T2,1,4.1,1,1,2.036149027162537e-13,0.9999999999997964
gaussian-1-seed-9,gaussian,1.0,9,[],bandpower_lda,sub-001_run-12_sample-8640,12,8640,8800,9280,54.0,TASK2T2,1,4.1,1,1,1.7763568394002505e-15,0.9999999999999982
gaussian-1-seed-9,gaussian,1.0,9,[],bandpower_lda,sub-001_run-12_sample-9968,12,9968,10128,10608,62.3,TASK2T1,0,4.1,0,1,1.5987211554602254e-14,0.999999999999984
gaussian-1-seed-9,gaussian,1.0,9,[],bandpower_lda,sub-001_run-12_sample-11296,12,11296,11456,11936,70.6,TASK2T1,0,4.1,0,1,4.4519943287468777e-13,0.9999999999995548
gaussian-1-seed-9,gaussian,1.0,9,[],bandpower_lda,sub-001_run-12_sample-12624,12,12624,12784,13264,78.9,TASK2T2,1,4.1,1,1,3.239630785856207e-13,0.999999999999676
gaussian-1-seed-9,gaussian,1.0,9,[],bandpower_lda,sub-001_run-12_sample-13952,12,13952,14112,14592,87.2,TASK2T2,1,4.1,1,1,5.750089293599103e-11,0.9999999999424991
gaussian-1-seed-9,gaussian,1.0,9,[],bandpower_lda,sub-001_run-12_sample-15280,12,15280,15440,15920,95.5,TASK2T1,0,4.1,0,1,1.0065348554633147e-10,0.9999999998993465
gaussian-1-seed-9,gaussian,1.0,9,[],bandpower_lda,sub-001_run-12_sample-16608,12,16608,16768,17248,103.8,TASK2T2,1,4.1,1,1,2.7873481300844105e-11,0.9999999999721265
gaussian-1-seed-9,gaussian,1.0,9,[],bandpower_lda,sub-001_run-12_sample-17936,12,17936,18096,18576,112.1,TASK2T1,0,4.1,0,1,9.390112576390663e-09,0.9999999906098874
gaussian-1-seed-9,gaussian,1.0,9,[],bandpower_lda,sub-001_run-12_sample-19264,12,19264,19424,19904,120.4,TASK2T2,1,4.1,1,1,2.5912605394751154e-13,0.9999999999997409
gaussian-2-seed-0,gaussian,2.0,0,[],csp_lda,sub-001_run-12_sample-672,12,672,832,1312,4.2,TASK2T2,1,4.1,1,0,0.9999999999280271,7.1972891204412e-11
gaussian-2-seed-0,gaussian,2.0,0,[],csp_lda,sub-001_run-12_sample-2000,12,2000,2160,2640,12.5,TASK2T1,0,4.1,0,0,0.9999999999944403,5.5596722997343954e-12
gaussian-2-seed-0,gaussian,2.0,0,[],csp_lda,sub-001_run-12_sample-3328,12,3328,3488,3968,20.8,TASK2T2,1,4.1,1,0,0.9999999999008641,9.913590214493322e-11
gaussian-2-seed-0,gaussian,2.0,0,[],csp_lda,sub-001_run-12_sample-4656,12,4656,4816,5296,29.1,TASK2T1,0,4.1,0,0,0.9999999999665763,3.34236611918271e-11
gaussian-2-seed-0,gaussian,2.0,0,[],csp_lda,sub-001_run-12_sample-5984,12,5984,6144,6624,37.4,TASK2T1,0,4.1,0,0,0.999999999943089,5.691107798205504e-11
gaussian-2-seed-0,gaussian,2.0,0,[],csp_lda,sub-001_run-12_sample-7312,12,7312,7472,7952,45.7,TASK2T2,1,4.1,1,0,0.9999999999856423,1.4357775075883025e-11
gaussian-2-seed-0,gaussian,2.0,0,[],csp_lda,sub-001_run-12_sample-8640,12,8640,8800,9280,54.0,TASK2T2,1,4.1,1,0,0.9999999999212068,7.87931519609181e-11
gaussian-2-seed-0,gaussian,2.0,0,[],csp_lda,sub-001_run-12_sample-9968,12,9968,10128,10608,62.3,TASK2T1,0,4.1,0,0,0.9999999999815988,1.840121037742944e-11
gaussian-2-seed-0,gaussian,2.0,0,[],csp_lda,sub-001_run-12_sample-11296,12,11296,11456,11936,70.6,TASK2T1,0,4.1,0,0,0.9999999999953841,4.61586248232779e-12
gaussian-2-seed-0,gaussian,2.0,0,[],csp_lda,sub-001_run-12_sample-12624,12,12624,12784,13264,78.9,TASK2T2,1,4.1,1,0,0.9999999999984048,1.595219895818215e-12
gaussian-2-seed-0,gaussian,2.0,0,[],csp_lda,sub-001_run-12_sample-13952,12,13952,14112,14592,87.2,TASK2T2,1,4.1,1,0,0.9999999999099437,9.005633888194791e-11
gaussian-2-seed-0,gaussian,2.0,0,[],csp_lda,sub-001_run-12_sample-15280,12,15280,15440,15920,95.5,TASK2T1,0,4.1,0,0,0.9999999999745984,2.5401550344569323e-11
gaussian-2-seed-0,gaussian,2.0,0,[],csp_lda,sub-001_run-12_sample-16608,12,16608,16768,17248,103.8,TASK2T2,1,4.1,1,0,0.9999999999974074,2.5926047563836694e-12
gaussian-2-seed-0,gaussian,2.0,0,[],csp_lda,sub-001_run-12_sample-17936,12,17936,18096,18576,112.1,TASK2T1,0,4.1,0,0,0.9999999999968666,3.1333934924278673e-12
gaussian-2-seed-0,gaussian,2.0,0,[],csp_lda,sub-001_run-12_sample-19264,12,19264,19424,19904,120.4,TASK2T2,1,4.1,1,0,0.9999999998672046,1.3279541560587722e-10
gaussian-2-seed-0,gaussian,2.0,0,[],bandpower_lda,sub-001_run-12_sample-672,12,672,832,1312,4.2,TASK2T2,1,4.1,1,1,0.0,1.0
gaussian-2-seed-0,gaussian,2.0,0,[],bandpower_lda,sub-001_run-12_sample-2000,12,2000,2160,2640,12.5,TASK2T1,0,4.1,0,1,0.0,1.0
gaussian-2-seed-0,gaussian,2.0,0,[],bandpower_lda,sub-001_run-12_sample-3328,12,3328,3488,3968,20.8,TASK2T2,1,4.1,1,1,0.0,1.0
gaussian-2-seed-0,gaussian,2.0,0,[],bandpower_lda,sub-001_run-12_sample-4656,12,4656,4816,5296,29.1,TASK2T1,0,4.1,0,1,0.0,1.0
gaussian-2-seed-0,gaussian,2.0,0,[],bandpower_lda,sub-001_run-12_sample-5984,12,5984,6144,6624,37.4,TASK2T1,0,4.1,0,1,0.0,1.0
gaussian-2-seed-0,gaussian,2.0,0,[],bandpower_lda,sub-001_run-12_sample-7312,12,7312,7472,7952,45.7,TASK2T2,1,4.1,1,1,0.0,1.0
gaussian-2-seed-0,gaussian,2.0,0,[],bandpower_lda,sub-001_run-12_sample-8640,12,8640,8800,9280,54.0,TASK2T2,1,4.1,1,1,0.0,1.0
gaussian-2-seed-0,gaussian,2.0,0,[],bandpower_lda,sub-001_run-12_sample-9968,12,9968,10128,10608,62.3,TASK2T1,0,4.1,0,1,0.0,1.0
gaussian-2-seed-0,gaussian,2.0,0,[],bandpower_lda,sub-001_run-12_sample-11296,12,11296,11456,11936,70.6,TASK2T1,0,4.1,0,1,0.0,1.0
gaussian-2-seed-0,gaussian,2.0,0,[],bandpower_lda,sub-001_run-12_sample-12624,12,12624,12784,13264,78.9,TASK2T2,1,4.1,1,1,0.0,1.0
gaussian-2-seed-0,gaussian,2.0,0,[],bandpower_lda,sub-001_run-12_sample-13952,12,13952,14112,14592,87.2,TASK2T2,1,4.1,1,1,0.0,1.0
gaussian-2-seed-0,gaussian,2.0,0,[],bandpower_lda,sub-001_run-12_sample-15280,12,15280,15440,15920,95.5,TASK2T1,0,4.1,0,1,0.0,1.0
gaussian-2-seed-0,gaussian,2.0,0,[],bandpower_lda,sub-001_run-12_sample-16608,12,16608,16768,17248,103.8,TASK2T2,1,4.1,1,1,0.0,1.0
gaussian-2-seed-0,gaussian,2.0,0,[],bandpower_lda,sub-001_run-12_sample-17936,12,17936,18096,18576,112.1,TASK2T1,0,4.1,0,1,0.0,1.0
gaussian-2-seed-0,gaussian,2.0,0,[],bandpower_lda,sub-001_run-12_sample-19264,12,19264,19424,19904,120.4,TASK2T2,1,4.1,1,1,0.0,1.0
gaussian-2-seed-1,gaussian,2.0,1,[],csp_lda,sub-001_run-12_sample-672,12,672,832,1312,4.2,TASK2T2,1,4.1,1,0,0.9999999999367076,6.329234874655667e-11
gaussian-2-seed-1,gaussian,2.0,1,[],csp_lda,sub-001_run-12_sample-2000,12,2000,2160,2640,12.5,TASK2T1,0,4.1,0,0,0.9999999999278824,7.211765637495948e-11
gaussian-2-seed-1,gaussian,2.0,1,[],csp_lda,sub-001_run-12_sample-3328,12,3328,3488,3968,20.8,TASK2T2,1,4.1,1,0,0.9999999999987699,1.2301722582673811e-12
gaussian-2-seed-1,gaussian,2.0,1,[],csp_lda,sub-001_run-12_sample-4656,12,4656,4816,5296,29.1,TASK2T1,0,4.1,0,0,0.9999999999837716,1.6228298602426808e-11
gaussian-2-seed-1,gaussian,2.0,1,[],csp_lda,sub-001_run-12_sample-5984,12,5984,6144,6624,37.4,TASK2T1,0,4.1,0,0,0.9999999999961765,3.823489665196436e-12
gaussian-2-seed-1,gaussian,2.0,1,[],csp_lda,sub-001_run-12_sample-7312,12,7312,7472,7952,45.7,TASK2T2,1,4.1,1,0,0.9999999999753565,2.4643486365861023e-11
gaussian-2-seed-1,gaussian,2.0,1,[],csp_lda,sub-001_run-12_sample-8640,12,8640,8800,9280,54.0,TASK2T2,1,4.1,1,0,0.9999999998472184,1.5278153720930393e-10
gaussian-2-seed-1,gaussian,2.0,1,[],csp_lda,sub-001_run-12_sample-9968,12,9968,10128,10608,62.3,TASK2T1,0,4.1,0,0,0.9999999999895827,1.041730520390867e-11
gaussian-2-seed-1,gaussian,2.0,1,[],csp_lda,sub-001_run-12_sample-11296,12,11296,11456,11936,70.6,TASK2T1,0,4.1,0,0,0.9999999999828373,1.7162711638011838e-11
gaussian-2-seed-1,gaussian,2.0,1,[],csp_lda,sub-001_run-12_sample-12624,12,12624,12784,13264,78.9,TASK2T2,1,4.1,1,0,0.9999999999717447,2.8255269270756904e-11
gaussian-2-seed-1,gaussian,2.0,1,[],csp_lda,sub-001_run-12_sample-13952,12,13952,14112,14592,87.2,TASK2T2,1,4.1,1,0,0.9999999999426301,5.736989965475617e-11
gaussian-2-seed-1,gaussian,2.0,1,[],csp_lda,sub-001_run-12_sample-15280,12,15280,15440,15920,95.5,TASK2T1,0,4.1,0,0,0.9999999999980236,1.9763758739612297e-12
gaussian-2-seed-1,gaussian,2.0,1,[],csp_lda,sub-001_run-12_sample-16608,12,16608,16768,17248,103.8,TASK2T2,1,4.1,1,0,0.9999999999992176,7.824198051332123e-13
gaussian-2-seed-1,gaussian,2.0,1,[],csp_lda,sub-001_run-12_sample-17936,12,17936,18096,18576,112.1,TASK2T1,0,4.1,0,0,0.9999999999611433,3.885670155434923e-11
gaussian-2-seed-1,gaussian,2.0,1,[],csp_lda,sub-001_run-12_sample-19264,12,19264,19424,19904,120.4,TASK2T2,1,4.1,1,0,0.9999999999945827,5.417356352852277e-12
gaussian-2-seed-1,gaussian,2.0,1,[],bandpower_lda,sub-001_run-12_sample-672,12,672,832,1312,4.2,TASK2T2,1,4.1,1,1,0.0,1.0
gaussian-2-seed-1,gaussian,2.0,1,[],bandpower_lda,sub-001_run-12_sample-2000,12,2000,2160,2640,12.5,TASK2T1,0,4.1,0,1,0.0,1.0
gaussian-2-seed-1,gaussian,2.0,1,[],bandpower_lda,sub-001_run-12_sample-3328,12,3328,3488,3968,20.8,TASK2T2,1,4.1,1,1,0.0,1.0
gaussian-2-seed-1,gaussian,2.0,1,[],bandpower_lda,sub-001_run-12_sample-4656,12,4656,4816,5296,29.1,TASK2T1,0,4.1,0,1,0.0,1.0
gaussian-2-seed-1,gaussian,2.0,1,[],bandpower_lda,sub-001_run-12_sample-5984,12,5984,6144,6624,37.4,TASK2T1,0,4.1,0,1,0.0,1.0
gaussian-2-seed-1,gaussian,2.0,1,[],bandpower_lda,sub-001_run-12_sample-7312,12,7312,7472,7952,45.7,TASK2T2,1,4.1,1,1,0.0,1.0
gaussian-2-seed-1,gaussian,2.0,1,[],bandpower_lda,sub-001_run-12_sample-8640,12,8640,8800,9280,54.0,TASK2T2,1,4.1,1,1,0.0,1.0
gaussian-2-seed-1,gaussian,2.0,1,[],bandpower_lda,sub-001_run-12_sample-9968,12,9968,10128,10608,62.3,TASK2T1,0,4.1,0,1,0.0,1.0
gaussian-2-seed-1,gaussian,2.0,1,[],bandpower_lda,sub-001_run-12_sample-11296,12,11296,11456,11936,70.6,TASK2T1,0,4.1,0,1,0.0,1.0
gaussian-2-seed-1,gaussian,2.0,1,[],bandpower_lda,sub-001_run-12_sample-12624,12,12624,12784,13264,78.9,TASK2T2,1,4.1,1,1,0.0,1.0
gaussian-2-seed-1,gaussian,2.0,1,[],bandpower_lda,sub-001_run-12_sample-13952,12,13952,14112,14592,87.2,TASK2T2,1,4.1,1,1,0.0,1.0
gaussian-2-seed-1,gaussian,2.0,1,[],bandpower_lda,sub-001_run-12_sample-15280,12,15280,15440,15920,95.5,TASK2T1,0,4.1,0,1,0.0,1.0
gaussian-2-seed-1,gaussian,2.0,1,[],bandpower_lda,sub-001_run-12_sample-16608,12,16608,16768,17248,103.8,TASK2T2,1,4.1,1,1,0.0,1.0
gaussian-2-seed-1,gaussian,2.0,1,[],bandpower_lda,sub-001_run-12_sample-17936,12,17936,18096,18576,112.1,TASK2T1,0,4.1,0,1,0.0,1.0
gaussian-2-seed-1,gaussian,2.0,1,[],bandpower_lda,sub-001_run-12_sample-19264,12,19264,19424,19904,120.4,TASK2T2,1,4.1,1,1,0.0,1.0
gaussian-2-seed-2,gaussian,2.0,2,[],csp_lda,sub-001_run-12_sample-672,12,672,832,1312,4.2,TASK2T2,1,4.1,1,0,0.9999999999980912,1.908846365760137e-12
gaussian-2-seed-2,gaussian,2.0,2,[],csp_lda,sub-001_run-12_sample-2000,12,2000,2160,2640,12.5,TASK2T1,0,4.1,0,0,0.9999999999895747,1.0425281997619012e-11
gaussian-2-seed-2,gaussian,2.0,2,[],csp_lda,sub-001_run-12_sample-3328,12,3328,3488,3968,20.8,TASK2T2,1,4.1,1,0,0.9999999999415703,5.84297488452277e-11
gaussian-2-seed-2,gaussian,2.0,2,[],csp_lda,sub-001_run-12_sample-4656,12,4656,4816,5296,29.1,TASK2T1,0,4.1,0,0,0.9999999999957394,4.260538377393105e-12
gaussian-2-seed-2,gaussian,2.0,2,[],csp_lda,sub-001_run-12_sample-5984,12,5984,6144,6624,37.4,TASK2T1,0,4.1,0,0,0.9999999999589922,4.100780114795208e-11
gaussian-2-seed-2,gaussian,2.0,2,[],csp_lda,sub-001_run-12_sample-7312,12,7312,7472,7952,45.7,TASK2T2,1,4.1,1,0,0.9999999999954886,4.511437253707177e-12
gaussian-2-seed-2,gaussian,2.0,2,[],csp_lda,sub-001_run-12_sample-8640,12,8640,8800,9280,54.0,TASK2T2,1,4.1,1,0,0.999999999989922,1.0078053891463654e-11
gaussian-2-seed-2,gaussian,2.0,2,[],csp_lda,sub-001_run-12_sample-9968,12,9968,10128,10608,62.3,TASK2T1,0,4.1,0,0,0.9999999999876036,1.2396404860118703e-11
gaussian-2-seed-2,gaussian,2.0,2,[],csp_lda,sub-001_run-12_sample-11296,12,11296,11456,11936,70.6,TASK2T1,0,4.1,0,0,0.9999999999751925,2.4807464273800362e-11
gaussian-2-seed-2,gaussian,2.0,2,[],csp_lda,sub-001_run-12_sample-12624,12,12624,12784,13264,78.9,TASK2T2,1,4.1,1,0,0.9999999999583455,4.1654511704641384e-11
gaussian-2-seed-2,gaussian,2.0,2,[],csp_lda,sub-001_run-12_sample-13952,12,13952,14112,14592,87.2,TASK2T2,1,4.1,1,0,0.9999999999107482,8.925178565947166e-11
gaussian-2-seed-2,gaussian,2.0,2,[],csp_lda,sub-001_run-12_sample-15280,12,15280,15440,15920,95.5,TASK2T1,0,4.1,0,0,0.9999999999776709,2.232916848010937e-11
gaussian-2-seed-2,gaussian,2.0,2,[],csp_lda,sub-001_run-12_sample-16608,12,16608,16768,17248,103.8,TASK2T2,1,4.1,1,0,0.999999999987786,1.2214035686117188e-11
gaussian-2-seed-2,gaussian,2.0,2,[],csp_lda,sub-001_run-12_sample-17936,12,17936,18096,18576,112.1,TASK2T1,0,4.1,0,0,0.9999999999794252,2.0574723663667684e-11
gaussian-2-seed-2,gaussian,2.0,2,[],csp_lda,sub-001_run-12_sample-19264,12,19264,19424,19904,120.4,TASK2T2,1,4.1,1,0,0.9999999999903083,9.691670392317837e-12
gaussian-2-seed-2,gaussian,2.0,2,[],bandpower_lda,sub-001_run-12_sample-672,12,672,832,1312,4.2,TASK2T2,1,4.1,1,1,0.0,1.0
gaussian-2-seed-2,gaussian,2.0,2,[],bandpower_lda,sub-001_run-12_sample-2000,12,2000,2160,2640,12.5,TASK2T1,0,4.1,0,1,0.0,1.0
gaussian-2-seed-2,gaussian,2.0,2,[],bandpower_lda,sub-001_run-12_sample-3328,12,3328,3488,3968,20.8,TASK2T2,1,4.1,1,1,0.0,1.0
gaussian-2-seed-2,gaussian,2.0,2,[],bandpower_lda,sub-001_run-12_sample-4656,12,4656,4816,5296,29.1,TASK2T1,0,4.1,0,1,0.0,1.0
gaussian-2-seed-2,gaussian,2.0,2,[],bandpower_lda,sub-001_run-12_sample-5984,12,5984,6144,6624,37.4,TASK2T1,0,4.1,0,1,0.0,1.0
gaussian-2-seed-2,gaussian,2.0,2,[],bandpower_lda,sub-001_run-12_sample-7312,12,7312,7472,7952,45.7,TASK2T2,1,4.1,1,1,0.0,1.0
gaussian-2-seed-2,gaussian,2.0,2,[],bandpower_lda,sub-001_run-12_sample-8640,12,8640,8800,9280,54.0,TASK2T2,1,4.1,1,1,0.0,1.0
gaussian-2-seed-2,gaussian,2.0,2,[],bandpower_lda,sub-001_run-12_sample-9968,12,9968,10128,10608,62.3,TASK2T1,0,4.1,0,1,0.0,1.0
gaussian-2-seed-2,gaussian,2.0,2,[],bandpower_lda,sub-001_run-12_sample-11296,12,11296,11456,11936,70.6,TASK2T1,0,4.1,0,1,0.0,1.0
gaussian-2-seed-2,gaussian,2.0,2,[],bandpower_lda,sub-001_run-12_sample-12624,12,12624,12784,13264,78.9,TASK2T2,1,4.1,1,1,0.0,1.0
gaussian-2-seed-2,gaussian,2.0,2,[],bandpower_lda,sub-001_run-12_sample-13952,12,13952,14112,14592,87.2,TASK2T2,1,4.1,1,1,0.0,1.0
gaussian-2-seed-2,gaussian,2.0,2,[],bandpower_lda,sub-001_run-12_sample-15280,12,15280,15440,15920,95.5,TASK2T1,0,4.1,0,1,0.0,1.0
gaussian-2-seed-2,gaussian,2.0,2,[],bandpower_lda,sub-001_run-12_sample-16608,12,16608,16768,17248,103.8,TASK2T2,1,4.1,1,1,0.0,1.0
gaussian-2-seed-2,gaussian,2.0,2,[],bandpower_lda,sub-001_run-12_sample-17936,12,17936,18096,18576,112.1,TASK2T1,0,4.1,0,1,0.0,1.0
gaussian-2-seed-2,gaussian,2.0,2,[],bandpower_lda,sub-001_run-12_sample-19264,12,19264,19424,19904,120.4,TASK2T2,1,4.1,1,1,0.0,1.0
gaussian-2-seed-3,gaussian,2.0,3,[],csp_lda,sub-001_run-12_sample-672,12,672,832,1312,4.2,TASK2T2,1,4.1,1,0,0.9999999999308125,6.918756786814462e-11
gaussian-2-seed-3,gaussian,2.0,3,[],csp_lda,sub-001_run-12_sample-2000,12,2000,2160,2640,12.5,TASK2T1,0,4.1,0,0,0.999999999946564,5.3435988649742625e-11
gaussian-2-seed-3,gaussian,2.0,3,[],csp_lda,sub-001_run-12_sample-3328,12,3328,3488,3968,20.8,TASK2T2,1,4.1,1,0,0.9999999999940568,5.943294124372075e-12
gaussian-2-seed-3,gaussian,2.0,3,[],csp_lda,sub-001_run-12_sample-4656,12,4656,4816,5296,29.1,TASK2T1,0,4.1,0,0,0.9999999999823723,1.762766907953921e-11
gaussian-2-seed-3,gaussian,2.0,3,[],csp_lda,sub-001_run-12_sample-5984,12,5984,6144,6624,37.4,TASK2T1,0,4.1,0,0,0.9999999999975979,2.4020857429791615e-12
gaussian-2-seed-3,gaussian,2.0,3,[],csp_lda,sub-001_run-12_sample-7312,12,7312,7472,7952,45.7,TASK2T2,1,4.1,1,0,0.9999999999980023,1.997770980698517e-12
gaussian-2-seed-3,gaussian,2.0,3,[],csp_lda,sub-001_run-12_sample-8640,12,8640,8800,9280,54.0,TASK2T2,1,4.1,1,0,0.999999999996598,3.4019632985319027e-12
gaussian-2-seed-3,gaussian,2.0,3,[],csp_lda,sub-001_run-12_sample-9968,12,9968,10128,10608,62.3,TASK2T1,0,4.1,0,0,0.9999999997884623,2.1153771399890966e-10
gaussian-2-seed-3,gaussian,2.0,3,[],csp_lda,sub-001_run-12_sample-11296,12,11296,11456,11936,70.6,TASK2T1,0,4.1,0,0,0.9999999999987255,1.2745716556778827e-12
gaussian-2-seed-3,gaussian,2.0,3,[],csp_lda,sub-001_run-12_sample-12624,12,12624,12784,13264,78.9,TASK2T2,1,4.1,1,0,0.9999999999861234,1.3876579259294015e-11
gaussian-2-seed-3,gaussian,2.0,3,[],csp_lda,sub-001_run-12_sample-13952,12,13952,14112,14592,87.2,TASK2T2,1,4.1,1,0,0.9999999999846475,1.535251651164813e-11
gaussian-2-seed-3,gaussian,2.0,3,[],csp_lda,sub-001_run-12_sample-15280,12,15280,15440,15920,95.5,TASK2T1,0,4.1,0,0,0.9999999999523476,4.765248556922877e-11
gaussian-2-seed-3,gaussian,2.0,3,[],csp_lda,sub-001_run-12_sample-16608,12,16608,16768,17248,103.8,TASK2T2,1,4.1,1,0,0.9999999999873679,1.2632130433502697e-11
gaussian-2-seed-3,gaussian,2.0,3,[],csp_lda,sub-001_run-12_sample-17936,12,17936,18096,18576,112.1,TASK2T1,0,4.1,0,0,0.9999999999865655,1.3434470839507542e-11
gaussian-2-seed-3,gaussian,2.0,3,[],csp_lda,sub-001_run-12_sample-19264,12,19264,19424,19904,120.4,TASK2T2,1,4.1,1,0,0.9999999998439218,1.5607811225706666e-10
gaussian-2-seed-3,gaussian,2.0,3,[],bandpower_lda,sub-001_run-12_sample-672,12,672,832,1312,4.2,TASK2T2,1,4.1,1,1,0.0,1.0
gaussian-2-seed-3,gaussian,2.0,3,[],bandpower_lda,sub-001_run-12_sample-2000,12,2000,2160,2640,12.5,TASK2T1,0,4.1,0,1,0.0,1.0
gaussian-2-seed-3,gaussian,2.0,3,[],bandpower_lda,sub-001_run-12_sample-3328,12,3328,3488,3968,20.8,TASK2T2,1,4.1,1,1,0.0,1.0
gaussian-2-seed-3,gaussian,2.0,3,[],bandpower_lda,sub-001_run-12_sample-4656,12,4656,4816,5296,29.1,TASK2T1,0,4.1,0,1,0.0,1.0
gaussian-2-seed-3,gaussian,2.0,3,[],bandpower_lda,sub-001_run-12_sample-5984,12,5984,6144,6624,37.4,TASK2T1,0,4.1,0,1,0.0,1.0
gaussian-2-seed-3,gaussian,2.0,3,[],bandpower_lda,sub-001_run-12_sample-7312,12,7312,7472,7952,45.7,TASK2T2,1,4.1,1,1,0.0,1.0
gaussian-2-seed-3,gaussian,2.0,3,[],bandpower_lda,sub-001_run-12_sample-8640,12,8640,8800,9280,54.0,TASK2T2,1,4.1,1,1,0.0,1.0
gaussian-2-seed-3,gaussian,2.0,3,[],bandpower_lda,sub-001_run-12_sample-9968,12,9968,10128,10608,62.3,TASK2T1,0,4.1,0,1,0.0,1.0
gaussian-2-seed-3,gaussian,2.0,3,[],bandpower_lda,sub-001_run-12_sample-11296,12,11296,11456,11936,70.6,TASK2T1,0,4.1,0,1,0.0,1.0
gaussian-2-seed-3,gaussian,2.0,3,[],bandpower_lda,sub-001_run-12_sample-12624,12,12624,12784,13264,78.9,TASK2T2,1,4.1,1,1,0.0,1.0
gaussian-2-seed-3,gaussian,2.0,3,[],bandpower_lda,sub-001_run-12_sample-13952,12,13952,14112,14592,87.2,TASK2T2,1,4.1,1,1,0.0,1.0
gaussian-2-seed-3,gaussian,2.0,3,[],bandpower_lda,sub-001_run-12_sample-15280,12,15280,15440,15920,95.5,TASK2T1,0,4.1,0,1,0.0,1.0
gaussian-2-seed-3,gaussian,2.0,3,[],bandpower_lda,sub-001_run-12_sample-16608,12,16608,16768,17248,103.8,TASK2T2,1,4.1,1,1,0.0,1.0
gaussian-2-seed-3,gaussian,2.0,3,[],bandpower_lda,sub-001_run-12_sample-17936,12,17936,18096,18576,112.1,TASK2T1,0,4.1,0,1,0.0,1.0
gaussian-2-seed-3,gaussian,2.0,3,[],bandpower_lda,sub-001_run-12_sample-19264,12,19264,19424,19904,120.4,TASK2T2,1,4.1,1,1,0.0,1.0
gaussian-2-seed-4,gaussian,2.0,4,[],csp_lda,sub-001_run-12_sample-672,12,672,832,1312,4.2,TASK2T2,1,4.1,1,0,0.9999999999872391,1.2760869611006169e-11
gaussian-2-seed-4,gaussian,2.0,4,[],csp_lda,sub-001_run-12_sample-2000,12,2000,2160,2640,12.5,TASK2T1,0,4.1,0,0,0.9999999999974071,2.5929789622262985e-12
gaussian-2-seed-4,gaussian,2.0,4,[],csp_lda,sub-001_run-12_sample-3328,12,3328,3488,3968,20.8,TASK2T2,1,4.1,1,0,0.9999999999703653,2.9634718268149416e-11
gaussian-2-seed-4,gaussian,2.0,4,[],csp_lda,sub-001_run-12_sample-4656,12,4656,4816,5296,29.1,TASK2T1,0,4.1,0,0,0.9999999999939465,6.0534595401334935e-12
gaussian-2-seed-4,gaussian,2.0,4,[],csp_lda,sub-001_run-12_sample-5984,12,5984,6144,6624,37.4,TASK2T1,0,4.1,0,0,0.9999999999669054,3.309461338391117e-11
gaussian-2-seed-4,gaussian,2.0,4,[],csp_lda,sub-001_run-12_sample-7312,12,7312,7472,7952,45.7,TASK2T2,1,4.1,1,0,0.9999999999239071,7.609291993103584e-11
gaussian-2-seed-4,gaussian,2.0,4,[],csp_lda,sub-001_run-12_sample-8640,12,8640,8800,9280,54.0,TASK2T2,1,4.1,1,0,0.9999999999535846,4.641547514539296e-11
gaussian-2-seed-4,gaussian,2.0,4,[],csp_lda,sub-001_run-12_sample-9968,12,9968,10128,10608,62.3,TASK2T1,0,4.1,0,0,0.999999999815487,1.8451291188740453e-10
gaussian-2-seed-4,gaussian,2.0,4,[],csp_lda,sub-001_run-12_sample-11296,12,11296,11456,11936,70.6,TASK2T1,0,4.1,0,0,0.9999999999818162,1.8183746532668904e-11
gaussian-2-seed-4,gaussian,2.0,4,[],csp_lda,sub-001_run-12_sample-12624,12,12624,12784,13264,78.9,TASK2T2,1,4.1,1,0,0.9999999999372196,6.278049982106789e-11
gaussian-2-seed-4,gaussian,2.0,4,[],csp_lda,sub-001_run-12_sample-13952,12,13952,14112,14592,87.2,TASK2T2,1,4.1,1,0,0.9999999999952259,4.7740657623366674e-12
gaussian-2-seed-4,gaussian,2.0,4,[],csp_lda,sub-001_run-12_sample-15280,12,15280,15440,15920,95.5,TASK2T1,0,4.1,0,0,0.9999999999977217,2.2783232378658765e-12
gaussian-2-seed-4,gaussian,2.0,4,[],csp_lda,sub-001_run-12_sample-16608,12,16608,16768,17248,103.8,TASK2T2,1,4.1,1,0,0.9999999999920861,7.91393075407609e-12
gaussian-2-seed-4,gaussian,2.0,4,[],csp_lda,sub-001_run-12_sample-17936,12,17936,18096,18576,112.1,TASK2T1,0,4.1,0,0,0.9999999999918925,8.107521791515136e-12
gaussian-2-seed-4,gaussian,2.0,4,[],csp_lda,sub-001_run-12_sample-19264,12,19264,19424,19904,120.4,TASK2T2,1,4.1,1,0,0.9999999999932175,6.7824213251891764e-12
gaussian-2-seed-4,gaussian,2.0,4,[],bandpower_lda,sub-001_run-12_sample-672,12,672,832,1312,4.2,TASK2T2,1,4.1,1,1,0.0,1.0
gaussian-2-seed-4,gaussian,2.0,4,[],bandpower_lda,sub-001_run-12_sample-2000,12,2000,2160,2640,12.5,TASK2T1,0,4.1,0,1,0.0,1.0
gaussian-2-seed-4,gaussian,2.0,4,[],bandpower_lda,sub-001_run-12_sample-3328,12,3328,3488,3968,20.8,TASK2T2,1,4.1,1,1,0.0,1.0
gaussian-2-seed-4,gaussian,2.0,4,[],bandpower_lda,sub-001_run-12_sample-4656,12,4656,4816,5296,29.1,TASK2T1,0,4.1,0,1,0.0,1.0
gaussian-2-seed-4,gaussian,2.0,4,[],bandpower_lda,sub-001_run-12_sample-5984,12,5984,6144,6624,37.4,TASK2T1,0,4.1,0,1,0.0,1.0
gaussian-2-seed-4,gaussian,2.0,4,[],bandpower_lda,sub-001_run-12_sample-7312,12,7312,7472,7952,45.7,TASK2T2,1,4.1,1,1,0.0,1.0
gaussian-2-seed-4,gaussian,2.0,4,[],bandpower_lda,sub-001_run-12_sample-8640,12,8640,8800,9280,54.0,TASK2T2,1,4.1,1,1,0.0,1.0
gaussian-2-seed-4,gaussian,2.0,4,[],bandpower_lda,sub-001_run-12_sample-9968,12,9968,10128,10608,62.3,TASK2T1,0,4.1,0,1,0.0,1.0
gaussian-2-seed-4,gaussian,2.0,4,[],bandpower_lda,sub-001_run-12_sample-11296,12,11296,11456,11936,70.6,TASK2T1,0,4.1,0,1,0.0,1.0
gaussian-2-seed-4,gaussian,2.0,4,[],bandpower_lda,sub-001_run-12_sample-12624,12,12624,12784,13264,78.9,TASK2T2,1,4.1,1,1,0.0,1.0
gaussian-2-seed-4,gaussian,2.0,4,[],bandpower_lda,sub-001_run-12_sample-13952,12,13952,14112,14592,87.2,TASK2T2,1,4.1,1,1,0.0,1.0
gaussian-2-seed-4,gaussian,2.0,4,[],bandpower_lda,sub-001_run-12_sample-15280,12,15280,15440,15920,95.5,TASK2T1,0,4.1,0,1,0.0,1.0
gaussian-2-seed-4,gaussian,2.0,4,[],bandpower_lda,sub-001_run-12_sample-16608,12,16608,16768,17248,103.8,TASK2T2,1,4.1,1,1,0.0,1.0
gaussian-2-seed-4,gaussian,2.0,4,[],bandpower_lda,sub-001_run-12_sample-17936,12,17936,18096,18576,112.1,TASK2T1,0,4.1,0,1,0.0,1.0
gaussian-2-seed-4,gaussian,2.0,4,[],bandpower_lda,sub-001_run-12_sample-19264,12,19264,19424,19904,120.4,TASK2T2,1,4.1,1,1,0.0,1.0
gaussian-2-seed-5,gaussian,2.0,5,[],csp_lda,sub-001_run-12_sample-672,12,672,832,1312,4.2,TASK2T2,1,4.1,1,0,0.9999999999861079,1.389207077040826e-11
gaussian-2-seed-5,gaussian,2.0,5,[],csp_lda,sub-001_run-12_sample-2000,12,2000,2160,2640,12.5,TASK2T1,0,4.1,0,0,0.999999999997811,2.189036106740641e-12
gaussian-2-seed-5,gaussian,2.0,5,[],csp_lda,sub-001_run-12_sample-3328,12,3328,3488,3968,20.8,TASK2T2,1,4.1,1,0,0.9999999999912811,8.718929535862135e-12
gaussian-2-seed-5,gaussian,2.0,5,[],csp_lda,sub-001_run-12_sample-4656,12,4656,4816,5296,29.1,TASK2T1,0,4.1,0,0,0.9999999999844021,1.559785649245586e-11
gaussian-2-seed-5,gaussian,2.0,5,[],csp_lda,sub-001_run-12_sample-5984,12,5984,6144,6624,37.4,TASK2T1,0,4.1,0,0,0.9999999999459558,5.404423645055612e-11
gaussian-2-seed-5,gaussian,2.0,5,[],csp_lda,sub-001_run-12_sample-7312,12,7312,7472,7952,45.7,TASK2T2,1,4.1,1,0,0.9999999999881016,1.1898392208347087e-11
gaussian-2-seed-5,gaussian,2.0,5,[],csp_lda,sub-001_run-12_sample-8640,12,8640,8800,9280,54.0,TASK2T2,1,4.1,1,0,0.9999999999925546,7.445354145007546e-12
gaussian-2-seed-5,gaussian,2.0,5,[],csp_lda,sub-001_run-12_sample-9968,12,9968,10128,10608,62.3,TASK2T1,0,4.1,0,0,0.9999999999979244,2.0755629836056327e-12
gaussian-2-seed-5,gaussian,2.0,5,[],csp_lda,sub-001_run-12_sample-11296,12,11296,11456,11936,70.6,TASK2T1,0,4.1,0,0,0.9999999999981133,1.886659033314277e-12
gaussian-2-seed-5,gaussian,2.0,5,[],csp_lda,sub-001_run-12_sample-12624,12,12624,12784,13264,78.9,TASK2T2,1,4.1,1,0,0.9999999998758015,1.241985477195034e-10
gaussian-2-seed-5,gaussian,2.0,5,[],csp_lda,sub-001_run-12_sample-13952,12,13952,14112,14592,87.2,TASK2T2,1,4.1,1,0,0.9999999999988879,1.1121098398633413e-12
gaussian-2-seed-5,gaussian,2.0,5,[],csp_lda,sub-001_run-12_sample-15280,12,15280,15440,15920,95.5,TASK2T1,0,4.1,0,0,0.9999999999608278,3.917219128140903e-11
gaussian-2-seed-5,gaussian,2.0,5,[],csp_lda,sub-001_run-12_sample-16608,12,16608,16768,17248,103.8,TASK2T2,1,4.1,1,0,0.9999999999956936,4.306476132259234e-12
gaussian-2-seed-5,gaussian,2.0,5,[],csp_lda,sub-001_run-12_sample-17936,12,17936,18096,18576,112.1,TASK2T1,0,4.1,0,0,0.9999999999716548,2.8345227333832726e-11
gaussian-2-seed-5,gaussian,2.0,5,[],csp_lda,sub-001_run-12_sample-19264,12,19264,19424,19904,120.4,TASK2T2,1,4.1,1,0,0.999999999974622,2.537799925346268e-11
gaussian-2-seed-5,gaussian,2.0,5,[],bandpower_lda,sub-001_run-12_sample-672,12,672,832,1312,4.2,TASK2T2,1,4.1,1,1,0.0,1.0
gaussian-2-seed-5,gaussian,2.0,5,[],bandpower_lda,sub-001_run-12_sample-2000,12,2000,2160,2640,12.5,TASK2T1,0,4.1,0,1,0.0,1.0
gaussian-2-seed-5,gaussian,2.0,5,[],bandpower_lda,sub-001_run-12_sample-3328,12,3328,3488,3968,20.8,TASK2T2,1,4.1,1,1,0.0,1.0
gaussian-2-seed-5,gaussian,2.0,5,[],bandpower_lda,sub-001_run-12_sample-4656,12,4656,4816,5296,29.1,TASK2T1,0,4.1,0,1,0.0,1.0
gaussian-2-seed-5,gaussian,2.0,5,[],bandpower_lda,sub-001_run-12_sample-5984,12,5984,6144,6624,37.4,TASK2T1,0,4.1,0,1,0.0,1.0
gaussian-2-seed-5,gaussian,2.0,5,[],bandpower_lda,sub-001_run-12_sample-7312,12,7312,7472,7952,45.7,TASK2T2,1,4.1,1,1,0.0,1.0
gaussian-2-seed-5,gaussian,2.0,5,[],bandpower_lda,sub-001_run-12_sample-8640,12,8640,8800,9280,54.0,TASK2T2,1,4.1,1,1,0.0,1.0
gaussian-2-seed-5,gaussian,2.0,5,[],bandpower_lda,sub-001_run-12_sample-9968,12,9968,10128,10608,62.3,TASK2T1,0,4.1,0,1,0.0,1.0
gaussian-2-seed-5,gaussian,2.0,5,[],bandpower_lda,sub-001_run-12_sample-11296,12,11296,11456,11936,70.6,TASK2T1,0,4.1,0,1,0.0,1.0
gaussian-2-seed-5,gaussian,2.0,5,[],bandpower_lda,sub-001_run-12_sample-12624,12,12624,12784,13264,78.9,TASK2T2,1,4.1,1,1,0.0,1.0
gaussian-2-seed-5,gaussian,2.0,5,[],bandpower_lda,sub-001_run-12_sample-13952,12,13952,14112,14592,87.2,TASK2T2,1,4.1,1,1,0.0,1.0
gaussian-2-seed-5,gaussian,2.0,5,[],bandpower_lda,sub-001_run-12_sample-15280,12,15280,15440,15920,95.5,TASK2T1,0,4.1,0,1,0.0,1.0
gaussian-2-seed-5,gaussian,2.0,5,[],bandpower_lda,sub-001_run-12_sample-16608,12,16608,16768,17248,103.8,TASK2T2,1,4.1,1,1,0.0,1.0
gaussian-2-seed-5,gaussian,2.0,5,[],bandpower_lda,sub-001_run-12_sample-17936,12,17936,18096,18576,112.1,TASK2T1,0,4.1,0,1,0.0,1.0
gaussian-2-seed-5,gaussian,2.0,5,[],bandpower_lda,sub-001_run-12_sample-19264,12,19264,19424,19904,120.4,TASK2T2,1,4.1,1,1,0.0,1.0
gaussian-2-seed-6,gaussian,2.0,6,[],csp_lda,sub-001_run-12_sample-672,12,672,832,1312,4.2,TASK2T2,1,4.1,1,0,0.9999999999849645,1.5035483210312797e-11
gaussian-2-seed-6,gaussian,2.0,6,[],csp_lda,sub-001_run-12_sample-2000,12,2000,2160,2640,12.5,TASK2T1,0,4.1,0,0,0.9999999999985218,1.4781275627520363e-12
gaussian-2-seed-6,gaussian,2.0,6,[],csp_lda,sub-001_run-12_sample-3328,12,3328,3488,3968,20.8,TASK2T2,1,4.1,1,0,0.9999999999584952,4.150477363585655e-11
gaussian-2-seed-6,gaussian,2.0,6,[],csp_lda,sub-001_run-12_sample-4656,12,4656,4816,5296,29.1,TASK2T1,0,4.1,0,0,0.9999999999512765,4.872342654071399e-11
gaussian-2-seed-6,gaussian,2.0,6,[],csp_lda,sub-001_run-12_sample-5984,12,5984,6144,6624,37.4,TASK2T1,0,4.1,0,0,0.9999999999808727,1.9127230149750565e-11
gaussian-2-seed-6,gaussian,2.0,6,[],csp_lda,sub-001_run-12_sample-7312,12,7312,7472,7952,45.7,TASK2T2,1,4.1,1,0,0.9999999999875553,1.2444722868017002e-11
gaussian-2-seed-6,gaussian,2.0,6,[],csp_lda,sub-001_run-12_sample-8640,12,8640,8800,9280,54.0,TASK2T2,1,4.1,1,0,0.9999999999752301,2.4769892852997573e-11
gaussian-2-seed-6,gaussian,2.0,6,[],csp_lda,sub-001_run-12_sample-9968,12,9968,10128,10608,62.3,TASK2T1,0,4.1,0,0,0.9999999999921708,7.82916535857313e-12
gaussian-2-seed-6,gaussian,2.0,6,[],csp_lda,sub-001_run-12_sample-11296,12,11296,11456,11936,70.6,TASK2T1,0,4.1,0,0,0.9999999999985494,1.4506656317149177e-12
gaussian-2-seed-6,gaussian,2.0,6,[],csp_lda,sub-001_run-12_sample-12624,12,12624,12784,13264,78.9,TASK2T2,1,4.1,1,0,0.9999999999905164,9.483690931046257e-12
gaussian-2-seed-6,gaussian,2.0,6,[],csp_lda,sub-001_run-12_sample-13952,12,13952,14112,14592,87.2,TASK2T2,1,4.1,1,0,0.9999999999988153,1.1846785843472634e-12
gaussian-2-seed-6,gaussian,2.0,6,[],csp_lda,sub-001_run-12_sample-15280,12,15280,15440,15920,95.5,TASK2T1,0,4.1,0,0,0.9999999999883773,1.1622663774782269e-11
gaussian-2-seed-6,gaussian,2.0,6,[],csp_lda,sub-001_run-12_sample-16608,12,16608,16768,17248,103.8,TASK2T2,1,4.1,1,0,0.9999999999801684,1.9831530944784766e-11
gaussian-2-seed-6,gaussian,2.0,6,[],csp_lda,sub-001_run-12_sample-17936,12,17936,18096,18576,112.1,TASK2T1,0,4.1,0,0,0.9999999999841592,1.5840817415841482e-11
gaussian-2-seed-6,gaussian,2.0,6,[],csp_lda,sub-001_run-12_sample-19264,12,19264,19424,19904,120.4,TASK2T2,1,4.1,1,0,0.999999999991231,8.768944538572675e-12
gaussian-2-seed-6,gaussian,2.0,6,[],bandpower_lda,sub-001_run-12_sample-672,12,672,832,1312,4.2,TASK2T2,1,4.1,1,1,0.0,1.0
gaussian-2-seed-6,gaussian,2.0,6,[],bandpower_lda,sub-001_run-12_sample-2000,12,2000,2160,2640,12.5,TASK2T1,0,4.1,0,1,0.0,1.0
gaussian-2-seed-6,gaussian,2.0,6,[],bandpower_lda,sub-001_run-12_sample-3328,12,3328,3488,3968,20.8,TASK2T2,1,4.1,1,1,0.0,1.0
gaussian-2-seed-6,gaussian,2.0,6,[],bandpower_lda,sub-001_run-12_sample-4656,12,4656,4816,5296,29.1,TASK2T1,0,4.1,0,1,0.0,1.0
gaussian-2-seed-6,gaussian,2.0,6,[],bandpower_lda,sub-001_run-12_sample-5984,12,5984,6144,6624,37.4,TASK2T1,0,4.1,0,1,0.0,1.0
gaussian-2-seed-6,gaussian,2.0,6,[],bandpower_lda,sub-001_run-12_sample-7312,12,7312,7472,7952,45.7,TASK2T2,1,4.1,1,1,0.0,1.0
gaussian-2-seed-6,gaussian,2.0,6,[],bandpower_lda,sub-001_run-12_sample-8640,12,8640,8800,9280,54.0,TASK2T2,1,4.1,1,1,0.0,1.0
gaussian-2-seed-6,gaussian,2.0,6,[],bandpower_lda,sub-001_run-12_sample-9968,12,9968,10128,10608,62.3,TASK2T1,0,4.1,0,1,0.0,1.0
gaussian-2-seed-6,gaussian,2.0,6,[],bandpower_lda,sub-001_run-12_sample-11296,12,11296,11456,11936,70.6,TASK2T1,0,4.1,0,1,0.0,1.0
gaussian-2-seed-6,gaussian,2.0,6,[],bandpower_lda,sub-001_run-12_sample-12624,12,12624,12784,13264,78.9,TASK2T2,1,4.1,1,1,0.0,1.0
gaussian-2-seed-6,gaussian,2.0,6,[],bandpower_lda,sub-001_run-12_sample-13952,12,13952,14112,14592,87.2,TASK2T2,1,4.1,1,1,0.0,1.0
gaussian-2-seed-6,gaussian,2.0,6,[],bandpower_lda,sub-001_run-12_sample-15280,12,15280,15440,15920,95.5,TASK2T1,0,4.1,0,1,0.0,1.0
gaussian-2-seed-6,gaussian,2.0,6,[],bandpower_lda,sub-001_run-12_sample-16608,12,16608,16768,17248,103.8,TASK2T2,1,4.1,1,1,0.0,1.0
gaussian-2-seed-6,gaussian,2.0,6,[],bandpower_lda,sub-001_run-12_sample-17936,12,17936,18096,18576,112.1,TASK2T1,0,4.1,0,1,0.0,1.0
gaussian-2-seed-6,gaussian,2.0,6,[],bandpower_lda,sub-001_run-12_sample-19264,12,19264,19424,19904,120.4,TASK2T2,1,4.1,1,1,0.0,1.0
gaussian-2-seed-7,gaussian,2.0,7,[],csp_lda,sub-001_run-12_sample-672,12,672,832,1312,4.2,TASK2T2,1,4.1,1,0,0.9999999999774537,2.2546249256643747e-11
gaussian-2-seed-7,gaussian,2.0,7,[],csp_lda,sub-001_run-12_sample-2000,12,2000,2160,2640,12.5,TASK2T1,0,4.1,0,0,0.9999999999933542,6.64579064034852e-12
gaussian-2-seed-7,gaussian,2.0,7,[],csp_lda,sub-001_run-12_sample-3328,12,3328,3488,3968,20.8,TASK2T2,1,4.1,1,0,0.9999999999461721,5.382792146438874e-11
gaussian-2-seed-7,gaussian,2.0,7,[],csp_lda,sub-001_run-12_sample-4656,12,4656,4816,5296,29.1,TASK2T1,0,4.1,0,0,0.9999999998872362,1.1276378310153135e-10
gaussian-2-seed-7,gaussian,2.0,7,[],csp_lda,sub-001_run-12_sample-5984,12,5984,6144,6624,37.4,TASK2T1,0,4.1,0,0,0.999999999975105,2.489501954330956e-11
gaussian-2-seed-7,gaussian,2.0,7,[],csp_lda,sub-001_run-12_sample-7312,12,7312,7472,7952,45.7,TASK2T2,1,4.1,1,0,0.9999999999252124,7.478759489837619e-11
gaussian-2-seed-7,gaussian,2.0,7,[],csp_lda,sub-001_run-12_sample-8640,12,8640,8800,9280,54.0,TASK2T2,1,4.1,1,0,0.9999999999295484,7.045161727056364e-11
gaussian-2-seed-7,gaussian,2.0,7,[],csp_lda,sub-001_run-12_sample-9968,12,9968,10128,10608,62.3,TASK2T1,0,4.1,0,0,0.9999999999883338,1.1666190504974803e-11
gaussian-2-seed-7,gaussian,2.0,7,[],csp_lda,sub-001_run-12_sample-11296,12,11296,11456,11936,70.6,TASK2T1,0,4.1,0,0,0.9999999999275258,7.247422112185691e-11
gaussian-2-seed-7,gaussian,2.0,7,[],csp_lda,sub-001_run-12_sample-12624,12,12624,12784,13264,78.9,TASK2T2,1,4.1,1,0,0.999999999986824,1.3176069126908113e-11
gaussian-2-seed-7,gaussian,2.0,7,[],csp_lda,sub-001_run-12_sample-13952,12,13952,14112,14592,87.2,TASK2T2,1,4.1,1,0,0.9999999999898223,1.0177739322092275e-11
gaussian-2-seed-7,gaussian,2.0,7,[],csp_lda,sub-001_run-12_sample-15280,12,15280,15440,15920,95.5,TASK2T1,0,4.1,0,0,0.9999999999951852,4.8148475801360275e-12
gaussian-2-seed-7,gaussian,2.0,7,[],csp_lda,sub-001_run-12_sample-16608,12,16608,16768,17248,103.8,TASK2T2,1,4.1,1,0,0.9999999999662743,3.372573929874134e-11
gaussian-2-seed-7,gaussian,2.0,7,[],csp_lda,sub-001_run-12_sample-17936,12,17936,18096,18576,112.1,TASK2T1,0,4.1,0,0,0.9999999999993552,6.447860572739543e-13
gaussian-2-seed-7,gaussian,2.0,7,[],csp_lda,sub-001_run-12_sample-19264,12,19264,19424,19904,120.4,TASK2T2,1,4.1,1,0,0.9999999999742871,2.5712839853882046e-11
gaussian-2-seed-7,gaussian,2.0,7,[],bandpower_lda,sub-001_run-12_sample-672,12,672,832,1312,4.2,TASK2T2,1,4.1,1,1,0.0,1.0
gaussian-2-seed-7,gaussian,2.0,7,[],bandpower_lda,sub-001_run-12_sample-2000,12,2000,2160,2640,12.5,TASK2T1,0,4.1,0,1,0.0,1.0
gaussian-2-seed-7,gaussian,2.0,7,[],bandpower_lda,sub-001_run-12_sample-3328,12,3328,3488,3968,20.8,TASK2T2,1,4.1,1,1,0.0,1.0
gaussian-2-seed-7,gaussian,2.0,7,[],bandpower_lda,sub-001_run-12_sample-4656,12,4656,4816,5296,29.1,TASK2T1,0,4.1,0,1,0.0,1.0
gaussian-2-seed-7,gaussian,2.0,7,[],bandpower_lda,sub-001_run-12_sample-5984,12,5984,6144,6624,37.4,TASK2T1,0,4.1,0,1,0.0,1.0
gaussian-2-seed-7,gaussian,2.0,7,[],bandpower_lda,sub-001_run-12_sample-7312,12,7312,7472,7952,45.7,TASK2T2,1,4.1,1,1,0.0,1.0
gaussian-2-seed-7,gaussian,2.0,7,[],bandpower_lda,sub-001_run-12_sample-8640,12,8640,8800,9280,54.0,TASK2T2,1,4.1,1,1,0.0,1.0
gaussian-2-seed-7,gaussian,2.0,7,[],bandpower_lda,sub-001_run-12_sample-9968,12,9968,10128,10608,62.3,TASK2T1,0,4.1,0,1,0.0,1.0
gaussian-2-seed-7,gaussian,2.0,7,[],bandpower_lda,sub-001_run-12_sample-11296,12,11296,11456,11936,70.6,TASK2T1,0,4.1,0,1,0.0,1.0
gaussian-2-seed-7,gaussian,2.0,7,[],bandpower_lda,sub-001_run-12_sample-12624,12,12624,12784,13264,78.9,TASK2T2,1,4.1,1,1,0.0,1.0
gaussian-2-seed-7,gaussian,2.0,7,[],bandpower_lda,sub-001_run-12_sample-13952,12,13952,14112,14592,87.2,TASK2T2,1,4.1,1,1,0.0,1.0
gaussian-2-seed-7,gaussian,2.0,7,[],bandpower_lda,sub-001_run-12_sample-15280,12,15280,15440,15920,95.5,TASK2T1,0,4.1,0,1,0.0,1.0
gaussian-2-seed-7,gaussian,2.0,7,[],bandpower_lda,sub-001_run-12_sample-16608,12,16608,16768,17248,103.8,TASK2T2,1,4.1,1,1,0.0,1.0
gaussian-2-seed-7,gaussian,2.0,7,[],bandpower_lda,sub-001_run-12_sample-17936,12,17936,18096,18576,112.1,TASK2T1,0,4.1,0,1,0.0,1.0
gaussian-2-seed-7,gaussian,2.0,7,[],bandpower_lda,sub-001_run-12_sample-19264,12,19264,19424,19904,120.4,TASK2T2,1,4.1,1,1,0.0,1.0
gaussian-2-seed-8,gaussian,2.0,8,[],csp_lda,sub-001_run-12_sample-672,12,672,832,1312,4.2,TASK2T2,1,4.1,1,0,0.9999999999950361,4.963948701141932e-12
gaussian-2-seed-8,gaussian,2.0,8,[],csp_lda,sub-001_run-12_sample-2000,12,2000,2160,2640,12.5,TASK2T1,0,4.1,0,0,0.9999999998628726,1.3712742670356576e-10
gaussian-2-seed-8,gaussian,2.0,8,[],csp_lda,sub-001_run-12_sample-3328,12,3328,3488,3968,20.8,TASK2T2,1,4.1,1,0,0.9999999999810959,1.8904155375957946e-11
gaussian-2-seed-8,gaussian,2.0,8,[],csp_lda,sub-001_run-12_sample-4656,12,4656,4816,5296,29.1,TASK2T1,0,4.1,0,0,0.9999999999781443,2.1855725261733985e-11
gaussian-2-seed-8,gaussian,2.0,8,[],csp_lda,sub-001_run-12_sample-5984,12,5984,6144,6624,37.4,TASK2T1,0,4.1,0,0,0.9999999999606806,3.931948984092234e-11
gaussian-2-seed-8,gaussian,2.0,8,[],csp_lda,sub-001_run-12_sample-7312,12,7312,7472,7952,45.7,TASK2T2,1,4.1,1,0,0.9999999999572959,4.2704013081568443e-11
gaussian-2-seed-8,gaussian,2.0,8,[],csp_lda,sub-001_run-12_sample-8640,12,8640,8800,9280,54.0,TASK2T2,1,4.1,1,0,0.9999999999739897,2.601035922814698e-11
gaussian-2-seed-8,gaussian,2.0,8,[],csp_lda,sub-001_run-12_sample-9968,12,9968,10128,10608,62.3,TASK2T1,0,4.1,0,0,0.9999999999937444,6.255541934631428e-12
gaussian-2-seed-8,gaussian,2.0,8,[],csp_lda,sub-001_run-12_sample-11296,12,11296,11456,11936,70.6,TASK2T1,0,4.1,0,0,0.9999999999861644,1.3835639564458987e-11
gaussian-2-seed-8,gaussian,2.0,8,[],csp_lda,sub-001_run-12_sample-12624,12,12624,12784,13264,78.9,TASK2T2,1,4.1,1,0,0.999999999999748,2.5204334801205034e-13
gaussian-2-seed-8,gaussian,2.0,8,[],csp_lda,sub-001_run-12_sample-13952,12,13952,14112,14592,87.2,TASK2T2,1,4.1,1,0,0.9999999999699652,3.003476691506762e-11
gaussian-2-seed-8,gaussian,2.0,8,[],csp_lda,sub-001_run-12_sample-15280,12,15280,15440,15920,95.5,TASK2T1,0,4.1,0,0,0.9999999999965868,3.413159846714141e-12
gaussian-2-seed-8,gaussian,2.0,8,[],csp_lda,sub-001_run-12_sample-16608,12,16608,16768,17248,103.8,TASK2T2,1,4.1,1,0,0.9999999999982786,1.721421574225639e-12
gaussian-2-seed-8,gaussian,2.0,8,[],csp_lda,sub-001_run-12_sample-17936,12,17936,18096,18576,112.1,TASK2T1,0,4.1,0,0,0.9999999999761877,2.381228826244512e-11
gaussian-2-seed-8,gaussian,2.0,8,[],csp_lda,sub-001_run-12_sample-19264,12,19264,19424,19904,120.4,TASK2T2,1,4.1,1,0,0.9999999999974162,2.5838432664217096e-12
gaussian-2-seed-8,gaussian,2.0,8,[],bandpower_lda,sub-001_run-12_sample-672,12,672,832,1312,4.2,TASK2T2,1,4.1,1,1,0.0,1.0
gaussian-2-seed-8,gaussian,2.0,8,[],bandpower_lda,sub-001_run-12_sample-2000,12,2000,2160,2640,12.5,TASK2T1,0,4.1,0,1,0.0,1.0
gaussian-2-seed-8,gaussian,2.0,8,[],bandpower_lda,sub-001_run-12_sample-3328,12,3328,3488,3968,20.8,TASK2T2,1,4.1,1,1,0.0,1.0
gaussian-2-seed-8,gaussian,2.0,8,[],bandpower_lda,sub-001_run-12_sample-4656,12,4656,4816,5296,29.1,TASK2T1,0,4.1,0,1,0.0,1.0
gaussian-2-seed-8,gaussian,2.0,8,[],bandpower_lda,sub-001_run-12_sample-5984,12,5984,6144,6624,37.4,TASK2T1,0,4.1,0,1,0.0,1.0
gaussian-2-seed-8,gaussian,2.0,8,[],bandpower_lda,sub-001_run-12_sample-7312,12,7312,7472,7952,45.7,TASK2T2,1,4.1,1,1,0.0,1.0
gaussian-2-seed-8,gaussian,2.0,8,[],bandpower_lda,sub-001_run-12_sample-8640,12,8640,8800,9280,54.0,TASK2T2,1,4.1,1,1,0.0,1.0
gaussian-2-seed-8,gaussian,2.0,8,[],bandpower_lda,sub-001_run-12_sample-9968,12,9968,10128,10608,62.3,TASK2T1,0,4.1,0,1,0.0,1.0
gaussian-2-seed-8,gaussian,2.0,8,[],bandpower_lda,sub-001_run-12_sample-11296,12,11296,11456,11936,70.6,TASK2T1,0,4.1,0,1,0.0,1.0
gaussian-2-seed-8,gaussian,2.0,8,[],bandpower_lda,sub-001_run-12_sample-12624,12,12624,12784,13264,78.9,TASK2T2,1,4.1,1,1,0.0,1.0
gaussian-2-seed-8,gaussian,2.0,8,[],bandpower_lda,sub-001_run-12_sample-13952,12,13952,14112,14592,87.2,TASK2T2,1,4.1,1,1,0.0,1.0
gaussian-2-seed-8,gaussian,2.0,8,[],bandpower_lda,sub-001_run-12_sample-15280,12,15280,15440,15920,95.5,TASK2T1,0,4.1,0,1,0.0,1.0
gaussian-2-seed-8,gaussian,2.0,8,[],bandpower_lda,sub-001_run-12_sample-16608,12,16608,16768,17248,103.8,TASK2T2,1,4.1,1,1,0.0,1.0
gaussian-2-seed-8,gaussian,2.0,8,[],bandpower_lda,sub-001_run-12_sample-17936,12,17936,18096,18576,112.1,TASK2T1,0,4.1,0,1,0.0,1.0
gaussian-2-seed-8,gaussian,2.0,8,[],bandpower_lda,sub-001_run-12_sample-19264,12,19264,19424,19904,120.4,TASK2T2,1,4.1,1,1,0.0,1.0
gaussian-2-seed-9,gaussian,2.0,9,[],csp_lda,sub-001_run-12_sample-672,12,672,832,1312,4.2,TASK2T2,1,4.1,1,0,0.9999999999792775,2.0722565474692485e-11
gaussian-2-seed-9,gaussian,2.0,9,[],csp_lda,sub-001_run-12_sample-2000,12,2000,2160,2640,12.5,TASK2T1,0,4.1,0,0,0.9999999999656047,3.439526409684394e-11
gaussian-2-seed-9,gaussian,2.0,9,[],csp_lda,sub-001_run-12_sample-3328,12,3328,3488,3968,20.8,TASK2T2,1,4.1,1,0,0.9999999998856085,1.1439149592708112e-10
gaussian-2-seed-9,gaussian,2.0,9,[],csp_lda,sub-001_run-12_sample-4656,12,4656,4816,5296,29.1,TASK2T1,0,4.1,0,0,0.9999999999851299,1.4870122615359845e-11
gaussian-2-seed-9,gaussian,2.0,9,[],csp_lda,sub-001_run-12_sample-5984,12,5984,6144,6624,37.4,TASK2T1,0,4.1,0,0,0.9999999999963024,3.6976487014257465e-12
gaussian-2-seed-9,gaussian,2.0,9,[],csp_lda,sub-001_run-12_sample-7312,12,7312,7472,7952,45.7,TASK2T2,1,4.1,1,0,0.9999999999827768,1.7223222076442463e-11
gaussian-2-seed-9,gaussian,2.0,9,[],csp_lda,sub-001_run-12_sample-8640,12,8640,8800,9280,54.0,TASK2T2,1,4.1,1,0,0.99999999999408,5.920093125266279e-12
gaussian-2-seed-9,gaussian,2.0,9,[],csp_lda,sub-001_run-12_sample-9968,12,9968,10128,10608,62.3,TASK2T1,0,4.1,0,0,0.9999999999961762,3.823874180544008e-12
gaussian-2-seed-9,gaussian,2.0,9,[],csp_lda,sub-001_run-12_sample-11296,12,11296,11456,11936,70.6,TASK2T1,0,4.1,0,0,0.9999999999869301,1.3069887991037037e-11
gaussian-2-seed-9,gaussian,2.0,9,[],csp_lda,sub-001_run-12_sample-12624,12,12624,12784,13264,78.9,TASK2T2,1,4.1,1,0,0.9999999999948778,5.1222725105165505e-12
gaussian-2-seed-9,gaussian,2.0,9,[],csp_lda,sub-001_run-12_sample-13952,12,13952,14112,14592,87.2,TASK2T2,1,4.1,1,0,0.9999999999808717,1.9128266516555413e-11
gaussian-2-seed-9,gaussian,2.0,9,[],csp_lda,sub-001_run-12_sample-15280,12,15280,15440,15920,95.5,TASK2T1,0,4.1,0,0,0.9999999999970777,2.9222923021249072e-12
gaussian-2-seed-9,gaussian,2.0,9,[],csp_lda,sub-001_run-12_sample-16608,12,16608,16768,17248,103.8,TASK2T2,1,4.1,1,0,0.9999999999887328,1.1267161988342432e-11
gaussian-2-seed-9,gaussian,2.0,9,[],csp_lda,sub-001_run-12_sample-17936,12,17936,18096,18576,112.1,TASK2T1,0,4.1,0,0,0.9999999999979435,2.056470189437086e-12
gaussian-2-seed-9,gaussian,2.0,9,[],csp_lda,sub-001_run-12_sample-19264,12,19264,19424,19904,120.4,TASK2T2,1,4.1,1,0,0.9999999999775611,2.2438952855284692e-11
gaussian-2-seed-9,gaussian,2.0,9,[],bandpower_lda,sub-001_run-12_sample-672,12,672,832,1312,4.2,TASK2T2,1,4.1,1,1,0.0,1.0
gaussian-2-seed-9,gaussian,2.0,9,[],bandpower_lda,sub-001_run-12_sample-2000,12,2000,2160,2640,12.5,TASK2T1,0,4.1,0,1,0.0,1.0
gaussian-2-seed-9,gaussian,2.0,9,[],bandpower_lda,sub-001_run-12_sample-3328,12,3328,3488,3968,20.8,TASK2T2,1,4.1,1,1,0.0,1.0
gaussian-2-seed-9,gaussian,2.0,9,[],bandpower_lda,sub-001_run-12_sample-4656,12,4656,4816,5296,29.1,TASK2T1,0,4.1,0,1,0.0,1.0
gaussian-2-seed-9,gaussian,2.0,9,[],bandpower_lda,sub-001_run-12_sample-5984,12,5984,6144,6624,37.4,TASK2T1,0,4.1,0,1,0.0,1.0
gaussian-2-seed-9,gaussian,2.0,9,[],bandpower_lda,sub-001_run-12_sample-7312,12,7312,7472,7952,45.7,TASK2T2,1,4.1,1,1,0.0,1.0
gaussian-2-seed-9,gaussian,2.0,9,[],bandpower_lda,sub-001_run-12_sample-8640,12,8640,8800,9280,54.0,TASK2T2,1,4.1,1,1,0.0,1.0
gaussian-2-seed-9,gaussian,2.0,9,[],bandpower_lda,sub-001_run-12_sample-9968,12,9968,10128,10608,62.3,TASK2T1,0,4.1,0,1,0.0,1.0
gaussian-2-seed-9,gaussian,2.0,9,[],bandpower_lda,sub-001_run-12_sample-11296,12,11296,11456,11936,70.6,TASK2T1,0,4.1,0,1,0.0,1.0
gaussian-2-seed-9,gaussian,2.0,9,[],bandpower_lda,sub-001_run-12_sample-12624,12,12624,12784,13264,78.9,TASK2T2,1,4.1,1,1,0.0,1.0
gaussian-2-seed-9,gaussian,2.0,9,[],bandpower_lda,sub-001_run-12_sample-13952,12,13952,14112,14592,87.2,TASK2T2,1,4.1,1,1,0.0,1.0
gaussian-2-seed-9,gaussian,2.0,9,[],bandpower_lda,sub-001_run-12_sample-15280,12,15280,15440,15920,95.5,TASK2T1,0,4.1,0,1,0.0,1.0
gaussian-2-seed-9,gaussian,2.0,9,[],bandpower_lda,sub-001_run-12_sample-16608,12,16608,16768,17248,103.8,TASK2T2,1,4.1,1,1,0.0,1.0
gaussian-2-seed-9,gaussian,2.0,9,[],bandpower_lda,sub-001_run-12_sample-17936,12,17936,18096,18576,112.1,TASK2T1,0,4.1,0,1,0.0,1.0
gaussian-2-seed-9,gaussian,2.0,9,[],bandpower_lda,sub-001_run-12_sample-19264,12,19264,19424,19904,120.4,TASK2T2,1,4.1,1,1,0.0,1.0
flatline-0-seed-0,flatline,0,0,[],csp_lda,sub-001_run-12_sample-672,12,672,832,1312,4.2,TASK2T2,1,4.1,1,1,0.011099541927289125,0.9889004580727109
flatline-0-seed-0,flatline,0,0,[],csp_lda,sub-001_run-12_sample-2000,12,2000,2160,2640,12.5,TASK2T1,0,4.1,0,1,0.07559453426056806,0.9244054657394319
flatline-0-seed-0,flatline,0,0,[],csp_lda,sub-001_run-12_sample-3328,12,3328,3488,3968,20.8,TASK2T2,1,4.1,1,0,0.8997212779429478,0.10027872205705224
flatline-0-seed-0,flatline,0,0,[],csp_lda,sub-001_run-12_sample-4656,12,4656,4816,5296,29.1,TASK2T1,0,4.1,0,1,0.09825368620238617,0.9017463137976138
flatline-0-seed-0,flatline,0,0,[],csp_lda,sub-001_run-12_sample-5984,12,5984,6144,6624,37.4,TASK2T1,0,4.1,0,0,0.5350425284752116,0.4649574715247884
flatline-0-seed-0,flatline,0,0,[],csp_lda,sub-001_run-12_sample-7312,12,7312,7472,7952,45.7,TASK2T2,1,4.1,1,1,0.4197570184546531,0.5802429815453469
flatline-0-seed-0,flatline,0,0,[],csp_lda,sub-001_run-12_sample-8640,12,8640,8800,9280,54.0,TASK2T2,1,4.1,1,1,0.0007956272315442492,0.9992043727684558
flatline-0-seed-0,flatline,0,0,[],csp_lda,sub-001_run-12_sample-9968,12,9968,10128,10608,62.3,TASK2T1,0,4.1,0,0,0.6993060333708092,0.3006939666291908
flatline-0-seed-0,flatline,0,0,[],csp_lda,sub-001_run-12_sample-11296,12,11296,11456,11936,70.6,TASK2T1,0,4.1,0,0,0.9900811816706466,0.0099188183293534
flatline-0-seed-0,flatline,0,0,[],csp_lda,sub-001_run-12_sample-12624,12,12624,12784,13264,78.9,TASK2T2,1,4.1,1,0,0.8695469465752275,0.13045305342477248
flatline-0-seed-0,flatline,0,0,[],csp_lda,sub-001_run-12_sample-13952,12,13952,14112,14592,87.2,TASK2T2,1,4.1,1,0,0.995063807781445,0.004936192218554961
flatline-0-seed-0,flatline,0,0,[],csp_lda,sub-001_run-12_sample-15280,12,15280,15440,15920,95.5,TASK2T1,0,4.1,0,0,0.9999257342521539,7.426574784603318e-05
flatline-0-seed-0,flatline,0,0,[],csp_lda,sub-001_run-12_sample-16608,12,16608,16768,17248,103.8,TASK2T2,1,4.1,1,0,0.9995858485913846,0.00041415140861548934
flatline-0-seed-0,flatline,0,0,[],csp_lda,sub-001_run-12_sample-17936,12,17936,18096,18576,112.1,TASK2T1,0,4.1,0,0,0.9863316969304488,0.013668303069551234
flatline-0-seed-0,flatline,0,0,[],csp_lda,sub-001_run-12_sample-19264,12,19264,19424,19904,120.4,TASK2T2,1,4.1,1,1,0.17317870677025982,0.8268212932297402
flatline-0-seed-0,flatline,0,0,[],bandpower_lda,sub-001_run-12_sample-672,12,672,832,1312,4.2,TASK2T2,1,4.1,1,0,0.7966610452430332,0.20333895475696678
flatline-0-seed-0,flatline,0,0,[],bandpower_lda,sub-001_run-12_sample-2000,12,2000,2160,2640,12.5,TASK2T1,0,4.1,0,1,0.004756916734306005,0.995243083265694
flatline-0-seed-0,flatline,0,0,[],bandpower_lda,sub-001_run-12_sample-3328,12,3328,3488,3968,20.8,TASK2T2,1,4.1,1,1,0.4197333616190091,0.5802666383809909
flatline-0-seed-0,flatline,0,0,[],bandpower_lda,sub-001_run-12_sample-4656,12,4656,4816,5296,29.1,TASK2T1,0,4.1,0,0,0.9984005699635714,0.0015994300364285652
flatline-0-seed-0,flatline,0,0,[],bandpower_lda,sub-001_run-12_sample-5984,12,5984,6144,6624,37.4,TASK2T1,0,4.1,0,1,0.46182156157265686,0.5381784384273431
flatline-0-seed-0,flatline,0,0,[],bandpower_lda,sub-001_run-12_sample-7312,12,7312,7472,7952,45.7,TASK2T2,1,4.1,1,1,2.7278301839572805e-09,0.9999999972721698
flatline-0-seed-0,flatline,0,0,[],bandpower_lda,sub-001_run-12_sample-8640,12,8640,8800,9280,54.0,TASK2T2,1,4.1,1,1,0.004445441119553806,0.9955545588804462
flatline-0-seed-0,flatline,0,0,[],bandpower_lda,sub-001_run-12_sample-9968,12,9968,10128,10608,62.3,TASK2T1,0,4.1,0,1,0.00041610985815687673,0.9995838901418431
flatline-0-seed-0,flatline,0,0,[],bandpower_lda,sub-001_run-12_sample-11296,12,11296,11456,11936,70.6,TASK2T1,0,4.1,0,1,4.3777174663084395e-08,0.9999999562228253
flatline-0-seed-0,flatline,0,0,[],bandpower_lda,sub-001_run-12_sample-12624,12,12624,12784,13264,78.9,TASK2T2,1,4.1,1,1,0.18142927759433425,0.8185707224056658
flatline-0-seed-0,flatline,0,0,[],bandpower_lda,sub-001_run-12_sample-13952,12,13952,14112,14592,87.2,TASK2T2,1,4.1,1,0,0.9379050105851664,0.06209498941483358
flatline-0-seed-0,flatline,0,0,[],bandpower_lda,sub-001_run-12_sample-15280,12,15280,15440,15920,95.5,TASK2T1,0,4.1,0,0,0.9997608414655875,0.00023915853441243854
flatline-0-seed-0,flatline,0,0,[],bandpower_lda,sub-001_run-12_sample-16608,12,16608,16768,17248,103.8,TASK2T2,1,4.1,1,0,0.9999954712154746,4.528784525447547e-06
flatline-0-seed-0,flatline,0,0,[],bandpower_lda,sub-001_run-12_sample-17936,12,17936,18096,18576,112.1,TASK2T1,0,4.1,0,0,0.9999022626912882,9.773730871181183e-05
flatline-0-seed-0,flatline,0,0,[],bandpower_lda,sub-001_run-12_sample-19264,12,19264,19424,19904,120.4,TASK2T2,1,4.1,1,0,0.9821741074200726,0.017825892579927366
flatline-0-seed-1,flatline,0,1,[],csp_lda,sub-001_run-12_sample-672,12,672,832,1312,4.2,TASK2T2,1,4.1,1,1,0.011099541927289125,0.9889004580727109
flatline-0-seed-1,flatline,0,1,[],csp_lda,sub-001_run-12_sample-2000,12,2000,2160,2640,12.5,TASK2T1,0,4.1,0,1,0.07559453426056806,0.9244054657394319
flatline-0-seed-1,flatline,0,1,[],csp_lda,sub-001_run-12_sample-3328,12,3328,3488,3968,20.8,TASK2T2,1,4.1,1,0,0.8997212779429478,0.10027872205705224
flatline-0-seed-1,flatline,0,1,[],csp_lda,sub-001_run-12_sample-4656,12,4656,4816,5296,29.1,TASK2T1,0,4.1,0,1,0.09825368620238617,0.9017463137976138
flatline-0-seed-1,flatline,0,1,[],csp_lda,sub-001_run-12_sample-5984,12,5984,6144,6624,37.4,TASK2T1,0,4.1,0,0,0.5350425284752116,0.4649574715247884
flatline-0-seed-1,flatline,0,1,[],csp_lda,sub-001_run-12_sample-7312,12,7312,7472,7952,45.7,TASK2T2,1,4.1,1,1,0.4197570184546531,0.5802429815453469
flatline-0-seed-1,flatline,0,1,[],csp_lda,sub-001_run-12_sample-8640,12,8640,8800,9280,54.0,TASK2T2,1,4.1,1,1,0.0007956272315442492,0.9992043727684558
flatline-0-seed-1,flatline,0,1,[],csp_lda,sub-001_run-12_sample-9968,12,9968,10128,10608,62.3,TASK2T1,0,4.1,0,0,0.6993060333708092,0.3006939666291908
flatline-0-seed-1,flatline,0,1,[],csp_lda,sub-001_run-12_sample-11296,12,11296,11456,11936,70.6,TASK2T1,0,4.1,0,0,0.9900811816706466,0.0099188183293534
flatline-0-seed-1,flatline,0,1,[],csp_lda,sub-001_run-12_sample-12624,12,12624,12784,13264,78.9,TASK2T2,1,4.1,1,0,0.8695469465752275,0.13045305342477248
flatline-0-seed-1,flatline,0,1,[],csp_lda,sub-001_run-12_sample-13952,12,13952,14112,14592,87.2,TASK2T2,1,4.1,1,0,0.995063807781445,0.004936192218554961
flatline-0-seed-1,flatline,0,1,[],csp_lda,sub-001_run-12_sample-15280,12,15280,15440,15920,95.5,TASK2T1,0,4.1,0,0,0.9999257342521539,7.426574784603318e-05
flatline-0-seed-1,flatline,0,1,[],csp_lda,sub-001_run-12_sample-16608,12,16608,16768,17248,103.8,TASK2T2,1,4.1,1,0,0.9995858485913846,0.00041415140861548934
flatline-0-seed-1,flatline,0,1,[],csp_lda,sub-001_run-12_sample-17936,12,17936,18096,18576,112.1,TASK2T1,0,4.1,0,0,0.9863316969304488,0.013668303069551234
flatline-0-seed-1,flatline,0,1,[],csp_lda,sub-001_run-12_sample-19264,12,19264,19424,19904,120.4,TASK2T2,1,4.1,1,1,0.17317870677025982,0.8268212932297402
flatline-0-seed-1,flatline,0,1,[],bandpower_lda,sub-001_run-12_sample-672,12,672,832,1312,4.2,TASK2T2,1,4.1,1,0,0.7966610452430332,0.20333895475696678
flatline-0-seed-1,flatline,0,1,[],bandpower_lda,sub-001_run-12_sample-2000,12,2000,2160,2640,12.5,TASK2T1,0,4.1,0,1,0.004756916734306005,0.995243083265694
flatline-0-seed-1,flatline,0,1,[],bandpower_lda,sub-001_run-12_sample-3328,12,3328,3488,3968,20.8,TASK2T2,1,4.1,1,1,0.4197333616190091,0.5802666383809909
flatline-0-seed-1,flatline,0,1,[],bandpower_lda,sub-001_run-12_sample-4656,12,4656,4816,5296,29.1,TASK2T1,0,4.1,0,0,0.9984005699635714,0.0015994300364285652
flatline-0-seed-1,flatline,0,1,[],bandpower_lda,sub-001_run-12_sample-5984,12,5984,6144,6624,37.4,TASK2T1,0,4.1,0,1,0.46182156157265686,0.5381784384273431
flatline-0-seed-1,flatline,0,1,[],bandpower_lda,sub-001_run-12_sample-7312,12,7312,7472,7952,45.7,TASK2T2,1,4.1,1,1,2.7278301839572805e-09,0.9999999972721698
flatline-0-seed-1,flatline,0,1,[],bandpower_lda,sub-001_run-12_sample-8640,12,8640,8800,9280,54.0,TASK2T2,1,4.1,1,1,0.004445441119553806,0.9955545588804462
flatline-0-seed-1,flatline,0,1,[],bandpower_lda,sub-001_run-12_sample-9968,12,9968,10128,10608,62.3,TASK2T1,0,4.1,0,1,0.00041610985815687673,0.9995838901418431
flatline-0-seed-1,flatline,0,1,[],bandpower_lda,sub-001_run-12_sample-11296,12,11296,11456,11936,70.6,TASK2T1,0,4.1,0,1,4.3777174663084395e-08,0.9999999562228253
flatline-0-seed-1,flatline,0,1,[],bandpower_lda,sub-001_run-12_sample-12624,12,12624,12784,13264,78.9,TASK2T2,1,4.1,1,1,0.18142927759433425,0.8185707224056658
flatline-0-seed-1,flatline,0,1,[],bandpower_lda,sub-001_run-12_sample-13952,12,13952,14112,14592,87.2,TASK2T2,1,4.1,1,0,0.9379050105851664,0.06209498941483358
flatline-0-seed-1,flatline,0,1,[],bandpower_lda,sub-001_run-12_sample-15280,12,15280,15440,15920,95.5,TASK2T1,0,4.1,0,0,0.9997608414655875,0.00023915853441243854
flatline-0-seed-1,flatline,0,1,[],bandpower_lda,sub-001_run-12_sample-16608,12,16608,16768,17248,103.8,TASK2T2,1,4.1,1,0,0.9999954712154746,4.528784525447547e-06
flatline-0-seed-1,flatline,0,1,[],bandpower_lda,sub-001_run-12_sample-17936,12,17936,18096,18576,112.1,TASK2T1,0,4.1,0,0,0.9999022626912882,9.773730871181183e-05
flatline-0-seed-1,flatline,0,1,[],bandpower_lda,sub-001_run-12_sample-19264,12,19264,19424,19904,120.4,TASK2T2,1,4.1,1,0,0.9821741074200726,0.017825892579927366
flatline-0-seed-2,flatline,0,2,[],csp_lda,sub-001_run-12_sample-672,12,672,832,1312,4.2,TASK2T2,1,4.1,1,1,0.011099541927289125,0.9889004580727109
flatline-0-seed-2,flatline,0,2,[],csp_lda,sub-001_run-12_sample-2000,12,2000,2160,2640,12.5,TASK2T1,0,4.1,0,1,0.07559453426056806,0.9244054657394319
flatline-0-seed-2,flatline,0,2,[],csp_lda,sub-001_run-12_sample-3328,12,3328,3488,3968,20.8,TASK2T2,1,4.1,1,0,0.8997212779429478,0.10027872205705224
flatline-0-seed-2,flatline,0,2,[],csp_lda,sub-001_run-12_sample-4656,12,4656,4816,5296,29.1,TASK2T1,0,4.1,0,1,0.09825368620238617,0.9017463137976138
flatline-0-seed-2,flatline,0,2,[],csp_lda,sub-001_run-12_sample-5984,12,5984,6144,6624,37.4,TASK2T1,0,4.1,0,0,0.5350425284752116,0.4649574715247884
flatline-0-seed-2,flatline,0,2,[],csp_lda,sub-001_run-12_sample-7312,12,7312,7472,7952,45.7,TASK2T2,1,4.1,1,1,0.4197570184546531,0.5802429815453469
flatline-0-seed-2,flatline,0,2,[],csp_lda,sub-001_run-12_sample-8640,12,8640,8800,9280,54.0,TASK2T2,1,4.1,1,1,0.0007956272315442492,0.9992043727684558
flatline-0-seed-2,flatline,0,2,[],csp_lda,sub-001_run-12_sample-9968,12,9968,10128,10608,62.3,TASK2T1,0,4.1,0,0,0.6993060333708092,0.3006939666291908
flatline-0-seed-2,flatline,0,2,[],csp_lda,sub-001_run-12_sample-11296,12,11296,11456,11936,70.6,TASK2T1,0,4.1,0,0,0.9900811816706466,0.0099188183293534
flatline-0-seed-2,flatline,0,2,[],csp_lda,sub-001_run-12_sample-12624,12,12624,12784,13264,78.9,TASK2T2,1,4.1,1,0,0.8695469465752275,0.13045305342477248
flatline-0-seed-2,flatline,0,2,[],csp_lda,sub-001_run-12_sample-13952,12,13952,14112,14592,87.2,TASK2T2,1,4.1,1,0,0.995063807781445,0.004936192218554961
flatline-0-seed-2,flatline,0,2,[],csp_lda,sub-001_run-12_sample-15280,12,15280,15440,15920,95.5,TASK2T1,0,4.1,0,0,0.9999257342521539,7.426574784603318e-05
flatline-0-seed-2,flatline,0,2,[],csp_lda,sub-001_run-12_sample-16608,12,16608,16768,17248,103.8,TASK2T2,1,4.1,1,0,0.9995858485913846,0.00041415140861548934
flatline-0-seed-2,flatline,0,2,[],csp_lda,sub-001_run-12_sample-17936,12,17936,18096,18576,112.1,TASK2T1,0,4.1,0,0,0.9863316969304488,0.013668303069551234
flatline-0-seed-2,flatline,0,2,[],csp_lda,sub-001_run-12_sample-19264,12,19264,19424,19904,120.4,TASK2T2,1,4.1,1,1,0.17317870677025982,0.8268212932297402
flatline-0-seed-2,flatline,0,2,[],bandpower_lda,sub-001_run-12_sample-672,12,672,832,1312,4.2,TASK2T2,1,4.1,1,0,0.7966610452430332,0.20333895475696678
flatline-0-seed-2,flatline,0,2,[],bandpower_lda,sub-001_run-12_sample-2000,12,2000,2160,2640,12.5,TASK2T1,0,4.1,0,1,0.004756916734306005,0.995243083265694
flatline-0-seed-2,flatline,0,2,[],bandpower_lda,sub-001_run-12_sample-3328,12,3328,3488,3968,20.8,TASK2T2,1,4.1,1,1,0.4197333616190091,0.5802666383809909
flatline-0-seed-2,flatline,0,2,[],bandpower_lda,sub-001_run-12_sample-4656,12,4656,4816,5296,29.1,TASK2T1,0,4.1,0,0,0.9984005699635714,0.0015994300364285652
flatline-0-seed-2,flatline,0,2,[],bandpower_lda,sub-001_run-12_sample-5984,12,5984,6144,6624,37.4,TASK2T1,0,4.1,0,1,0.46182156157265686,0.5381784384273431
flatline-0-seed-2,flatline,0,2,[],bandpower_lda,sub-001_run-12_sample-7312,12,7312,7472,7952,45.7,TASK2T2,1,4.1,1,1,2.7278301839572805e-09,0.9999999972721698
flatline-0-seed-2,flatline,0,2,[],bandpower_lda,sub-001_run-12_sample-8640,12,8640,8800,9280,54.0,TASK2T2,1,4.1,1,1,0.004445441119553806,0.9955545588804462
flatline-0-seed-2,flatline,0,2,[],bandpower_lda,sub-001_run-12_sample-9968,12,9968,10128,10608,62.3,TASK2T1,0,4.1,0,1,0.00041610985815687673,0.9995838901418431
flatline-0-seed-2,flatline,0,2,[],bandpower_lda,sub-001_run-12_sample-11296,12,11296,11456,11936,70.6,TASK2T1,0,4.1,0,1,4.3777174663084395e-08,0.9999999562228253
flatline-0-seed-2,flatline,0,2,[],bandpower_lda,sub-001_run-12_sample-12624,12,12624,12784,13264,78.9,TASK2T2,1,4.1,1,1,0.18142927759433425,0.8185707224056658
flatline-0-seed-2,flatline,0,2,[],bandpower_lda,sub-001_run-12_sample-13952,12,13952,14112,14592,87.2,TASK2T2,1,4.1,1,0,0.9379050105851664,0.06209498941483358
flatline-0-seed-2,flatline,0,2,[],bandpower_lda,sub-001_run-12_sample-15280,12,15280,15440,15920,95.5,TASK2T1,0,4.1,0,0,0.9997608414655875,0.00023915853441243854
flatline-0-seed-2,flatline,0,2,[],bandpower_lda,sub-001_run-12_sample-16608,12,16608,16768,17248,103.8,TASK2T2,1,4.1,1,0,0.9999954712154746,4.528784525447547e-06
flatline-0-seed-2,flatline,0,2,[],bandpower_lda,sub-001_run-12_sample-17936,12,17936,18096,18576,112.1,TASK2T1,0,4.1,0,0,0.9999022626912882,9.773730871181183e-05
flatline-0-seed-2,flatline,0,2,[],bandpower_lda,sub-001_run-12_sample-19264,12,19264,19424,19904,120.4,TASK2T2,1,4.1,1,0,0.9821741074200726,0.017825892579927366
flatline-0-seed-3,flatline,0,3,[],csp_lda,sub-001_run-12_sample-672,12,672,832,1312,4.2,TASK2T2,1,4.1,1,1,0.011099541927289125,0.9889004580727109
flatline-0-seed-3,flatline,0,3,[],csp_lda,sub-001_run-12_sample-2000,12,2000,2160,2640,12.5,TASK2T1,0,4.1,0,1,0.07559453426056806,0.9244054657394319
flatline-0-seed-3,flatline,0,3,[],csp_lda,sub-001_run-12_sample-3328,12,3328,3488,3968,20.8,TASK2T2,1,4.1,1,0,0.8997212779429478,0.10027872205705224
flatline-0-seed-3,flatline,0,3,[],csp_lda,sub-001_run-12_sample-4656,12,4656,4816,5296,29.1,TASK2T1,0,4.1,0,1,0.09825368620238617,0.9017463137976138
flatline-0-seed-3,flatline,0,3,[],csp_lda,sub-001_run-12_sample-5984,12,5984,6144,6624,37.4,TASK2T1,0,4.1,0,0,0.5350425284752116,0.4649574715247884
flatline-0-seed-3,flatline,0,3,[],csp_lda,sub-001_run-12_sample-7312,12,7312,7472,7952,45.7,TASK2T2,1,4.1,1,1,0.4197570184546531,0.5802429815453469
flatline-0-seed-3,flatline,0,3,[],csp_lda,sub-001_run-12_sample-8640,12,8640,8800,9280,54.0,TASK2T2,1,4.1,1,1,0.0007956272315442492,0.9992043727684558
flatline-0-seed-3,flatline,0,3,[],csp_lda,sub-001_run-12_sample-9968,12,9968,10128,10608,62.3,TASK2T1,0,4.1,0,0,0.6993060333708092,0.3006939666291908
flatline-0-seed-3,flatline,0,3,[],csp_lda,sub-001_run-12_sample-11296,12,11296,11456,11936,70.6,TASK2T1,0,4.1,0,0,0.9900811816706466,0.0099188183293534
flatline-0-seed-3,flatline,0,3,[],csp_lda,sub-001_run-12_sample-12624,12,12624,12784,13264,78.9,TASK2T2,1,4.1,1,0,0.8695469465752275,0.13045305342477248
flatline-0-seed-3,flatline,0,3,[],csp_lda,sub-001_run-12_sample-13952,12,13952,14112,14592,87.2,TASK2T2,1,4.1,1,0,0.995063807781445,0.004936192218554961
flatline-0-seed-3,flatline,0,3,[],csp_lda,sub-001_run-12_sample-15280,12,15280,15440,15920,95.5,TASK2T1,0,4.1,0,0,0.9999257342521539,7.426574784603318e-05
flatline-0-seed-3,flatline,0,3,[],csp_lda,sub-001_run-12_sample-16608,12,16608,16768,17248,103.8,TASK2T2,1,4.1,1,0,0.9995858485913846,0.00041415140861548934
flatline-0-seed-3,flatline,0,3,[],csp_lda,sub-001_run-12_sample-17936,12,17936,18096,18576,112.1,TASK2T1,0,4.1,0,0,0.9863316969304488,0.013668303069551234
flatline-0-seed-3,flatline,0,3,[],csp_lda,sub-001_run-12_sample-19264,12,19264,19424,19904,120.4,TASK2T2,1,4.1,1,1,0.17317870677025982,0.8268212932297402
flatline-0-seed-3,flatline,0,3,[],bandpower_lda,sub-001_run-12_sample-672,12,672,832,1312,4.2,TASK2T2,1,4.1,1,0,0.7966610452430332,0.20333895475696678
flatline-0-seed-3,flatline,0,3,[],bandpower_lda,sub-001_run-12_sample-2000,12,2000,2160,2640,12.5,TASK2T1,0,4.1,0,1,0.004756916734306005,0.995243083265694
flatline-0-seed-3,flatline,0,3,[],bandpower_lda,sub-001_run-12_sample-3328,12,3328,3488,3968,20.8,TASK2T2,1,4.1,1,1,0.4197333616190091,0.5802666383809909
flatline-0-seed-3,flatline,0,3,[],bandpower_lda,sub-001_run-12_sample-4656,12,4656,4816,5296,29.1,TASK2T1,0,4.1,0,0,0.9984005699635714,0.0015994300364285652
flatline-0-seed-3,flatline,0,3,[],bandpower_lda,sub-001_run-12_sample-5984,12,5984,6144,6624,37.4,TASK2T1,0,4.1,0,1,0.46182156157265686,0.5381784384273431
flatline-0-seed-3,flatline,0,3,[],bandpower_lda,sub-001_run-12_sample-7312,12,7312,7472,7952,45.7,TASK2T2,1,4.1,1,1,2.7278301839572805e-09,0.9999999972721698
flatline-0-seed-3,flatline,0,3,[],bandpower_lda,sub-001_run-12_sample-8640,12,8640,8800,9280,54.0,TASK2T2,1,4.1,1,1,0.004445441119553806,0.9955545588804462
flatline-0-seed-3,flatline,0,3,[],bandpower_lda,sub-001_run-12_sample-9968,12,9968,10128,10608,62.3,TASK2T1,0,4.1,0,1,0.00041610985815687673,0.9995838901418431
flatline-0-seed-3,flatline,0,3,[],bandpower_lda,sub-001_run-12_sample-11296,12,11296,11456,11936,70.6,TASK2T1,0,4.1,0,1,4.3777174663084395e-08,0.9999999562228253
flatline-0-seed-3,flatline,0,3,[],bandpower_lda,sub-001_run-12_sample-12624,12,12624,12784,13264,78.9,TASK2T2,1,4.1,1,1,0.18142927759433425,0.8185707224056658
flatline-0-seed-3,flatline,0,3,[],bandpower_lda,sub-001_run-12_sample-13952,12,13952,14112,14592,87.2,TASK2T2,1,4.1,1,0,0.9379050105851664,0.06209498941483358
flatline-0-seed-3,flatline,0,3,[],bandpower_lda,sub-001_run-12_sample-15280,12,15280,15440,15920,95.5,TASK2T1,0,4.1,0,0,0.9997608414655875,0.00023915853441243854
flatline-0-seed-3,flatline,0,3,[],bandpower_lda,sub-001_run-12_sample-16608,12,16608,16768,17248,103.8,TASK2T2,1,4.1,1,0,0.9999954712154746,4.528784525447547e-06
flatline-0-seed-3,flatline,0,3,[],bandpower_lda,sub-001_run-12_sample-17936,12,17936,18096,18576,112.1,TASK2T1,0,4.1,0,0,0.9999022626912882,9.773730871181183e-05
flatline-0-seed-3,flatline,0,3,[],bandpower_lda,sub-001_run-12_sample-19264,12,19264,19424,19904,120.4,TASK2T2,1,4.1,1,0,0.9821741074200726,0.017825892579927366
flatline-0-seed-4,flatline,0,4,[],csp_lda,sub-001_run-12_sample-672,12,672,832,1312,4.2,TASK2T2,1,4.1,1,1,0.011099541927289125,0.9889004580727109
flatline-0-seed-4,flatline,0,4,[],csp_lda,sub-001_run-12_sample-2000,12,2000,2160,2640,12.5,TASK2T1,0,4.1,0,1,0.07559453426056806,0.9244054657394319
flatline-0-seed-4,flatline,0,4,[],csp_lda,sub-001_run-12_sample-3328,12,3328,3488,3968,20.8,TASK2T2,1,4.1,1,0,0.8997212779429478,0.10027872205705224
flatline-0-seed-4,flatline,0,4,[],csp_lda,sub-001_run-12_sample-4656,12,4656,4816,5296,29.1,TASK2T1,0,4.1,0,1,0.09825368620238617,0.9017463137976138
flatline-0-seed-4,flatline,0,4,[],csp_lda,sub-001_run-12_sample-5984,12,5984,6144,6624,37.4,TASK2T1,0,4.1,0,0,0.5350425284752116,0.4649574715247884
flatline-0-seed-4,flatline,0,4,[],csp_lda,sub-001_run-12_sample-7312,12,7312,7472,7952,45.7,TASK2T2,1,4.1,1,1,0.4197570184546531,0.5802429815453469
flatline-0-seed-4,flatline,0,4,[],csp_lda,sub-001_run-12_sample-8640,12,8640,8800,9280,54.0,TASK2T2,1,4.1,1,1,0.0007956272315442492,0.9992043727684558
flatline-0-seed-4,flatline,0,4,[],csp_lda,sub-001_run-12_sample-9968,12,9968,10128,10608,62.3,TASK2T1,0,4.1,0,0,0.6993060333708092,0.3006939666291908
flatline-0-seed-4,flatline,0,4,[],csp_lda,sub-001_run-12_sample-11296,12,11296,11456,11936,70.6,TASK2T1,0,4.1,0,0,0.9900811816706466,0.0099188183293534
flatline-0-seed-4,flatline,0,4,[],csp_lda,sub-001_run-12_sample-12624,12,12624,12784,13264,78.9,TASK2T2,1,4.1,1,0,0.8695469465752275,0.13045305342477248
flatline-0-seed-4,flatline,0,4,[],csp_lda,sub-001_run-12_sample-13952,12,13952,14112,14592,87.2,TASK2T2,1,4.1,1,0,0.995063807781445,0.004936192218554961
flatline-0-seed-4,flatline,0,4,[],csp_lda,sub-001_run-12_sample-15280,12,15280,15440,15920,95.5,TASK2T1,0,4.1,0,0,0.9999257342521539,7.426574784603318e-05
flatline-0-seed-4,flatline,0,4,[],csp_lda,sub-001_run-12_sample-16608,12,16608,16768,17248,103.8,TASK2T2,1,4.1,1,0,0.9995858485913846,0.00041415140861548934
flatline-0-seed-4,flatline,0,4,[],csp_lda,sub-001_run-12_sample-17936,12,17936,18096,18576,112.1,TASK2T1,0,4.1,0,0,0.9863316969304488,0.013668303069551234
flatline-0-seed-4,flatline,0,4,[],csp_lda,sub-001_run-12_sample-19264,12,19264,19424,19904,120.4,TASK2T2,1,4.1,1,1,0.17317870677025982,0.8268212932297402
flatline-0-seed-4,flatline,0,4,[],bandpower_lda,sub-001_run-12_sample-672,12,672,832,1312,4.2,TASK2T2,1,4.1,1,0,0.7966610452430332,0.20333895475696678
flatline-0-seed-4,flatline,0,4,[],bandpower_lda,sub-001_run-12_sample-2000,12,2000,2160,2640,12.5,TASK2T1,0,4.1,0,1,0.004756916734306005,0.995243083265694
flatline-0-seed-4,flatline,0,4,[],bandpower_lda,sub-001_run-12_sample-3328,12,3328,3488,3968,20.8,TASK2T2,1,4.1,1,1,0.4197333616190091,0.5802666383809909
flatline-0-seed-4,flatline,0,4,[],bandpower_lda,sub-001_run-12_sample-4656,12,4656,4816,5296,29.1,TASK2T1,0,4.1,0,0,0.9984005699635714,0.0015994300364285652
flatline-0-seed-4,flatline,0,4,[],bandpower_lda,sub-001_run-12_sample-5984,12,5984,6144,6624,37.4,TASK2T1,0,4.1,0,1,0.46182156157265686,0.5381784384273431
flatline-0-seed-4,flatline,0,4,[],bandpower_lda,sub-001_run-12_sample-7312,12,7312,7472,7952,45.7,TASK2T2,1,4.1,1,1,2.7278301839572805e-09,0.9999999972721698
flatline-0-seed-4,flatline,0,4,[],bandpower_lda,sub-001_run-12_sample-8640,12,8640,8800,9280,54.0,TASK2T2,1,4.1,1,1,0.004445441119553806,0.9955545588804462
flatline-0-seed-4,flatline,0,4,[],bandpower_lda,sub-001_run-12_sample-9968,12,9968,10128,10608,62.3,TASK2T1,0,4.1,0,1,0.00041610985815687673,0.9995838901418431
flatline-0-seed-4,flatline,0,4,[],bandpower_lda,sub-001_run-12_sample-11296,12,11296,11456,11936,70.6,TASK2T1,0,4.1,0,1,4.3777174663084395e-08,0.9999999562228253
flatline-0-seed-4,flatline,0,4,[],bandpower_lda,sub-001_run-12_sample-12624,12,12624,12784,13264,78.9,TASK2T2,1,4.1,1,1,0.18142927759433425,0.8185707224056658
flatline-0-seed-4,flatline,0,4,[],bandpower_lda,sub-001_run-12_sample-13952,12,13952,14112,14592,87.2,TASK2T2,1,4.1,1,0,0.9379050105851664,0.06209498941483358
flatline-0-seed-4,flatline,0,4,[],bandpower_lda,sub-001_run-12_sample-15280,12,15280,15440,15920,95.5,TASK2T1,0,4.1,0,0,0.9997608414655875,0.00023915853441243854
flatline-0-seed-4,flatline,0,4,[],bandpower_lda,sub-001_run-12_sample-16608,12,16608,16768,17248,103.8,TASK2T2,1,4.1,1,0,0.9999954712154746,4.528784525447547e-06
flatline-0-seed-4,flatline,0,4,[],bandpower_lda,sub-001_run-12_sample-17936,12,17936,18096,18576,112.1,TASK2T1,0,4.1,0,0,0.9999022626912882,9.773730871181183e-05
flatline-0-seed-4,flatline,0,4,[],bandpower_lda,sub-001_run-12_sample-19264,12,19264,19424,19904,120.4,TASK2T2,1,4.1,1,0,0.9821741074200726,0.017825892579927366
flatline-0-seed-5,flatline,0,5,[],csp_lda,sub-001_run-12_sample-672,12,672,832,1312,4.2,TASK2T2,1,4.1,1,1,0.011099541927289125,0.9889004580727109
flatline-0-seed-5,flatline,0,5,[],csp_lda,sub-001_run-12_sample-2000,12,2000,2160,2640,12.5,TASK2T1,0,4.1,0,1,0.07559453426056806,0.9244054657394319
flatline-0-seed-5,flatline,0,5,[],csp_lda,sub-001_run-12_sample-3328,12,3328,3488,3968,20.8,TASK2T2,1,4.1,1,0,0.8997212779429478,0.10027872205705224
flatline-0-seed-5,flatline,0,5,[],csp_lda,sub-001_run-12_sample-4656,12,4656,4816,5296,29.1,TASK2T1,0,4.1,0,1,0.09825368620238617,0.9017463137976138
flatline-0-seed-5,flatline,0,5,[],csp_lda,sub-001_run-12_sample-5984,12,5984,6144,6624,37.4,TASK2T1,0,4.1,0,0,0.5350425284752116,0.4649574715247884
flatline-0-seed-5,flatline,0,5,[],csp_lda,sub-001_run-12_sample-7312,12,7312,7472,7952,45.7,TASK2T2,1,4.1,1,1,0.4197570184546531,0.5802429815453469
flatline-0-seed-5,flatline,0,5,[],csp_lda,sub-001_run-12_sample-8640,12,8640,8800,9280,54.0,TASK2T2,1,4.1,1,1,0.0007956272315442492,0.9992043727684558
flatline-0-seed-5,flatline,0,5,[],csp_lda,sub-001_run-12_sample-9968,12,9968,10128,10608,62.3,TASK2T1,0,4.1,0,0,0.6993060333708092,0.3006939666291908
flatline-0-seed-5,flatline,0,5,[],csp_lda,sub-001_run-12_sample-11296,12,11296,11456,11936,70.6,TASK2T1,0,4.1,0,0,0.9900811816706466,0.0099188183293534
flatline-0-seed-5,flatline,0,5,[],csp_lda,sub-001_run-12_sample-12624,12,12624,12784,13264,78.9,TASK2T2,1,4.1,1,0,0.8695469465752275,0.13045305342477248
flatline-0-seed-5,flatline,0,5,[],csp_lda,sub-001_run-12_sample-13952,12,13952,14112,14592,87.2,TASK2T2,1,4.1,1,0,0.995063807781445,0.004936192218554961
flatline-0-seed-5,flatline,0,5,[],csp_lda,sub-001_run-12_sample-15280,12,15280,15440,15920,95.5,TASK2T1,0,4.1,0,0,0.9999257342521539,7.426574784603318e-05
flatline-0-seed-5,flatline,0,5,[],csp_lda,sub-001_run-12_sample-16608,12,16608,16768,17248,103.8,TASK2T2,1,4.1,1,0,0.9995858485913846,0.00041415140861548934
flatline-0-seed-5,flatline,0,5,[],csp_lda,sub-001_run-12_sample-17936,12,17936,18096,18576,112.1,TASK2T1,0,4.1,0,0,0.9863316969304488,0.013668303069551234
flatline-0-seed-5,flatline,0,5,[],csp_lda,sub-001_run-12_sample-19264,12,19264,19424,19904,120.4,TASK2T2,1,4.1,1,1,0.17317870677025982,0.8268212932297402
flatline-0-seed-5,flatline,0,5,[],bandpower_lda,sub-001_run-12_sample-672,12,672,832,1312,4.2,TASK2T2,1,4.1,1,0,0.7966610452430332,0.20333895475696678
flatline-0-seed-5,flatline,0,5,[],bandpower_lda,sub-001_run-12_sample-2000,12,2000,2160,2640,12.5,TASK2T1,0,4.1,0,1,0.004756916734306005,0.995243083265694
flatline-0-seed-5,flatline,0,5,[],bandpower_lda,sub-001_run-12_sample-3328,12,3328,3488,3968,20.8,TASK2T2,1,4.1,1,1,0.4197333616190091,0.5802666383809909
flatline-0-seed-5,flatline,0,5,[],bandpower_lda,sub-001_run-12_sample-4656,12,4656,4816,5296,29.1,TASK2T1,0,4.1,0,0,0.9984005699635714,0.0015994300364285652
flatline-0-seed-5,flatline,0,5,[],bandpower_lda,sub-001_run-12_sample-5984,12,5984,6144,6624,37.4,TASK2T1,0,4.1,0,1,0.46182156157265686,0.5381784384273431
flatline-0-seed-5,flatline,0,5,[],bandpower_lda,sub-001_run-12_sample-7312,12,7312,7472,7952,45.7,TASK2T2,1,4.1,1,1,2.7278301839572805e-09,0.9999999972721698
flatline-0-seed-5,flatline,0,5,[],bandpower_lda,sub-001_run-12_sample-8640,12,8640,8800,9280,54.0,TASK2T2,1,4.1,1,1,0.004445441119553806,0.9955545588804462
flatline-0-seed-5,flatline,0,5,[],bandpower_lda,sub-001_run-12_sample-9968,12,9968,10128,10608,62.3,TASK2T1,0,4.1,0,1,0.00041610985815687673,0.9995838901418431
flatline-0-seed-5,flatline,0,5,[],bandpower_lda,sub-001_run-12_sample-11296,12,11296,11456,11936,70.6,TASK2T1,0,4.1,0,1,4.3777174663084395e-08,0.9999999562228253
flatline-0-seed-5,flatline,0,5,[],bandpower_lda,sub-001_run-12_sample-12624,12,12624,12784,13264,78.9,TASK2T2,1,4.1,1,1,0.18142927759433425,0.8185707224056658
flatline-0-seed-5,flatline,0,5,[],bandpower_lda,sub-001_run-12_sample-13952,12,13952,14112,14592,87.2,TASK2T2,1,4.1,1,0,0.9379050105851664,0.06209498941483358
flatline-0-seed-5,flatline,0,5,[],bandpower_lda,sub-001_run-12_sample-15280,12,15280,15440,15920,95.5,TASK2T1,0,4.1,0,0,0.9997608414655875,0.00023915853441243854
flatline-0-seed-5,flatline,0,5,[],bandpower_lda,sub-001_run-12_sample-16608,12,16608,16768,17248,103.8,TASK2T2,1,4.1,1,0,0.9999954712154746,4.528784525447547e-06
flatline-0-seed-5,flatline,0,5,[],bandpower_lda,sub-001_run-12_sample-17936,12,17936,18096,18576,112.1,TASK2T1,0,4.1,0,0,0.9999022626912882,9.773730871181183e-05
flatline-0-seed-5,flatline,0,5,[],bandpower_lda,sub-001_run-12_sample-19264,12,19264,19424,19904,120.4,TASK2T2,1,4.1,1,0,0.9821741074200726,0.017825892579927366
flatline-0-seed-6,flatline,0,6,[],csp_lda,sub-001_run-12_sample-672,12,672,832,1312,4.2,TASK2T2,1,4.1,1,1,0.011099541927289125,0.9889004580727109
flatline-0-seed-6,flatline,0,6,[],csp_lda,sub-001_run-12_sample-2000,12,2000,2160,2640,12.5,TASK2T1,0,4.1,0,1,0.07559453426056806,0.9244054657394319
flatline-0-seed-6,flatline,0,6,[],csp_lda,sub-001_run-12_sample-3328,12,3328,3488,3968,20.8,TASK2T2,1,4.1,1,0,0.8997212779429478,0.10027872205705224
flatline-0-seed-6,flatline,0,6,[],csp_lda,sub-001_run-12_sample-4656,12,4656,4816,5296,29.1,TASK2T1,0,4.1,0,1,0.09825368620238617,0.9017463137976138
flatline-0-seed-6,flatline,0,6,[],csp_lda,sub-001_run-12_sample-5984,12,5984,6144,6624,37.4,TASK2T1,0,4.1,0,0,0.5350425284752116,0.4649574715247884
flatline-0-seed-6,flatline,0,6,[],csp_lda,sub-001_run-12_sample-7312,12,7312,7472,7952,45.7,TASK2T2,1,4.1,1,1,0.4197570184546531,0.5802429815453469
flatline-0-seed-6,flatline,0,6,[],csp_lda,sub-001_run-12_sample-8640,12,8640,8800,9280,54.0,TASK2T2,1,4.1,1,1,0.0007956272315442492,0.9992043727684558
flatline-0-seed-6,flatline,0,6,[],csp_lda,sub-001_run-12_sample-9968,12,9968,10128,10608,62.3,TASK2T1,0,4.1,0,0,0.6993060333708092,0.3006939666291908
flatline-0-seed-6,flatline,0,6,[],csp_lda,sub-001_run-12_sample-11296,12,11296,11456,11936,70.6,TASK2T1,0,4.1,0,0,0.9900811816706466,0.0099188183293534
flatline-0-seed-6,flatline,0,6,[],csp_lda,sub-001_run-12_sample-12624,12,12624,12784,13264,78.9,TASK2T2,1,4.1,1,0,0.8695469465752275,0.13045305342477248
flatline-0-seed-6,flatline,0,6,[],csp_lda,sub-001_run-12_sample-13952,12,13952,14112,14592,87.2,TASK2T2,1,4.1,1,0,0.995063807781445,0.004936192218554961
flatline-0-seed-6,flatline,0,6,[],csp_lda,sub-001_run-12_sample-15280,12,15280,15440,15920,95.5,TASK2T1,0,4.1,0,0,0.9999257342521539,7.426574784603318e-05
flatline-0-seed-6,flatline,0,6,[],csp_lda,sub-001_run-12_sample-16608,12,16608,16768,17248,103.8,TASK2T2,1,4.1,1,0,0.9995858485913846,0.00041415140861548934
flatline-0-seed-6,flatline,0,6,[],csp_lda,sub-001_run-12_sample-17936,12,17936,18096,18576,112.1,TASK2T1,0,4.1,0,0,0.9863316969304488,0.013668303069551234
flatline-0-seed-6,flatline,0,6,[],csp_lda,sub-001_run-12_sample-19264,12,19264,19424,19904,120.4,TASK2T2,1,4.1,1,1,0.17317870677025982,0.8268212932297402
flatline-0-seed-6,flatline,0,6,[],bandpower_lda,sub-001_run-12_sample-672,12,672,832,1312,4.2,TASK2T2,1,4.1,1,0,0.7966610452430332,0.20333895475696678
flatline-0-seed-6,flatline,0,6,[],bandpower_lda,sub-001_run-12_sample-2000,12,2000,2160,2640,12.5,TASK2T1,0,4.1,0,1,0.004756916734306005,0.995243083265694
flatline-0-seed-6,flatline,0,6,[],bandpower_lda,sub-001_run-12_sample-3328,12,3328,3488,3968,20.8,TASK2T2,1,4.1,1,1,0.4197333616190091,0.5802666383809909
flatline-0-seed-6,flatline,0,6,[],bandpower_lda,sub-001_run-12_sample-4656,12,4656,4816,5296,29.1,TASK2T1,0,4.1,0,0,0.9984005699635714,0.0015994300364285652
flatline-0-seed-6,flatline,0,6,[],bandpower_lda,sub-001_run-12_sample-5984,12,5984,6144,6624,37.4,TASK2T1,0,4.1,0,1,0.46182156157265686,0.5381784384273431
flatline-0-seed-6,flatline,0,6,[],bandpower_lda,sub-001_run-12_sample-7312,12,7312,7472,7952,45.7,TASK2T2,1,4.1,1,1,2.7278301839572805e-09,0.9999999972721698
flatline-0-seed-6,flatline,0,6,[],bandpower_lda,sub-001_run-12_sample-8640,12,8640,8800,9280,54.0,TASK2T2,1,4.1,1,1,0.004445441119553806,0.9955545588804462
flatline-0-seed-6,flatline,0,6,[],bandpower_lda,sub-001_run-12_sample-9968,12,9968,10128,10608,62.3,TASK2T1,0,4.1,0,1,0.00041610985815687673,0.9995838901418431
flatline-0-seed-6,flatline,0,6,[],bandpower_lda,sub-001_run-12_sample-11296,12,11296,11456,11936,70.6,TASK2T1,0,4.1,0,1,4.3777174663084395e-08,0.9999999562228253
flatline-0-seed-6,flatline,0,6,[],bandpower_lda,sub-001_run-12_sample-12624,12,12624,12784,13264,78.9,TASK2T2,1,4.1,1,1,0.18142927759433425,0.8185707224056658
flatline-0-seed-6,flatline,0,6,[],bandpower_lda,sub-001_run-12_sample-13952,12,13952,14112,14592,87.2,TASK2T2,1,4.1,1,0,0.9379050105851664,0.06209498941483358
flatline-0-seed-6,flatline,0,6,[],bandpower_lda,sub-001_run-12_sample-15280,12,15280,15440,15920,95.5,TASK2T1,0,4.1,0,0,0.9997608414655875,0.00023915853441243854
flatline-0-seed-6,flatline,0,6,[],bandpower_lda,sub-001_run-12_sample-16608,12,16608,16768,17248,103.8,TASK2T2,1,4.1,1,0,0.9999954712154746,4.528784525447547e-06
flatline-0-seed-6,flatline,0,6,[],bandpower_lda,sub-001_run-12_sample-17936,12,17936,18096,18576,112.1,TASK2T1,0,4.1,0,0,0.9999022626912882,9.773730871181183e-05
flatline-0-seed-6,flatline,0,6,[],bandpower_lda,sub-001_run-12_sample-19264,12,19264,19424,19904,120.4,TASK2T2,1,4.1,1,0,0.9821741074200726,0.017825892579927366
flatline-0-seed-7,flatline,0,7,[],csp_lda,sub-001_run-12_sample-672,12,672,832,1312,4.2,TASK2T2,1,4.1,1,1,0.011099541927289125,0.9889004580727109
flatline-0-seed-7,flatline,0,7,[],csp_lda,sub-001_run-12_sample-2000,12,2000,2160,2640,12.5,TASK2T1,0,4.1,0,1,0.07559453426056806,0.9244054657394319
flatline-0-seed-7,flatline,0,7,[],csp_lda,sub-001_run-12_sample-3328,12,3328,3488,3968,20.8,TASK2T2,1,4.1,1,0,0.8997212779429478,0.10027872205705224
flatline-0-seed-7,flatline,0,7,[],csp_lda,sub-001_run-12_sample-4656,12,4656,4816,5296,29.1,TASK2T1,0,4.1,0,1,0.09825368620238617,0.9017463137976138
flatline-0-seed-7,flatline,0,7,[],csp_lda,sub-001_run-12_sample-5984,12,5984,6144,6624,37.4,TASK2T1,0,4.1,0,0,0.5350425284752116,0.4649574715247884
flatline-0-seed-7,flatline,0,7,[],csp_lda,sub-001_run-12_sample-7312,12,7312,7472,7952,45.7,TASK2T2,1,4.1,1,1,0.4197570184546531,0.5802429815453469
flatline-0-seed-7,flatline,0,7,[],csp_lda,sub-001_run-12_sample-8640,12,8640,8800,9280,54.0,TASK2T2,1,4.1,1,1,0.0007956272315442492,0.9992043727684558
flatline-0-seed-7,flatline,0,7,[],csp_lda,sub-001_run-12_sample-9968,12,9968,10128,10608,62.3,TASK2T1,0,4.1,0,0,0.6993060333708092,0.3006939666291908
flatline-0-seed-7,flatline,0,7,[],csp_lda,sub-001_run-12_sample-11296,12,11296,11456,11936,70.6,TASK2T1,0,4.1,0,0,0.9900811816706466,0.0099188183293534
flatline-0-seed-7,flatline,0,7,[],csp_lda,sub-001_run-12_sample-12624,12,12624,12784,13264,78.9,TASK2T2,1,4.1,1,0,0.8695469465752275,0.13045305342477248
flatline-0-seed-7,flatline,0,7,[],csp_lda,sub-001_run-12_sample-13952,12,13952,14112,14592,87.2,TASK2T2,1,4.1,1,0,0.995063807781445,0.004936192218554961
flatline-0-seed-7,flatline,0,7,[],csp_lda,sub-001_run-12_sample-15280,12,15280,15440,15920,95.5,TASK2T1,0,4.1,0,0,0.9999257342521539,7.426574784603318e-05
flatline-0-seed-7,flatline,0,7,[],csp_lda,sub-001_run-12_sample-16608,12,16608,16768,17248,103.8,TASK2T2,1,4.1,1,0,0.9995858485913846,0.00041415140861548934
flatline-0-seed-7,flatline,0,7,[],csp_lda,sub-001_run-12_sample-17936,12,17936,18096,18576,112.1,TASK2T1,0,4.1,0,0,0.9863316969304488,0.013668303069551234
flatline-0-seed-7,flatline,0,7,[],csp_lda,sub-001_run-12_sample-19264,12,19264,19424,19904,120.4,TASK2T2,1,4.1,1,1,0.17317870677025982,0.8268212932297402
flatline-0-seed-7,flatline,0,7,[],bandpower_lda,sub-001_run-12_sample-672,12,672,832,1312,4.2,TASK2T2,1,4.1,1,0,0.7966610452430332,0.20333895475696678
flatline-0-seed-7,flatline,0,7,[],bandpower_lda,sub-001_run-12_sample-2000,12,2000,2160,2640,12.5,TASK2T1,0,4.1,0,1,0.004756916734306005,0.995243083265694
flatline-0-seed-7,flatline,0,7,[],bandpower_lda,sub-001_run-12_sample-3328,12,3328,3488,3968,20.8,TASK2T2,1,4.1,1,1,0.4197333616190091,0.5802666383809909
flatline-0-seed-7,flatline,0,7,[],bandpower_lda,sub-001_run-12_sample-4656,12,4656,4816,5296,29.1,TASK2T1,0,4.1,0,0,0.9984005699635714,0.0015994300364285652
flatline-0-seed-7,flatline,0,7,[],bandpower_lda,sub-001_run-12_sample-5984,12,5984,6144,6624,37.4,TASK2T1,0,4.1,0,1,0.46182156157265686,0.5381784384273431
flatline-0-seed-7,flatline,0,7,[],bandpower_lda,sub-001_run-12_sample-7312,12,7312,7472,7952,45.7,TASK2T2,1,4.1,1,1,2.7278301839572805e-09,0.9999999972721698
flatline-0-seed-7,flatline,0,7,[],bandpower_lda,sub-001_run-12_sample-8640,12,8640,8800,9280,54.0,TASK2T2,1,4.1,1,1,0.004445441119553806,0.9955545588804462
flatline-0-seed-7,flatline,0,7,[],bandpower_lda,sub-001_run-12_sample-9968,12,9968,10128,10608,62.3,TASK2T1,0,4.1,0,1,0.00041610985815687673,0.9995838901418431
flatline-0-seed-7,flatline,0,7,[],bandpower_lda,sub-001_run-12_sample-11296,12,11296,11456,11936,70.6,TASK2T1,0,4.1,0,1,4.3777174663084395e-08,0.9999999562228253
flatline-0-seed-7,flatline,0,7,[],bandpower_lda,sub-001_run-12_sample-12624,12,12624,12784,13264,78.9,TASK2T2,1,4.1,1,1,0.18142927759433425,0.8185707224056658
flatline-0-seed-7,flatline,0,7,[],bandpower_lda,sub-001_run-12_sample-13952,12,13952,14112,14592,87.2,TASK2T2,1,4.1,1,0,0.9379050105851664,0.06209498941483358
flatline-0-seed-7,flatline,0,7,[],bandpower_lda,sub-001_run-12_sample-15280,12,15280,15440,15920,95.5,TASK2T1,0,4.1,0,0,0.9997608414655875,0.00023915853441243854
flatline-0-seed-7,flatline,0,7,[],bandpower_lda,sub-001_run-12_sample-16608,12,16608,16768,17248,103.8,TASK2T2,1,4.1,1,0,0.9999954712154746,4.528784525447547e-06
flatline-0-seed-7,flatline,0,7,[],bandpower_lda,sub-001_run-12_sample-17936,12,17936,18096,18576,112.1,TASK2T1,0,4.1,0,0,0.9999022626912882,9.773730871181183e-05
flatline-0-seed-7,flatline,0,7,[],bandpower_lda,sub-001_run-12_sample-19264,12,19264,19424,19904,120.4,TASK2T2,1,4.1,1,0,0.9821741074200726,0.017825892579927366
flatline-0-seed-8,flatline,0,8,[],csp_lda,sub-001_run-12_sample-672,12,672,832,1312,4.2,TASK2T2,1,4.1,1,1,0.011099541927289125,0.9889004580727109
flatline-0-seed-8,flatline,0,8,[],csp_lda,sub-001_run-12_sample-2000,12,2000,2160,2640,12.5,TASK2T1,0,4.1,0,1,0.07559453426056806,0.9244054657394319
flatline-0-seed-8,flatline,0,8,[],csp_lda,sub-001_run-12_sample-3328,12,3328,3488,3968,20.8,TASK2T2,1,4.1,1,0,0.8997212779429478,0.10027872205705224
flatline-0-seed-8,flatline,0,8,[],csp_lda,sub-001_run-12_sample-4656,12,4656,4816,5296,29.1,TASK2T1,0,4.1,0,1,0.09825368620238617,0.9017463137976138
flatline-0-seed-8,flatline,0,8,[],csp_lda,sub-001_run-12_sample-5984,12,5984,6144,6624,37.4,TASK2T1,0,4.1,0,0,0.5350425284752116,0.4649574715247884
flatline-0-seed-8,flatline,0,8,[],csp_lda,sub-001_run-12_sample-7312,12,7312,7472,7952,45.7,TASK2T2,1,4.1,1,1,0.4197570184546531,0.5802429815453469
flatline-0-seed-8,flatline,0,8,[],csp_lda,sub-001_run-12_sample-8640,12,8640,8800,9280,54.0,TASK2T2,1,4.1,1,1,0.0007956272315442492,0.9992043727684558
flatline-0-seed-8,flatline,0,8,[],csp_lda,sub-001_run-12_sample-9968,12,9968,10128,10608,62.3,TASK2T1,0,4.1,0,0,0.6993060333708092,0.3006939666291908
flatline-0-seed-8,flatline,0,8,[],csp_lda,sub-001_run-12_sample-11296,12,11296,11456,11936,70.6,TASK2T1,0,4.1,0,0,0.9900811816706466,0.0099188183293534
flatline-0-seed-8,flatline,0,8,[],csp_lda,sub-001_run-12_sample-12624,12,12624,12784,13264,78.9,TASK2T2,1,4.1,1,0,0.8695469465752275,0.13045305342477248
flatline-0-seed-8,flatline,0,8,[],csp_lda,sub-001_run-12_sample-13952,12,13952,14112,14592,87.2,TASK2T2,1,4.1,1,0,0.995063807781445,0.004936192218554961
flatline-0-seed-8,flatline,0,8,[],csp_lda,sub-001_run-12_sample-15280,12,15280,15440,15920,95.5,TASK2T1,0,4.1,0,0,0.9999257342521539,7.426574784603318e-05
flatline-0-seed-8,flatline,0,8,[],csp_lda,sub-001_run-12_sample-16608,12,16608,16768,17248,103.8,TASK2T2,1,4.1,1,0,0.9995858485913846,0.00041415140861548934
flatline-0-seed-8,flatline,0,8,[],csp_lda,sub-001_run-12_sample-17936,12,17936,18096,18576,112.1,TASK2T1,0,4.1,0,0,0.9863316969304488,0.013668303069551234
flatline-0-seed-8,flatline,0,8,[],csp_lda,sub-001_run-12_sample-19264,12,19264,19424,19904,120.4,TASK2T2,1,4.1,1,1,0.17317870677025982,0.8268212932297402
flatline-0-seed-8,flatline,0,8,[],bandpower_lda,sub-001_run-12_sample-672,12,672,832,1312,4.2,TASK2T2,1,4.1,1,0,0.7966610452430332,0.20333895475696678
flatline-0-seed-8,flatline,0,8,[],bandpower_lda,sub-001_run-12_sample-2000,12,2000,2160,2640,12.5,TASK2T1,0,4.1,0,1,0.004756916734306005,0.995243083265694
flatline-0-seed-8,flatline,0,8,[],bandpower_lda,sub-001_run-12_sample-3328,12,3328,3488,3968,20.8,TASK2T2,1,4.1,1,1,0.4197333616190091,0.5802666383809909
flatline-0-seed-8,flatline,0,8,[],bandpower_lda,sub-001_run-12_sample-4656,12,4656,4816,5296,29.1,TASK2T1,0,4.1,0,0,0.9984005699635714,0.0015994300364285652
flatline-0-seed-8,flatline,0,8,[],bandpower_lda,sub-001_run-12_sample-5984,12,5984,6144,6624,37.4,TASK2T1,0,4.1,0,1,0.46182156157265686,0.5381784384273431
flatline-0-seed-8,flatline,0,8,[],bandpower_lda,sub-001_run-12_sample-7312,12,7312,7472,7952,45.7,TASK2T2,1,4.1,1,1,2.7278301839572805e-09,0.9999999972721698
flatline-0-seed-8,flatline,0,8,[],bandpower_lda,sub-001_run-12_sample-8640,12,8640,8800,9280,54.0,TASK2T2,1,4.1,1,1,0.004445441119553806,0.9955545588804462
flatline-0-seed-8,flatline,0,8,[],bandpower_lda,sub-001_run-12_sample-9968,12,9968,10128,10608,62.3,TASK2T1,0,4.1,0,1,0.00041610985815687673,0.9995838901418431
flatline-0-seed-8,flatline,0,8,[],bandpower_lda,sub-001_run-12_sample-11296,12,11296,11456,11936,70.6,TASK2T1,0,4.1,0,1,4.3777174663084395e-08,0.9999999562228253
flatline-0-seed-8,flatline,0,8,[],bandpower_lda,sub-001_run-12_sample-12624,12,12624,12784,13264,78.9,TASK2T2,1,4.1,1,1,0.18142927759433425,0.8185707224056658
flatline-0-seed-8,flatline,0,8,[],bandpower_lda,sub-001_run-12_sample-13952,12,13952,14112,14592,87.2,TASK2T2,1,4.1,1,0,0.9379050105851664,0.06209498941483358
flatline-0-seed-8,flatline,0,8,[],bandpower_lda,sub-001_run-12_sample-15280,12,15280,15440,15920,95.5,TASK2T1,0,4.1,0,0,0.9997608414655875,0.00023915853441243854
flatline-0-seed-8,flatline,0,8,[],bandpower_lda,sub-001_run-12_sample-16608,12,16608,16768,17248,103.8,TASK2T2,1,4.1,1,0,0.9999954712154746,4.528784525447547e-06
flatline-0-seed-8,flatline,0,8,[],bandpower_lda,sub-001_run-12_sample-17936,12,17936,18096,18576,112.1,TASK2T1,0,4.1,0,0,0.9999022626912882,9.773730871181183e-05
flatline-0-seed-8,flatline,0,8,[],bandpower_lda,sub-001_run-12_sample-19264,12,19264,19424,19904,120.4,TASK2T2,1,4.1,1,0,0.9821741074200726,0.017825892579927366
flatline-0-seed-9,flatline,0,9,[],csp_lda,sub-001_run-12_sample-672,12,672,832,1312,4.2,TASK2T2,1,4.1,1,1,0.011099541927289125,0.9889004580727109
flatline-0-seed-9,flatline,0,9,[],csp_lda,sub-001_run-12_sample-2000,12,2000,2160,2640,12.5,TASK2T1,0,4.1,0,1,0.07559453426056806,0.9244054657394319
flatline-0-seed-9,flatline,0,9,[],csp_lda,sub-001_run-12_sample-3328,12,3328,3488,3968,20.8,TASK2T2,1,4.1,1,0,0.8997212779429478,0.10027872205705224
flatline-0-seed-9,flatline,0,9,[],csp_lda,sub-001_run-12_sample-4656,12,4656,4816,5296,29.1,TASK2T1,0,4.1,0,1,0.09825368620238617,0.9017463137976138
flatline-0-seed-9,flatline,0,9,[],csp_lda,sub-001_run-12_sample-5984,12,5984,6144,6624,37.4,TASK2T1,0,4.1,0,0,0.5350425284752116,0.4649574715247884
flatline-0-seed-9,flatline,0,9,[],csp_lda,sub-001_run-12_sample-7312,12,7312,7472,7952,45.7,TASK2T2,1,4.1,1,1,0.4197570184546531,0.5802429815453469
flatline-0-seed-9,flatline,0,9,[],csp_lda,sub-001_run-12_sample-8640,12,8640,8800,9280,54.0,TASK2T2,1,4.1,1,1,0.0007956272315442492,0.9992043727684558
flatline-0-seed-9,flatline,0,9,[],csp_lda,sub-001_run-12_sample-9968,12,9968,10128,10608,62.3,TASK2T1,0,4.1,0,0,0.6993060333708092,0.3006939666291908
flatline-0-seed-9,flatline,0,9,[],csp_lda,sub-001_run-12_sample-11296,12,11296,11456,11936,70.6,TASK2T1,0,4.1,0,0,0.9900811816706466,0.0099188183293534
flatline-0-seed-9,flatline,0,9,[],csp_lda,sub-001_run-12_sample-12624,12,12624,12784,13264,78.9,TASK2T2,1,4.1,1,0,0.8695469465752275,0.13045305342477248
flatline-0-seed-9,flatline,0,9,[],csp_lda,sub-001_run-12_sample-13952,12,13952,14112,14592,87.2,TASK2T2,1,4.1,1,0,0.995063807781445,0.004936192218554961
flatline-0-seed-9,flatline,0,9,[],csp_lda,sub-001_run-12_sample-15280,12,15280,15440,15920,95.5,TASK2T1,0,4.1,0,0,0.9999257342521539,7.426574784603318e-05
flatline-0-seed-9,flatline,0,9,[],csp_lda,sub-001_run-12_sample-16608,12,16608,16768,17248,103.8,TASK2T2,1,4.1,1,0,0.9995858485913846,0.00041415140861548934
flatline-0-seed-9,flatline,0,9,[],csp_lda,sub-001_run-12_sample-17936,12,17936,18096,18576,112.1,TASK2T1,0,4.1,0,0,0.9863316969304488,0.013668303069551234
flatline-0-seed-9,flatline,0,9,[],csp_lda,sub-001_run-12_sample-19264,12,19264,19424,19904,120.4,TASK2T2,1,4.1,1,1,0.17317870677025982,0.8268212932297402
flatline-0-seed-9,flatline,0,9,[],bandpower_lda,sub-001_run-12_sample-672,12,672,832,1312,4.2,TASK2T2,1,4.1,1,0,0.7966610452430332,0.20333895475696678
flatline-0-seed-9,flatline,0,9,[],bandpower_lda,sub-001_run-12_sample-2000,12,2000,2160,2640,12.5,TASK2T1,0,4.1,0,1,0.004756916734306005,0.995243083265694
flatline-0-seed-9,flatline,0,9,[],bandpower_lda,sub-001_run-12_sample-3328,12,3328,3488,3968,20.8,TASK2T2,1,4.1,1,1,0.4197333616190091,0.5802666383809909
flatline-0-seed-9,flatline,0,9,[],bandpower_lda,sub-001_run-12_sample-4656,12,4656,4816,5296,29.1,TASK2T1,0,4.1,0,0,0.9984005699635714,0.0015994300364285652
flatline-0-seed-9,flatline,0,9,[],bandpower_lda,sub-001_run-12_sample-5984,12,5984,6144,6624,37.4,TASK2T1,0,4.1,0,1,0.46182156157265686,0.5381784384273431
flatline-0-seed-9,flatline,0,9,[],bandpower_lda,sub-001_run-12_sample-7312,12,7312,7472,7952,45.7,TASK2T2,1,4.1,1,1,2.7278301839572805e-09,0.9999999972721698
flatline-0-seed-9,flatline,0,9,[],bandpower_lda,sub-001_run-12_sample-8640,12,8640,8800,9280,54.0,TASK2T2,1,4.1,1,1,0.004445441119553806,0.9955545588804462
flatline-0-seed-9,flatline,0,9,[],bandpower_lda,sub-001_run-12_sample-9968,12,9968,10128,10608,62.3,TASK2T1,0,4.1,0,1,0.00041610985815687673,0.9995838901418431
flatline-0-seed-9,flatline,0,9,[],bandpower_lda,sub-001_run-12_sample-11296,12,11296,11456,11936,70.6,TASK2T1,0,4.1,0,1,4.3777174663084395e-08,0.9999999562228253
flatline-0-seed-9,flatline,0,9,[],bandpower_lda,sub-001_run-12_sample-12624,12,12624,12784,13264,78.9,TASK2T2,1,4.1,1,1,0.18142927759433425,0.8185707224056658
flatline-0-seed-9,flatline,0,9,[],bandpower_lda,sub-001_run-12_sample-13952,12,13952,14112,14592,87.2,TASK2T2,1,4.1,1,0,0.9379050105851664,0.06209498941483358
flatline-0-seed-9,flatline,0,9,[],bandpower_lda,sub-001_run-12_sample-15280,12,15280,15440,15920,95.5,TASK2T1,0,4.1,0,0,0.9997608414655875,0.00023915853441243854
flatline-0-seed-9,flatline,0,9,[],bandpower_lda,sub-001_run-12_sample-16608,12,16608,16768,17248,103.8,TASK2T2,1,4.1,1,0,0.9999954712154746,4.528784525447547e-06
flatline-0-seed-9,flatline,0,9,[],bandpower_lda,sub-001_run-12_sample-17936,12,17936,18096,18576,112.1,TASK2T1,0,4.1,0,0,0.9999022626912882,9.773730871181183e-05
flatline-0-seed-9,flatline,0,9,[],bandpower_lda,sub-001_run-12_sample-19264,12,19264,19424,19904,120.4,TASK2T2,1,4.1,1,0,0.9821741074200726,0.017825892579927366
flatline-1-seed-0,flatline,1,0,"[""Cp1""]",csp_lda,sub-001_run-12_sample-672,12,672,832,1312,4.2,TASK2T2,1,4.1,1,1,0.021180970356504236,0.9788190296434958
flatline-1-seed-0,flatline,1,0,"[""Cp1""]",csp_lda,sub-001_run-12_sample-2000,12,2000,2160,2640,12.5,TASK2T1,0,4.1,0,1,0.1094921118463934,0.8905078881536066
flatline-1-seed-0,flatline,1,0,"[""Cp1""]",csp_lda,sub-001_run-12_sample-3328,12,3328,3488,3968,20.8,TASK2T2,1,4.1,1,0,0.9345531092363041,0.06544689076369593
flatline-1-seed-0,flatline,1,0,"[""Cp1""]",csp_lda,sub-001_run-12_sample-4656,12,4656,4816,5296,29.1,TASK2T1,0,4.1,0,1,0.20397517190597092,0.7960248280940291
flatline-1-seed-0,flatline,1,0,"[""Cp1""]",csp_lda,sub-001_run-12_sample-5984,12,5984,6144,6624,37.4,TASK2T1,0,4.1,0,0,0.7866564307129911,0.2133435692870089
flatline-1-seed-0,flatline,1,0,"[""Cp1""]",csp_lda,sub-001_run-12_sample-7312,12,7312,7472,7952,45.7,TASK2T2,1,4.1,1,1,0.4215685454403524,0.5784314545596476
flatline-1-seed-0,flatline,1,0,"[""Cp1""]",csp_lda,sub-001_run-12_sample-8640,12,8640,8800,9280,54.0,TASK2T2,1,4.1,1,1,0.0016814317335966944,0.9983185682664033
flatline-1-seed-0,flatline,1,0,"[""Cp1""]",csp_lda,sub-001_run-12_sample-9968,12,9968,10128,10608,62.3,TASK2T1,0,4.1,0,0,0.6323499525368503,0.3676500474631496
flatline-1-seed-0,flatline,1,0,"[""Cp1""]",csp_lda,sub-001_run-12_sample-11296,12,11296,11456,11936,70.6,TASK2T1,0,4.1,0,0,0.9694464722021483,0.030553527797851743
flatline-1-seed-0,flatline,1,0,"[""Cp1""]",csp_lda,sub-001_run-12_sample-12624,12,12624,12784,13264,78.9,TASK2T2,1,4.1,1,0,0.9302202228825431,0.06977977711745686
flatline-1-seed-0,flatline,1,0,"[""Cp1""]",csp_lda,sub-001_run-12_sample-13952,12,13952,14112,14592,87.2,TASK2T2,1,4.1,1,0,0.9980636759892454,0.0019363240107546037
flatline-1-seed-0,flatline,1,0,"[""Cp1""]",csp_lda,sub-001_run-12_sample-15280,12,15280,15440,15920,95.5,TASK2T1,0,4.1,0,0,0.999949032860692,5.0967139307929736e-05
flatline-1-seed-0,flatline,1,0,"[""Cp1""]",csp_lda,sub-001_run-12_sample-16608,12,16608,16768,17248,103.8,TASK2T2,1,4.1,1,0,0.9998133604783594,0.00018663952164056129
flatline-1-seed-0,flatline,1,0,"[""Cp1""]",csp_lda,sub-001_run-12_sample-17936,12,17936,18096,18576,112.1,TASK2T1,0,4.1,0,0,0.9953694235826541,0.004630576417345904
flatline-1-seed-0,flatline,1,0,"[""Cp1""]",csp_lda,sub-001_run-12_sample-19264,12,19264,19424,19904,120.4,TASK2T2,1,4.1,1,1,0.32284858730224286,0.6771514126977571
flatline-1-seed-0,flatline,1,0,"[""Cp1""]",bandpower_lda,sub-001_run-12_sample-672,12,672,832,1312,4.2,TASK2T2,1,4.1,1,0,1.0,2.928676722718717e-17
flatline-1-seed-0,flatline,1,0,"[""Cp1""]",bandpower_lda,sub-001_run-12_sample-2000,12,2000,2160,2640,12.5,TASK2T1,0,4.1,0,0,0.9999999999999843,1.564788449649169e-14
flatline-1-seed-0,flatline,1,0,"[""Cp1""]",bandpower_lda,sub-001_run-12_sample-3328,12,3328,3488,3968,20.8,TASK2T2,1,4.1,1,0,0.9999999999999999,1.4822565573476449e-16
flatline-1-seed-0,flatline,1,0,"[""Cp1""]",bandpower_lda,sub-001_run-12_sample-4656,12,4656,4816,5296,29.1,TASK2T1,0,4.1,0,0,1.0,1.494719452028558e-19
flatline-1-seed-0,flatline,1,0,"[""Cp1""]",bandpower_lda,sub-001_run-12_sample-5984,12,5984,6144,6624,37.4,TASK2T1,0,4.1,0,0,1.0,4.107649888397962e-17
flatline-1-seed-0,flatline,1,0,"[""Cp1""]",bandpower_lda,sub-001_run-12_sample-7312,12,7312,7472,7952,45.7,TASK2T2,1,4.1,1,0,0.99999998826626,1.1733740005273082e-08
flatline-1-seed-0,flatline,1,0,"[""Cp1""]",bandpower_lda,sub-001_run-12_sample-8640,12,8640,8800,9280,54.0,TASK2T2,1,4.1,1,0,0.9999999999999882,1.1754148513299056e-14
flatline-1-seed-0,flatline,1,0,"[""Cp1""]",bandpower_lda,sub-001_run-12_sample-9968,12,9968,10128,10608,62.3,TASK2T1,0,4.1,0,0,0.9999999999999054,9.454764432967927e-14
flatline-1-seed-0,flatline,1,0,"[""Cp1""]",bandpower_lda,sub-001_run-12_sample-11296,12,11296,11456,11936,70.6,TASK2T1,0,4.1,0,0,0.9999999994119816,5.880184127676722e-10
flatline-1-seed-0,flatline,1,0,"[""Cp1""]",bandpower_lda,sub-001_run-12_sample-12624,12,12624,12784,13264,78.9,TASK2T2,1,4.1,1,0,0.9999999999999998,2.319648769126091e-16
flatline-1-seed-0,flatline,1,0,"[""Cp1""]",bandpower_lda,sub-001_run-12_sample-13952,12,13952,14112,14592,87.2,TASK2T2,1,4.1,1,0,1.0,3.3480975446881263e-18
flatline-1-seed-0,flatline,1,0,"[""Cp1""]",bandpower_lda,sub-001_run-12_sample-15280,12,15280,15440,15920,95.5,TASK2T1,0,4.1,0,0,1.0,1.0952365689636195e-20
flatline-1-seed-0,flatline,1,0,"[""Cp1""]",bandpower_lda,sub-001_run-12_sample-16608,12,16608,16768,17248,103.8,TASK2T2,1,4.1,1,0,1.0,1.9945901053194266e-22
flatline-1-seed-0,flatline,1,0,"[""Cp1""]",bandpower_lda,sub-001_run-12_sample-17936,12,17936,18096,18576,112.1,TASK2T1,0,4.1,0,0,1.0,6.255544707020007e-21
flatline-1-seed-0,flatline,1,0,"[""Cp1""]",bandpower_lda,sub-001_run-12_sample-19264,12,19264,19424,19904,120.4,TASK2T2,1,4.1,1,0,1.0,1.3400757802344344e-18
flatline-1-seed-1,flatline,1,1,"[""Oz""]",csp_lda,sub-001_run-12_sample-672,12,672,832,1312,4.2,TASK2T2,1,4.1,1,1,0.05863263326881074,0.9413673667311893
flatline-1-seed-1,flatline,1,1,"[""Oz""]",csp_lda,sub-001_run-12_sample-2000,12,2000,2160,2640,12.5,TASK2T1,0,4.1,0,1,0.3878867525195715,0.6121132474804285
flatline-1-seed-1,flatline,1,1,"[""Oz""]",csp_lda,sub-001_run-12_sample-3328,12,3328,3488,3968,20.8,TASK2T2,1,4.1,1,0,0.9240179890374361,0.07598201096256384
flatline-1-seed-1,flatline,1,1,"[""Oz""]",csp_lda,sub-001_run-12_sample-4656,12,4656,4816,5296,29.1,TASK2T1,0,4.1,0,1,0.29574315554705544,0.7042568444529446
flatline-1-seed-1,flatline,1,1,"[""Oz""]",csp_lda,sub-001_run-12_sample-5984,12,5984,6144,6624,37.4,TASK2T1,0,4.1,0,0,0.8410877931730036,0.15891220682699633
flatline-1-seed-1,flatline,1,1,"[""Oz""]",csp_lda,sub-001_run-12_sample-7312,12,7312,7472,7952,45.7,TASK2T2,1,4.1,1,0,0.9850373458292834,0.014962654170716634
flatline-1-seed-1,flatline,1,1,"[""Oz""]",csp_lda,sub-001_run-12_sample-8640,12,8640,8800,9280,54.0,TASK2T2,1,4.1,1,1,0.002741139540617943,0.9972588604593821
flatline-1-seed-1,flatline,1,1,"[""Oz""]",csp_lda,sub-001_run-12_sample-9968,12,9968,10128,10608,62.3,TASK2T1,0,4.1,0,0,0.9572716818403735,0.04272831815962647
flatline-1-seed-1,flatline,1,1,"[""Oz""]",csp_lda,sub-001_run-12_sample-11296,12,11296,11456,11936,70.6,TASK2T1,0,4.1,0,0,0.9991957121734211,0.000804287826578961
flatline-1-seed-1,flatline,1,1,"[""Oz""]",csp_lda,sub-001_run-12_sample-12624,12,12624,12784,13264,78.9,TASK2T2,1,4.1,1,0,0.9921972063679123,0.007802793632087657
flatline-1-seed-1,flatline,1,1,"[""Oz""]",csp_lda,sub-001_run-12_sample-13952,12,13952,14112,14592,87.2,TASK2T2,1,4.1,1,0,0.9962894981533084,0.0037105018466915855
flatline-1-seed-1,flatline,1,1,"[""Oz""]",csp_lda,sub-001_run-12_sample-15280,12,15280,15440,15920,95.5,TASK2T1,0,4.1,0,0,0.9999603596198358,3.964038016428518e-05
flatline-1-seed-1,flatline,1,1,"[""Oz""]",csp_lda,sub-001_run-12_sample-16608,12,16608,16768,17248,103.8,TASK2T2,1,4.1,1,0,0.9997075906465471,0.00029240935345287286
flatline-1-seed-1,flatline,1,1,"[""Oz""]",csp_lda,sub-001_run-12_sample-17936,12,17936,18096,18576,112.1,TASK2T1,0,4.1,0,0,0.9915098591540138,0.008490140845986253
flatline-1-seed-1,flatline,1,1,"[""Oz""]",csp_lda,sub-001_run-12_sample-19264,12,19264,19424,19904,120.4,TASK2T2,1,4.1,1,1,0.23263269017775334,0.7673673098222467
flatline-1-seed-1,flatline,1,1,"[""Oz""]",bandpower_lda,sub-001_run-12_sample-672,12,672,832,1312,4.2,TASK2T2,1,4.1,1,1,0.0,1.0
flatline-1-seed-1,flatline,1,1,"[""Oz""]",bandpower_lda,sub-001_run-12_sample-2000,12,2000,2160,2640,12.5,TASK2T1,0,4.1,0,1,0.0,1.0
flatline-1-seed-1,flatline,1,1,"[""Oz""]",bandpower_lda,sub-001_run-12_sample-3328,12,3328,3488,3968,20.8,TASK2T2,1,4.1,1,1,0.0,1.0
flatline-1-seed-1,flatline,1,1,"[""Oz""]",bandpower_lda,sub-001_run-12_sample-4656,12,4656,4816,5296,29.1,TASK2T1,0,4.1,0,1,0.0,1.0
flatline-1-seed-1,flatline,1,1,"[""Oz""]",bandpower_lda,sub-001_run-12_sample-5984,12,5984,6144,6624,37.4,TASK2T1,0,4.1,0,1,0.0,1.0
flatline-1-seed-1,flatline,1,1,"[""Oz""]",bandpower_lda,sub-001_run-12_sample-7312,12,7312,7472,7952,45.7,TASK2T2,1,4.1,1,1,0.0,1.0
flatline-1-seed-1,flatline,1,1,"[""Oz""]",bandpower_lda,sub-001_run-12_sample-8640,12,8640,8800,9280,54.0,TASK2T2,1,4.1,1,1,0.0,1.0
flatline-1-seed-1,flatline,1,1,"[""Oz""]",bandpower_lda,sub-001_run-12_sample-9968,12,9968,10128,10608,62.3,TASK2T1,0,4.1,0,1,0.0,1.0
flatline-1-seed-1,flatline,1,1,"[""Oz""]",bandpower_lda,sub-001_run-12_sample-11296,12,11296,11456,11936,70.6,TASK2T1,0,4.1,0,1,0.0,1.0
flatline-1-seed-1,flatline,1,1,"[""Oz""]",bandpower_lda,sub-001_run-12_sample-12624,12,12624,12784,13264,78.9,TASK2T2,1,4.1,1,1,0.0,1.0
flatline-1-seed-1,flatline,1,1,"[""Oz""]",bandpower_lda,sub-001_run-12_sample-13952,12,13952,14112,14592,87.2,TASK2T2,1,4.1,1,1,0.0,1.0
flatline-1-seed-1,flatline,1,1,"[""Oz""]",bandpower_lda,sub-001_run-12_sample-15280,12,15280,15440,15920,95.5,TASK2T1,0,4.1,0,1,0.0,1.0
flatline-1-seed-1,flatline,1,1,"[""Oz""]",bandpower_lda,sub-001_run-12_sample-16608,12,16608,16768,17248,103.8,TASK2T2,1,4.1,1,1,0.0,1.0
flatline-1-seed-1,flatline,1,1,"[""Oz""]",bandpower_lda,sub-001_run-12_sample-17936,12,17936,18096,18576,112.1,TASK2T1,0,4.1,0,1,0.0,1.0
flatline-1-seed-1,flatline,1,1,"[""Oz""]",bandpower_lda,sub-001_run-12_sample-19264,12,19264,19424,19904,120.4,TASK2T2,1,4.1,1,1,0.0,1.0
flatline-1-seed-2,flatline,1,2,"[""P7""]",csp_lda,sub-001_run-12_sample-672,12,672,832,1312,4.2,TASK2T2,1,4.1,1,1,0.05062899220935868,0.9493710077906413
flatline-1-seed-2,flatline,1,2,"[""P7""]",csp_lda,sub-001_run-12_sample-2000,12,2000,2160,2640,12.5,TASK2T1,0,4.1,0,1,0.1106023499885459,0.8893976500114541
flatline-1-seed-2,flatline,1,2,"[""P7""]",csp_lda,sub-001_run-12_sample-3328,12,3328,3488,3968,20.8,TASK2T2,1,4.1,1,0,0.9691784279698529,0.03082157203014715
flatline-1-seed-2,flatline,1,2,"[""P7""]",csp_lda,sub-001_run-12_sample-4656,12,4656,4816,5296,29.1,TASK2T1,0,4.1,0,0,0.8164724035386223,0.1835275964613777
flatline-1-seed-2,flatline,1,2,"[""P7""]",csp_lda,sub-001_run-12_sample-5984,12,5984,6144,6624,37.4,TASK2T1,0,4.1,0,0,0.9328193945826261,0.06718060541737389
flatline-1-seed-2,flatline,1,2,"[""P7""]",csp_lda,sub-001_run-12_sample-7312,12,7312,7472,7952,45.7,TASK2T2,1,4.1,1,0,0.6378135378114216,0.3621864621885784
flatline-1-seed-2,flatline,1,2,"[""P7""]",csp_lda,sub-001_run-12_sample-8640,12,8640,8800,9280,54.0,TASK2T2,1,4.1,1,1,0.013163040415316796,0.9868369595846832
flatline-1-seed-2,flatline,1,2,"[""P7""]",csp_lda,sub-001_run-12_sample-9968,12,9968,10128,10608,62.3,TASK2T1,0,4.1,0,0,0.9047803893028684,0.09521961069713161
flatline-1-seed-2,flatline,1,2,"[""P7""]",csp_lda,sub-001_run-12_sample-11296,12,11296,11456,11936,70.6,TASK2T1,0,4.1,0,0,0.9747320554341579,0.025267944565842127
flatline-1-seed-2,flatline,1,2,"[""P7""]",csp_lda,sub-001_run-12_sample-12624,12,12624,12784,13264,78.9,TASK2T2,1,4.1,1,0,0.9846095470227346,0.015390452977265408
flatline-1-seed-2,flatline,1,2,"[""P7""]",csp_lda,sub-001_run-12_sample-13952,12,13952,14112,14592,87.2,TASK2T2,1,4.1,1,0,0.9997373713064677,0.0002626286935322863
flatline-1-seed-2,flatline,1,2,"[""P7""]",csp_lda,sub-001_run-12_sample-15280,12,15280,15440,15920,95.5,TASK2T1,0,4.1,0,0,0.9999662084326868,3.379156731323866e-05
flatline-1-seed-2,flatline,1,2,"[""P7""]",csp_lda,sub-001_run-12_sample-16608,12,16608,16768,17248,103.8,TASK2T2,1,4.1,1,0,0.9998551169163618,0.00014488308363828315
flatline-1-seed-2,flatline,1,2,"[""P7""]",csp_lda,sub-001_run-12_sample-17936,12,17936,18096,18576,112.1,TASK2T1,0,4.1,0,0,0.9995814349929009,0.0004185650070990947
flatline-1-seed-2,flatline,1,2,"[""P7""]",csp_lda,sub-001_run-12_sample-19264,12,19264,19424,19904,120.4,TASK2T2,1,4.1,1,0,0.6797602733072956,0.3202397266927044
flatline-1-seed-2,flatline,1,2,"[""P7""]",bandpower_lda,sub-001_run-12_sample-672,12,672,832,1312,4.2,TASK2T2,1,4.1,1,0,1.0,2.602658711962703e-60
flatline-1-seed-2,flatline,1,2,"[""P7""]",bandpower_lda,sub-001_run-12_sample-2000,12,2000,2160,2640,12.5,TASK2T1,0,4.1,0,0,1.0,1.1267196253842433e-57
flatline-1-seed-2,flatline,1,2,"[""P7""]",bandpower_lda,sub-001_run-12_sample-3328,12,3328,3488,3968,20.8,TASK2T2,1,4.1,1,0,1.0,1.4531459516477519e-60
flatline-1-seed-2,flatline,1,2,"[""P7""]",bandpower_lda,sub-001_run-12_sample-4656,12,4656,4816,5296,29.1,TASK2T1,0,4.1,0,0,1.0,4.614585081378001e-63
flatline-1-seed-2,flatline,1,2,"[""P7""]",bandpower_lda,sub-001_run-12_sample-5984,12,5984,6144,6624,37.4,TASK2T1,0,4.1,0,0,1.0,4.0680735589845425e-61
flatline-1-seed-2,flatline,1,2,"[""P7""]",bandpower_lda,sub-001_run-12_sample-7312,12,7312,7472,7952,45.7,TASK2T2,1,4.1,1,0,1.0,3.071399483665548e-52
flatline-1-seed-2,flatline,1,2,"[""P7""]",bandpower_lda,sub-001_run-12_sample-8640,12,8640,8800,9280,54.0,TASK2T2,1,4.1,1,0,1.0,2.6619439661878894e-58
flatline-1-seed-2,flatline,1,2,"[""P7""]",bandpower_lda,sub-001_run-12_sample-9968,12,9968,10128,10608,62.3,TASK2T1,0,4.1,0,0,1.0,5.434368567822288e-57
flatline-1-seed-2,flatline,1,2,"[""P7""]",bandpower_lda,sub-001_run-12_sample-11296,12,11296,11456,11936,70.6,TASK2T1,0,4.1,0,0,1.0,4.5332505361356026e-54
flatline-1-seed-2,flatline,1,2,"[""P7""]",bandpower_lda,sub-001_run-12_sample-12624,12,12624,12784,13264,78.9,TASK2T2,1,4.1,1,0,1.0,1.497504103376112e-59
flatline-1-seed-2,flatline,1,2,"[""P7""]",bandpower_lda,sub-001_run-12_sample-13952,12,13952,14112,14592,87.2,TASK2T2,1,4.1,1,0,1.0,3.518080569754032e-62
flatline-1-seed-2,flatline,1,2,"[""P7""]",bandpower_lda,sub-001_run-12_sample-15280,12,15280,15440,15920,95.5,TASK2T1,0,4.1,0,0,1.0,4.332986470848561e-64
flatline-1-seed-2,flatline,1,2,"[""P7""]",bandpower_lda,sub-001_run-12_sample-16608,12,16608,16768,17248,103.8,TASK2T2,1,4.1,1,0,1.0,1.399983109174106e-65
flatline-1-seed-2,flatline,1,2,"[""P7""]",bandpower_lda,sub-001_run-12_sample-17936,12,17936,18096,18576,112.1,TASK2T1,0,4.1,0,0,1.0,2.9022096558792933e-64
flatline-1-seed-2,flatline,1,2,"[""P7""]",bandpower_lda,sub-001_run-12_sample-19264,12,19264,19424,19904,120.4,TASK2T2,1,4.1,1,0,1.0,1.0083415093967149e-61
flatline-1-seed-3,flatline,1,3,"[""Tp7""]",csp_lda,sub-001_run-12_sample-672,12,672,832,1312,4.2,TASK2T2,1,4.1,1,1,0.0029844564014011032,0.9970155435985989
flatline-1-seed-3,flatline,1,3,"[""Tp7""]",csp_lda,sub-001_run-12_sample-2000,12,2000,2160,2640,12.5,TASK2T1,0,4.1,0,1,0.02806785946271695,0.971932140537283
flatline-1-seed-3,flatline,1,3,"[""Tp7""]",csp_lda,sub-001_run-12_sample-3328,12,3328,3488,3968,20.8,TASK2T2,1,4.1,1,0,0.8447987413383411,0.15520125866165893
flatline-1-seed-3,flatline,1,3,"[""Tp7""]",csp_lda,sub-001_run-12_sample-4656,12,4656,4816,5296,29.1,TASK2T1,0,4.1,0,1,0.028744702170721337,0.9712552978292787
flatline-1-seed-3,flatline,1,3,"[""Tp7""]",csp_lda,sub-001_run-12_sample-5984,12,5984,6144,6624,37.4,TASK2T1,0,4.1,0,1,0.37160578462010974,0.6283942153798903
flatline-1-seed-3,flatline,1,3,"[""Tp7""]",csp_lda,sub-001_run-12_sample-7312,12,7312,7472,7952,45.7,TASK2T2,1,4.1,1,1,0.16517851282791496,0.834821487172085
flatline-1-seed-3,flatline,1,3,"[""Tp7""]",csp_lda,sub-001_run-12_sample-8640,12,8640,8800,9280,54.0,TASK2T2,1,4.1,1,1,0.0005299859211004287,0.9994700140788996
flatline-1-seed-3,flatline,1,3,"[""Tp7""]",csp_lda,sub-001_run-12_sample-9968,12,9968,10128,10608,62.3,TASK2T1,0,4.1,0,0,0.5112684659518046,0.48873153404819536
flatline-1-seed-3,flatline,1,3,"[""Tp7""]",csp_lda,sub-001_run-12_sample-11296,12,11296,11456,11936,70.6,TASK2T1,0,4.1,0,0,0.9900615379021336,0.009938462097866415
flatline-1-seed-3,flatline,1,3,"[""Tp7""]",csp_lda,sub-001_run-12_sample-12624,12,12624,12784,13264,78.9,TASK2T2,1,4.1,1,0,0.686513862898112,0.31348613710188805
flatline-1-seed-3,flatline,1,3,"[""Tp7""]",csp_lda,sub-001_run-12_sample-13952,12,13952,14112,14592,87.2,TASK2T2,1,4.1,1,0,0.9699471144104185,0.030052885589581566
flatline-1-seed-3,flatline,1,3,"[""Tp7""]",csp_lda,sub-001_run-12_sample-15280,12,15280,15440,15920,95.5,TASK2T1,0,4.1,0,0,0.9997623870432991,0.00023761295670089022
flatline-1-seed-3,flatline,1,3,"[""Tp7""]",csp_lda,sub-001_run-12_sample-16608,12,16608,16768,17248,103.8,TASK2T2,1,4.1,1,0,0.9989725938446146,0.0010274061553854044
flatline-1-seed-3,flatline,1,3,"[""Tp7""]",csp_lda,sub-001_run-12_sample-17936,12,17936,18096,18576,112.1,TASK2T1,0,4.1,0,0,0.9555690906132643,0.04443090938673572
flatline-1-seed-3,flatline,1,3,"[""Tp7""]",csp_lda,sub-001_run-12_sample-19264,12,19264,19424,19904,120.4,TASK2T2,1,4.1,1,1,0.07240838267716865,0.9275916173228314
flatline-1-seed-3,flatline,1,3,"[""Tp7""]",bandpower_lda,sub-001_run-12_sample-672,12,672,832,1312,4.2,TASK2T2,1,4.1,1,0,1.0,4.920832185380564e-82
flatline-1-seed-3,flatline,1,3,"[""Tp7""]",bandpower_lda,sub-001_run-12_sample-2000,12,2000,2160,2640,12.5,TASK2T1,0,4.1,0,0,1.0,2.2450489260475376e-79
flatline-1-seed-3,flatline,1,3,"[""Tp7""]",bandpower_lda,sub-001_run-12_sample-3328,12,3328,3488,3968,20.8,TASK2T2,1,4.1,1,0,1.0,6.173924894025701e-83
flatline-1-seed-3,flatline,1,3,"[""Tp7""]",bandpower_lda,sub-001_run-12_sample-4656,12,4656,4816,5296,29.1,TASK2T1,0,4.1,0,0,1.0,4.047464949914051e-85
flatline-1-seed-3,flatline,1,3,"[""Tp7""]",bandpower_lda,sub-001_run-12_sample-5984,12,5984,6144,6624,37.4,TASK2T1,0,4.1,0,0,1.0,1.3214571512562289e-83
flatline-1-seed-3,flatline,1,3,"[""Tp7""]",bandpower_lda,sub-001_run-12_sample-7312,12,7312,7472,7952,45.7,TASK2T2,1,4.1,1,0,1.0,1.3515244001645172e-74
flatline-1-seed-3,flatline,1,3,"[""Tp7""]",bandpower_lda,sub-001_run-12_sample-8640,12,8640,8800,9280,54.0,TASK2T2,1,4.1,1,0,1.0,2.0894305430521593e-80
flatline-1-seed-3,flatline,1,3,"[""Tp7""]",bandpower_lda,sub-001_run-12_sample-9968,12,9968,10128,10608,62.3,TASK2T1,0,4.1,0,0,1.0,3.972333976137864e-79
flatline-1-seed-3,flatline,1,3,"[""Tp7""]",bandpower_lda,sub-001_run-12_sample-11296,12,11296,11456,11936,70.6,TASK2T1,0,4.1,0,0,1.0,1.665692408731443e-76
flatline-1-seed-3,flatline,1,3,"[""Tp7""]",bandpower_lda,sub-001_run-12_sample-12624,12,12624,12784,13264,78.9,TASK2T2,1,4.1,1,0,1.0,1.7113581128577127e-81
flatline-1-seed-3,flatline,1,3,"[""Tp7""]",bandpower_lda,sub-001_run-12_sample-13952,12,13952,14112,14592,87.2,TASK2T2,1,4.1,1,0,1.0,2.4789932969381336e-84
flatline-1-seed-3,flatline,1,3,"[""Tp7""]",bandpower_lda,sub-001_run-12_sample-15280,12,15280,15440,15920,95.5,TASK2T1,0,4.1,0,0,1.0,4.800076918392125e-86
flatline-1-seed-3,flatline,1,3,"[""Tp7""]",bandpower_lda,sub-001_run-12_sample-16608,12,16608,16768,17248,103.8,TASK2T2,1,4.1,1,0,1.0,9.887515631026872e-88
flatline-1-seed-3,flatline,1,3,"[""Tp7""]",bandpower_lda,sub-001_run-12_sample-17936,12,17936,18096,18576,112.1,TASK2T1,0,4.1,0,0,1.0,4.161698483937196e-86
flatline-1-seed-3,flatline,1,3,"[""Tp7""]",bandpower_lda,sub-001_run-12_sample-19264,12,19264,19424,19904,120.4,TASK2T2,1,4.1,1,0,1.0,9.373080667565296e-84
flatline-1-seed-4,flatline,1,4,"[""Fp2""]",csp_lda,sub-001_run-12_sample-672,12,672,832,1312,4.2,TASK2T2,1,4.1,1,1,0.11258511154928652,0.8874148884507135
flatline-1-seed-4,flatline,1,4,"[""Fp2""]",csp_lda,sub-001_run-12_sample-2000,12,2000,2160,2640,12.5,TASK2T1,0,4.1,0,0,0.5266980325472239,0.47330196745277614
flatline-1-seed-4,flatline,1,4,"[""Fp2""]",csp_lda,sub-001_run-12_sample-3328,12,3328,3488,3968,20.8,TASK2T2,1,4.1,1,0,0.9787315557454588,0.02126844425454122
flatline-1-seed-4,flatline,1,4,"[""Fp2""]",csp_lda,sub-001_run-12_sample-4656,12,4656,4816,5296,29.1,TASK2T1,0,4.1,0,0,0.5179184240876706,0.4820815759123293
flatline-1-seed-4,flatline,1,4,"[""Fp2""]",csp_lda,sub-001_run-12_sample-5984,12,5984,6144,6624,37.4,TASK2T1,0,4.1,0,0,0.9356688950169539,0.06433110498304605
flatline-1-seed-4,flatline,1,4,"[""Fp2""]",csp_lda,sub-001_run-12_sample-7312,12,7312,7472,7952,45.7,TASK2T2,1,4.1,1,0,0.6892198364426805,0.31078016355731947
flatline-1-seed-4,flatline,1,4,"[""Fp2""]",csp_lda,sub-001_run-12_sample-8640,12,8640,8800,9280,54.0,TASK2T2,1,4.1,1,1,0.010419533090381239,0.9895804669096188
flatline-1-seed-4,flatline,1,4,"[""Fp2""]",csp_lda,sub-001_run-12_sample-9968,12,9968,10128,10608,62.3,TASK2T1,0,4.1,0,0,0.9705125804169188,0.029487419583081247
flatline-1-seed-4,flatline,1,4,"[""Fp2""]",csp_lda,sub-001_run-12_sample-11296,12,11296,11456,11936,70.6,TASK2T1,0,4.1,0,0,0.998804064199586,0.0011959358004139389
flatline-1-seed-4,flatline,1,4,"[""Fp2""]",csp_lda,sub-001_run-12_sample-12624,12,12624,12784,13264,78.9,TASK2T2,1,4.1,1,0,0.9684600507801182,0.03153994921988177
flatline-1-seed-4,flatline,1,4,"[""Fp2""]",csp_lda,sub-001_run-12_sample-13952,12,13952,14112,14592,87.2,TASK2T2,1,4.1,1,0,0.9990618394146674,0.0009381605853325912
flatline-1-seed-4,flatline,1,4,"[""Fp2""]",csp_lda,sub-001_run-12_sample-15280,12,15280,15440,15920,95.5,TASK2T1,0,4.1,0,0,0.9999856094661018,1.4390533898162383e-05
flatline-1-seed-4,flatline,1,4,"[""Fp2""]",csp_lda,sub-001_run-12_sample-16608,12,16608,16768,17248,103.8,TASK2T2,1,4.1,1,0,0.9999490462312313,5.095376876877302e-05
flatline-1-seed-4,flatline,1,4,"[""Fp2""]",csp_lda,sub-001_run-12_sample-17936,12,17936,18096,18576,112.1,TASK2T1,0,4.1,0,0,0.9970457108797587,0.0029542891202412693
flatline-1-seed-4,flatline,1,4,"[""Fp2""]",csp_lda,sub-001_run-12_sample-19264,12,19264,19424,19904,120.4,TASK2T2,1,4.1,1,0,0.6288604815249259,0.37113951847507404
flatline-1-seed-4,flatline,1,4,"[""Fp2""]",bandpower_lda,sub-001_run-12_sample-672,12,672,832,1312,4.2,TASK2T2,1,4.1,1,0,1.0,4.146558964547797e-41
flatline-1-seed-4,flatline,1,4,"[""Fp2""]",bandpower_lda,sub-001_run-12_sample-2000,12,2000,2160,2640,12.5,TASK2T1,0,4.1,0,0,1.0,6.362780735784255e-39
flatline-1-seed-4,flatline,1,4,"[""Fp2""]",bandpower_lda,sub-001_run-12_sample-3328,12,3328,3488,3968,20.8,TASK2T2,1,4.1,1,0,1.0,2.192001620257345e-40
flatline-1-seed-4,flatline,1,4,"[""Fp2""]",bandpower_lda,sub-001_run-12_sample-4656,12,4656,4816,5296,29.1,TASK2T1,0,4.1,0,0,1.0,2.0962571737121077e-43
flatline-1-seed-4,flatline,1,4,"[""Fp2""]",bandpower_lda,sub-001_run-12_sample-5984,12,5984,6144,6624,37.4,TASK2T1,0,4.1,0,0,1.0,2.4704664995568823e-41
flatline-1-seed-4,flatline,1,4,"[""Fp2""]",bandpower_lda,sub-001_run-12_sample-7312,12,7312,7472,7952,45.7,TASK2T2,1,4.1,1,0,1.0,4.326056637684533e-32
flatline-1-seed-4,flatline,1,4,"[""Fp2""]",bandpower_lda,sub-001_run-12_sample-8640,12,8640,8800,9280,54.0,TASK2T2,1,4.1,1,0,1.0,8.337789062412758e-39
flatline-1-seed-4,flatline,1,4,"[""Fp2""]",bandpower_lda,sub-001_run-12_sample-9968,12,9968,10128,10608,62.3,TASK2T1,0,4.1,0,0,1.0,7.932584477393734e-38
flatline-1-seed-4,flatline,1,4,"[""Fp2""]",bandpower_lda,sub-001_run-12_sample-11296,12,11296,11456,11936,70.6,TASK2T1,0,4.1,0,0,1.0,1.292993457164113e-33
flatline-1-seed-4,flatline,1,4,"[""Fp2""]",bandpower_lda,sub-001_run-12_sample-12624,12,12624,12784,13264,78.9,TASK2T2,1,4.1,1,0,1.0,3.679812844823534e-40
flatline-1-seed-4,flatline,1,4,"[""Fp2""]",bandpower_lda,sub-001_run-12_sample-13952,12,13952,14112,14592,87.2,TASK2T2,1,4.1,1,0,1.0,7.766362310782888e-42
flatline-1-seed-4,flatline,1,4,"[""Fp2""]",bandpower_lda,sub-001_run-12_sample-15280,12,15280,15440,15920,95.5,TASK2T1,0,4.1,0,0,1.0,1.2075417181994646e-44
flatline-1-seed-4,flatline,1,4,"[""Fp2""]",bandpower_lda,sub-001_run-12_sample-16608,12,16608,16768,17248,103.8,TASK2T2,1,4.1,1,0,1.0,1.2213127349413547e-46
flatline-1-seed-4,flatline,1,4,"[""Fp2""]",bandpower_lda,sub-001_run-12_sample-17936,12,17936,18096,18576,112.1,TASK2T1,0,4.1,0,0,1.0,1.62123842304202e-44
flatline-1-seed-4,flatline,1,4,"[""Fp2""]",bandpower_lda,sub-001_run-12_sample-19264,12,19264,19424,19904,120.4,TASK2T2,1,4.1,1,0,1.0,2.2904551978872554e-42
flatline-1-seed-5,flatline,1,5,"[""F1""]",csp_lda,sub-001_run-12_sample-672,12,672,832,1312,4.2,TASK2T2,1,4.1,1,1,0.002593945511828677,0.9974060544881713
flatline-1-seed-5,flatline,1,5,"[""F1""]",csp_lda,sub-001_run-12_sample-2000,12,2000,2160,2640,12.5,TASK2T1,0,4.1,0,1,0.00879473991630364,0.9912052600836964
flatline-1-seed-5,flatline,1,5,"[""F1""]",csp_lda,sub-001_run-12_sample-3328,12,3328,3488,3968,20.8,TASK2T2,1,4.1,1,1,0.06683343285179688,0.9331665671482031
flatline-1-seed-5,flatline,1,5,"[""F1""]",csp_lda,sub-001_run-12_sample-4656,12,4656,4816,5296,29.1,TASK2T1,0,4.1,0,1,0.006169069338303412,0.9938309306616966
flatline-1-seed-5,flatline,1,5,"[""F1""]",csp_lda,sub-001_run-12_sample-5984,12,5984,6144,6624,37.4,TASK2T1,0,4.1,0,1,0.019446555573304325,0.9805534444266957
flatline-1-seed-5,flatline,1,5,"[""F1""]",csp_lda,sub-001_run-12_sample-7312,12,7312,7472,7952,45.7,TASK2T2,1,4.1,1,1,0.2509373559454331,0.7490626440545669
flatline-1-seed-5,flatline,1,5,"[""F1""]",csp_lda,sub-001_run-12_sample-8640,12,8640,8800,9280,54.0,TASK2T2,1,4.1,1,1,6.308791424558535e-05,0.9999369120857544
flatline-1-seed-5,flatline,1,5,"[""F1""]",csp_lda,sub-001_run-12_sample-9968,12,9968,10128,10608,62.3,TASK2T1,0,4.1,0,1,0.27418936702488805,0.725810632975112
flatline-1-seed-5,flatline,1,5,"[""F1""]",csp_lda,sub-001_run-12_sample-11296,12,11296,11456,11936,70.6,TASK2T1,0,4.1,0,0,0.9638349314684985,0.0361650685315015
flatline-1-seed-5,flatline,1,5,"[""F1""]",csp_lda,sub-001_run-12_sample-12624,12,12624,12784,13264,78.9,TASK2T2,1,4.1,1,1,0.4322660790098325,0.5677339209901675
flatline-1-seed-5,flatline,1,5,"[""F1""]",csp_lda,sub-001_run-12_sample-13952,12,13952,14112,14592,87.2,TASK2T2,1,4.1,1,0,0.9146614475399397,0.08533855246006025
flatline-1-seed-5,flatline,1,5,"[""F1""]",csp_lda,sub-001_run-12_sample-15280,12,15280,15440,15920,95.5,TASK2T1,0,4.1,0,0,0.9975983449732678,0.00240165502673217
flatline-1-seed-5,flatline,1,5,"[""F1""]",csp_lda,sub-001_run-12_sample-16608,12,16608,16768,17248,103.8,TASK2T2,1,4.1,1,0,0.8196173125049102,0.18038268749508976
flatline-1-seed-5,flatline,1,5,"[""F1""]",csp_lda,sub-001_run-12_sample-17936,12,17936,18096,18576,112.1,TASK2T1,0,4.1,0,0,0.9535320236829358,0.046467976317064216
flatline-1-seed-5,flatline,1,5,"[""F1""]",csp_lda,sub-001_run-12_sample-19264,12,19264,19424,19904,120.4,TASK2T2,1,4.1,1,1,0.001978148234646482,0.9980218517653535
flatline-1-seed-5,flatline,1,5,"[""F1""]",bandpower_lda,sub-001_run-12_sample-672,12,672,832,1312,4.2,TASK2T2,1,4.1,1,1,0.0,1.0
flatline-1-seed-5,flatline,1,5,"[""F1""]",bandpower_lda,sub-001_run-12_sample-2000,12,2000,2160,2640,12.5,TASK2T1,0,4.1,0,1,0.0,1.0
flatline-1-seed-5,flatline,1,5,"[""F1""]",bandpower_lda,sub-001_run-12_sample-3328,12,3328,3488,3968,20.8,TASK2T2,1,4.1,1,1,0.0,1.0
flatline-1-seed-5,flatline,1,5,"[""F1""]",bandpower_lda,sub-001_run-12_sample-4656,12,4656,4816,5296,29.1,TASK2T1,0,4.1,0,1,0.0,1.0
flatline-1-seed-5,flatline,1,5,"[""F1""]",bandpower_lda,sub-001_run-12_sample-5984,12,5984,6144,6624,37.4,TASK2T1,0,4.1,0,1,0.0,1.0
flatline-1-seed-5,flatline,1,5,"[""F1""]",bandpower_lda,sub-001_run-12_sample-7312,12,7312,7472,7952,45.7,TASK2T2,1,4.1,1,1,0.0,1.0
flatline-1-seed-5,flatline,1,5,"[""F1""]",bandpower_lda,sub-001_run-12_sample-8640,12,8640,8800,9280,54.0,TASK2T2,1,4.1,1,1,0.0,1.0
flatline-1-seed-5,flatline,1,5,"[""F1""]",bandpower_lda,sub-001_run-12_sample-9968,12,9968,10128,10608,62.3,TASK2T1,0,4.1,0,1,0.0,1.0
flatline-1-seed-5,flatline,1,5,"[""F1""]",bandpower_lda,sub-001_run-12_sample-11296,12,11296,11456,11936,70.6,TASK2T1,0,4.1,0,1,0.0,1.0
flatline-1-seed-5,flatline,1,5,"[""F1""]",bandpower_lda,sub-001_run-12_sample-12624,12,12624,12784,13264,78.9,TASK2T2,1,4.1,1,1,0.0,1.0
flatline-1-seed-5,flatline,1,5,"[""F1""]",bandpower_lda,sub-001_run-12_sample-13952,12,13952,14112,14592,87.2,TASK2T2,1,4.1,1,1,0.0,1.0
flatline-1-seed-5,flatline,1,5,"[""F1""]",bandpower_lda,sub-001_run-12_sample-15280,12,15280,15440,15920,95.5,TASK2T1,0,4.1,0,1,0.0,1.0
flatline-1-seed-5,flatline,1,5,"[""F1""]",bandpower_lda,sub-001_run-12_sample-16608,12,16608,16768,17248,103.8,TASK2T2,1,4.1,1,1,0.0,1.0
flatline-1-seed-5,flatline,1,5,"[""F1""]",bandpower_lda,sub-001_run-12_sample-17936,12,17936,18096,18576,112.1,TASK2T1,0,4.1,0,1,0.0,1.0
flatline-1-seed-5,flatline,1,5,"[""F1""]",bandpower_lda,sub-001_run-12_sample-19264,12,19264,19424,19904,120.4,TASK2T2,1,4.1,1,1,0.0,1.0
flatline-1-seed-6,flatline,1,6,"[""Fc4""]",csp_lda,sub-001_run-12_sample-672,12,672,832,1312,4.2,TASK2T2,1,4.1,1,1,0.045615849609752956,0.954384150390247
flatline-1-seed-6,flatline,1,6,"[""Fc4""]",csp_lda,sub-001_run-12_sample-2000,12,2000,2160,2640,12.5,TASK2T1,0,4.1,0,1,0.21934688985449668,0.7806531101455033
flatline-1-seed-6,flatline,1,6,"[""Fc4""]",csp_lda,sub-001_run-12_sample-3328,12,3328,3488,3968,20.8,TASK2T2,1,4.1,1,0,0.9778807663675957,0.02211923363240435
flatline-1-seed-6,flatline,1,6,"[""Fc4""]",csp_lda,sub-001_run-12_sample-4656,12,4656,4816,5296,29.1,TASK2T1,0,4.1,0,1,0.2843216338790102,0.7156783661209898
flatline-1-seed-6,flatline,1,6,"[""Fc4""]",csp_lda,sub-001_run-12_sample-5984,12,5984,6144,6624,37.4,TASK2T1,0,4.1,0,0,0.8234188408640777,0.17658115913592237
flatline-1-seed-6,flatline,1,6,"[""Fc4""]",csp_lda,sub-001_run-12_sample-7312,12,7312,7472,7952,45.7,TASK2T2,1,4.1,1,0,0.7748103501332528,0.22518964986674714
flatline-1-seed-6,flatline,1,6,"[""Fc4""]",csp_lda,sub-001_run-12_sample-8640,12,8640,8800,9280,54.0,TASK2T2,1,4.1,1,1,0.002014978865469086,0.9979850211345309
flatline-1-seed-6,flatline,1,6,"[""Fc4""]",csp_lda,sub-001_run-12_sample-9968,12,9968,10128,10608,62.3,TASK2T1,0,4.1,0,0,0.9337794973786125,0.06622050262138743
flatline-1-seed-6,flatline,1,6,"[""Fc4""]",csp_lda,sub-001_run-12_sample-11296,12,11296,11456,11936,70.6,TASK2T1,0,4.1,0,0,0.997089843941268,0.0029101560587320627
flatline-1-seed-6,flatline,1,6,"[""Fc4""]",csp_lda,sub-001_run-12_sample-12624,12,12624,12784,13264,78.9,TASK2T2,1,4.1,1,0,0.988119517064145,0.011880482935854945
flatline-1-seed-6,flatline,1,6,"[""Fc4""]",csp_lda,sub-001_run-12_sample-13952,12,13952,14112,14592,87.2,TASK2T2,1,4.1,1,0,0.999036751175135,0.0009632488248650054
flatline-1-seed-6,flatline,1,6,"[""Fc4""]",csp_lda,sub-001_run-12_sample-15280,12,15280,15440,15920,95.5,TASK2T1,0,4.1,0,0,0.9999885769431689,1.1423056831082858e-05
flatline-1-seed-6,flatline,1,6,"[""Fc4""]",csp_lda,sub-001_run-12_sample-16608,12,16608,16768,17248,103.8,TASK2T2,1,4.1,1,0,0.9998176834380745,0.00018231656192544765
flatline-1-seed-6,flatline,1,6,"[""Fc4""]",csp_lda,sub-001_run-12_sample-17936,12,17936,18096,18576,112.1,TASK2T1,0,4.1,0,0,0.9971205300655224,0.0028794699344776406
flatline-1-seed-6,flatline,1,6,"[""Fc4""]",csp_lda,sub-001_run-12_sample-19264,12,19264,19424,19904,120.4,TASK2T2,1,4.1,1,0,0.5221578458121969,0.4778421541878031
flatline-1-seed-6,flatline,1,6,"[""Fc4""]",bandpower_lda,sub-001_run-12_sample-672,12,672,832,1312,4.2,TASK2T2,1,4.1,1,0,1.0,7.489864179155594e-56
flatline-1-seed-6,flatline,1,6,"[""Fc4""]",bandpower_lda,sub-001_run-12_sample-2000,12,2000,2160,2640,12.5,TASK2T1,0,4.1,0,0,1.0,1.9775713461812061e-53
flatline-1-seed-6,flatline,1,6,"[""Fc4""]",bandpower_lda,sub-001_run-12_sample-3328,12,3328,3488,3968,20.8,TASK2T2,1,4.1,1,0,1.0,1.729563182100751e-55
flatline-1-seed-6,flatline,1,6,"[""Fc4""]",bandpower_lda,sub-001_run-12_sample-4656,12,4656,4816,5296,29.1,TASK2T1,0,4.1,0,0,1.0,3.921179100557726e-58
flatline-1-seed-6,flatline,1,6,"[""Fc4""]",bandpower_lda,sub-001_run-12_sample-5984,12,5984,6144,6624,37.4,TASK2T1,0,4.1,0,0,1.0,2.7618116640406266e-56
flatline-1-seed-6,flatline,1,6,"[""Fc4""]",bandpower_lda,sub-001_run-12_sample-7312,12,7312,7472,7952,45.7,TASK2T2,1,4.1,1,0,1.0,1.3406431811670877e-47
flatline-1-seed-6,flatline,1,6,"[""Fc4""]",bandpower_lda,sub-001_run-12_sample-8640,12,8640,8800,9280,54.0,TASK2T2,1,4.1,1,0,1.0,1.2255506061808496e-53
flatline-1-seed-6,flatline,1,6,"[""Fc4""]",bandpower_lda,sub-001_run-12_sample-9968,12,9968,10128,10608,62.3,TASK2T1,0,4.1,0,0,1.0,1.4235268253542447e-52
flatline-1-seed-6,flatline,1,6,"[""Fc4""]",bandpower_lda,sub-001_run-12_sample-11296,12,11296,11456,11936,70.6,TASK2T1,0,4.1,0,0,1.0,1.8395882024350846e-48
flatline-1-seed-6,flatline,1,6,"[""Fc4""]",bandpower_lda,sub-001_run-12_sample-12624,12,12624,12784,13264,78.9,TASK2T2,1,4.1,1,0,1.0,2.11673221864372e-55
flatline-1-seed-6,flatline,1,6,"[""Fc4""]",bandpower_lda,sub-001_run-12_sample-13952,12,13952,14112,14592,87.2,TASK2T2,1,4.1,1,0,1.0,2.8263574070625887e-57
flatline-1-seed-6,flatline,1,6,"[""Fc4""]",bandpower_lda,sub-001_run-12_sample-15280,12,15280,15440,15920,95.5,TASK2T1,0,4.1,0,0,1.0,1.0020129129906775e-59
flatline-1-seed-6,flatline,1,6,"[""Fc4""]",bandpower_lda,sub-001_run-12_sample-16608,12,16608,16768,17248,103.8,TASK2T2,1,4.1,1,0,1.0,2.630960347874668e-62
flatline-1-seed-6,flatline,1,6,"[""Fc4""]",bandpower_lda,sub-001_run-12_sample-17936,12,17936,18096,18576,112.1,TASK2T1,0,4.1,0,0,1.0,1.1538083865588493e-59
flatline-1-seed-6,flatline,1,6,"[""Fc4""]",bandpower_lda,sub-001_run-12_sample-19264,12,19264,19424,19904,120.4,TASK2T2,1,4.1,1,0,1.0,2.694950009748753e-57
flatline-1-seed-7,flatline,1,7,"[""Cp1""]",csp_lda,sub-001_run-12_sample-672,12,672,832,1312,4.2,TASK2T2,1,4.1,1,1,0.021180970356504236,0.9788190296434958
flatline-1-seed-7,flatline,1,7,"[""Cp1""]",csp_lda,sub-001_run-12_sample-2000,12,2000,2160,2640,12.5,TASK2T1,0,4.1,0,1,0.1094921118463934,0.8905078881536066
flatline-1-seed-7,flatline,1,7,"[""Cp1""]",csp_lda,sub-001_run-12_sample-3328,12,3328,3488,3968,20.8,TASK2T2,1,4.1,1,0,0.9345531092363041,0.06544689076369593
flatline-1-seed-7,flatline,1,7,"[""Cp1""]",csp_lda,sub-001_run-12_sample-4656,12,4656,4816,5296,29.1,TASK2T1,0,4.1,0,1,0.20397517190597092,0.7960248280940291
flatline-1-seed-7,flatline,1,7,"[""Cp1""]",csp_lda,sub-001_run-12_sample-5984,12,5984,6144,6624,37.4,TASK2T1,0,4.1,0,0,0.7866564307129911,0.2133435692870089
flatline-1-seed-7,flatline,1,7,"[""Cp1""]",csp_lda,sub-001_run-12_sample-7312,12,7312,7472,7952,45.7,TASK2T2,1,4.1,1,1,0.4215685454403524,0.5784314545596476
flatline-1-seed-7,flatline,1,7,"[""Cp1""]",csp_lda,sub-001_run-12_sample-8640,12,8640,8800,9280,54.0,TASK2T2,1,4.1,1,1,0.0016814317335966944,0.9983185682664033
flatline-1-seed-7,flatline,1,7,"[""Cp1""]",csp_lda,sub-001_run-12_sample-9968,12,9968,10128,10608,62.3,TASK2T1,0,4.1,0,0,0.6323499525368503,0.3676500474631496
flatline-1-seed-7,flatline,1,7,"[""Cp1""]",csp_lda,sub-001_run-12_sample-11296,12,11296,11456,11936,70.6,TASK2T1,0,4.1,0,0,0.9694464722021483,0.030553527797851743
flatline-1-seed-7,flatline,1,7,"[""Cp1""]",csp_lda,sub-001_run-12_sample-12624,12,12624,12784,13264,78.9,TASK2T2,1,4.1,1,0,0.9302202228825431,0.06977977711745686
flatline-1-seed-7,flatline,1,7,"[""Cp1""]",csp_lda,sub-001_run-12_sample-13952,12,13952,14112,14592,87.2,TASK2T2,1,4.1,1,0,0.9980636759892454,0.0019363240107546037
flatline-1-seed-7,flatline,1,7,"[""Cp1""]",csp_lda,sub-001_run-12_sample-15280,12,15280,15440,15920,95.5,TASK2T1,0,4.1,0,0,0.999949032860692,5.0967139307929736e-05
flatline-1-seed-7,flatline,1,7,"[""Cp1""]",csp_lda,sub-001_run-12_sample-16608,12,16608,16768,17248,103.8,TASK2T2,1,4.1,1,0,0.9998133604783594,0.00018663952164056129
flatline-1-seed-7,flatline,1,7,"[""Cp1""]",csp_lda,sub-001_run-12_sample-17936,12,17936,18096,18576,112.1,TASK2T1,0,4.1,0,0,0.9953694235826541,0.004630576417345904
flatline-1-seed-7,flatline,1,7,"[""Cp1""]",csp_lda,sub-001_run-12_sample-19264,12,19264,19424,19904,120.4,TASK2T2,1,4.1,1,1,0.32284858730224286,0.6771514126977571
flatline-1-seed-7,flatline,1,7,"[""Cp1""]",bandpower_lda,sub-001_run-12_sample-672,12,672,832,1312,4.2,TASK2T2,1,4.1,1,0,1.0,2.928676722718717e-17
flatline-1-seed-7,flatline,1,7,"[""Cp1""]",bandpower_lda,sub-001_run-12_sample-2000,12,2000,2160,2640,12.5,TASK2T1,0,4.1,0,0,0.9999999999999843,1.564788449649169e-14
flatline-1-seed-7,flatline,1,7,"[""Cp1""]",bandpower_lda,sub-001_run-12_sample-3328,12,3328,3488,3968,20.8,TASK2T2,1,4.1,1,0,0.9999999999999999,1.4822565573476449e-16
flatline-1-seed-7,flatline,1,7,"[""Cp1""]",bandpower_lda,sub-001_run-12_sample-4656,12,4656,4816,5296,29.1,TASK2T1,0,4.1,0,0,1.0,1.494719452028558e-19
flatline-1-seed-7,flatline,1,7,"[""Cp1""]",bandpower_lda,sub-001_run-12_sample-5984,12,5984,6144,6624,37.4,TASK2T1,0,4.1,0,0,1.0,4.107649888397962e-17
flatline-1-seed-7,flatline,1,7,"[""Cp1""]",bandpower_lda,sub-001_run-12_sample-7312,12,7312,7472,7952,45.7,TASK2T2,1,4.1,1,0,0.99999998826626,1.1733740005273082e-08
flatline-1-seed-7,flatline,1,7,"[""Cp1""]",bandpower_lda,sub-001_run-12_sample-8640,12,8640,8800,9280,54.0,TASK2T2,1,4.1,1,0,0.9999999999999882,1.1754148513299056e-14
flatline-1-seed-7,flatline,1,7,"[""Cp1""]",bandpower_lda,sub-001_run-12_sample-9968,12,9968,10128,10608,62.3,TASK2T1,0,4.1,0,0,0.9999999999999054,9.454764432967927e-14
flatline-1-seed-7,flatline,1,7,"[""Cp1""]",bandpower_lda,sub-001_run-12_sample-11296,12,11296,11456,11936,70.6,TASK2T1,0,4.1,0,0,0.9999999994119816,5.880184127676722e-10
flatline-1-seed-7,flatline,1,7,"[""Cp1""]",bandpower_lda,sub-001_run-12_sample-12624,12,12624,12784,13264,78.9,TASK2T2,1,4.1,1,0,0.9999999999999998,2.319648769126091e-16
flatline-1-seed-7,flatline,1,7,"[""Cp1""]",bandpower_lda,sub-001_run-12_sample-13952,12,13952,14112,14592,87.2,TASK2T2,1,4.1,1,0,1.0,3.3480975446881263e-18
flatline-1-seed-7,flatline,1,7,"[""Cp1""]",bandpower_lda,sub-001_run-12_sample-15280,12,15280,15440,15920,95.5,TASK2T1,0,4.1,0,0,1.0,1.0952365689636195e-20
flatline-1-seed-7,flatline,1,7,"[""Cp1""]",bandpower_lda,sub-001_run-12_sample-16608,12,16608,16768,17248,103.8,TASK2T2,1,4.1,1,0,1.0,1.9945901053194266e-22
flatline-1-seed-7,flatline,1,7,"[""Cp1""]",bandpower_lda,sub-001_run-12_sample-17936,12,17936,18096,18576,112.1,TASK2T1,0,4.1,0,0,1.0,6.255544707020007e-21
flatline-1-seed-7,flatline,1,7,"[""Cp1""]",bandpower_lda,sub-001_run-12_sample-19264,12,19264,19424,19904,120.4,TASK2T2,1,4.1,1,0,1.0,1.3400757802344344e-18
flatline-1-seed-8,flatline,1,8,"[""Cp1""]",csp_lda,sub-001_run-12_sample-672,12,672,832,1312,4.2,TASK2T2,1,4.1,1,1,0.021180970356504236,0.9788190296434958
flatline-1-seed-8,flatline,1,8,"[""Cp1""]",csp_lda,sub-001_run-12_sample-2000,12,2000,2160,2640,12.5,TASK2T1,0,4.1,0,1,0.1094921118463934,0.8905078881536066
flatline-1-seed-8,flatline,1,8,"[""Cp1""]",csp_lda,sub-001_run-12_sample-3328,12,3328,3488,3968,20.8,TASK2T2,1,4.1,1,0,0.9345531092363041,0.06544689076369593
flatline-1-seed-8,flatline,1,8,"[""Cp1""]",csp_lda,sub-001_run-12_sample-4656,12,4656,4816,5296,29.1,TASK2T1,0,4.1,0,1,0.20397517190597092,0.7960248280940291
flatline-1-seed-8,flatline,1,8,"[""Cp1""]",csp_lda,sub-001_run-12_sample-5984,12,5984,6144,6624,37.4,TASK2T1,0,4.1,0,0,0.7866564307129911,0.2133435692870089
flatline-1-seed-8,flatline,1,8,"[""Cp1""]",csp_lda,sub-001_run-12_sample-7312,12,7312,7472,7952,45.7,TASK2T2,1,4.1,1,1,0.4215685454403524,0.5784314545596476
flatline-1-seed-8,flatline,1,8,"[""Cp1""]",csp_lda,sub-001_run-12_sample-8640,12,8640,8800,9280,54.0,TASK2T2,1,4.1,1,1,0.0016814317335966944,0.9983185682664033
flatline-1-seed-8,flatline,1,8,"[""Cp1""]",csp_lda,sub-001_run-12_sample-9968,12,9968,10128,10608,62.3,TASK2T1,0,4.1,0,0,0.6323499525368503,0.3676500474631496
flatline-1-seed-8,flatline,1,8,"[""Cp1""]",csp_lda,sub-001_run-12_sample-11296,12,11296,11456,11936,70.6,TASK2T1,0,4.1,0,0,0.9694464722021483,0.030553527797851743
flatline-1-seed-8,flatline,1,8,"[""Cp1""]",csp_lda,sub-001_run-12_sample-12624,12,12624,12784,13264,78.9,TASK2T2,1,4.1,1,0,0.9302202228825431,0.06977977711745686
flatline-1-seed-8,flatline,1,8,"[""Cp1""]",csp_lda,sub-001_run-12_sample-13952,12,13952,14112,14592,87.2,TASK2T2,1,4.1,1,0,0.9980636759892454,0.0019363240107546037
flatline-1-seed-8,flatline,1,8,"[""Cp1""]",csp_lda,sub-001_run-12_sample-15280,12,15280,15440,15920,95.5,TASK2T1,0,4.1,0,0,0.999949032860692,5.0967139307929736e-05
flatline-1-seed-8,flatline,1,8,"[""Cp1""]",csp_lda,sub-001_run-12_sample-16608,12,16608,16768,17248,103.8,TASK2T2,1,4.1,1,0,0.9998133604783594,0.00018663952164056129
flatline-1-seed-8,flatline,1,8,"[""Cp1""]",csp_lda,sub-001_run-12_sample-17936,12,17936,18096,18576,112.1,TASK2T1,0,4.1,0,0,0.9953694235826541,0.004630576417345904
flatline-1-seed-8,flatline,1,8,"[""Cp1""]",csp_lda,sub-001_run-12_sample-19264,12,19264,19424,19904,120.4,TASK2T2,1,4.1,1,1,0.32284858730224286,0.6771514126977571
flatline-1-seed-8,flatline,1,8,"[""Cp1""]",bandpower_lda,sub-001_run-12_sample-672,12,672,832,1312,4.2,TASK2T2,1,4.1,1,0,1.0,2.928676722718717e-17
flatline-1-seed-8,flatline,1,8,"[""Cp1""]",bandpower_lda,sub-001_run-12_sample-2000,12,2000,2160,2640,12.5,TASK2T1,0,4.1,0,0,0.9999999999999843,1.564788449649169e-14
flatline-1-seed-8,flatline,1,8,"[""Cp1""]",bandpower_lda,sub-001_run-12_sample-3328,12,3328,3488,3968,20.8,TASK2T2,1,4.1,1,0,0.9999999999999999,1.4822565573476449e-16
flatline-1-seed-8,flatline,1,8,"[""Cp1""]",bandpower_lda,sub-001_run-12_sample-4656,12,4656,4816,5296,29.1,TASK2T1,0,4.1,0,0,1.0,1.494719452028558e-19
flatline-1-seed-8,flatline,1,8,"[""Cp1""]",bandpower_lda,sub-001_run-12_sample-5984,12,5984,6144,6624,37.4,TASK2T1,0,4.1,0,0,1.0,4.107649888397962e-17
flatline-1-seed-8,flatline,1,8,"[""Cp1""]",bandpower_lda,sub-001_run-12_sample-7312,12,7312,7472,7952,45.7,TASK2T2,1,4.1,1,0,0.99999998826626,1.1733740005273082e-08
flatline-1-seed-8,flatline,1,8,"[""Cp1""]",bandpower_lda,sub-001_run-12_sample-8640,12,8640,8800,9280,54.0,TASK2T2,1,4.1,1,0,0.9999999999999882,1.1754148513299056e-14
flatline-1-seed-8,flatline,1,8,"[""Cp1""]",bandpower_lda,sub-001_run-12_sample-9968,12,9968,10128,10608,62.3,TASK2T1,0,4.1,0,0,0.9999999999999054,9.454764432967927e-14
flatline-1-seed-8,flatline,1,8,"[""Cp1""]",bandpower_lda,sub-001_run-12_sample-11296,12,11296,11456,11936,70.6,TASK2T1,0,4.1,0,0,0.9999999994119816,5.880184127676722e-10
flatline-1-seed-8,flatline,1,8,"[""Cp1""]",bandpower_lda,sub-001_run-12_sample-12624,12,12624,12784,13264,78.9,TASK2T2,1,4.1,1,0,0.9999999999999998,2.319648769126091e-16
flatline-1-seed-8,flatline,1,8,"[""Cp1""]",bandpower_lda,sub-001_run-12_sample-13952,12,13952,14112,14592,87.2,TASK2T2,1,4.1,1,0,1.0,3.3480975446881263e-18
flatline-1-seed-8,flatline,1,8,"[""Cp1""]",bandpower_lda,sub-001_run-12_sample-15280,12,15280,15440,15920,95.5,TASK2T1,0,4.1,0,0,1.0,1.0952365689636195e-20
flatline-1-seed-8,flatline,1,8,"[""Cp1""]",bandpower_lda,sub-001_run-12_sample-16608,12,16608,16768,17248,103.8,TASK2T2,1,4.1,1,0,1.0,1.9945901053194266e-22
flatline-1-seed-8,flatline,1,8,"[""Cp1""]",bandpower_lda,sub-001_run-12_sample-17936,12,17936,18096,18576,112.1,TASK2T1,0,4.1,0,0,1.0,6.255544707020007e-21
flatline-1-seed-8,flatline,1,8,"[""Cp1""]",bandpower_lda,sub-001_run-12_sample-19264,12,19264,19424,19904,120.4,TASK2T2,1,4.1,1,0,1.0,1.3400757802344344e-18
flatline-1-seed-9,flatline,1,9,"[""Fp1""]",csp_lda,sub-001_run-12_sample-672,12,672,832,1312,4.2,TASK2T2,1,4.1,1,1,0.4143144757156626,0.5856855242843374
flatline-1-seed-9,flatline,1,9,"[""Fp1""]",csp_lda,sub-001_run-12_sample-2000,12,2000,2160,2640,12.5,TASK2T1,0,4.1,0,0,0.8027184669979246,0.1972815330020754
flatline-1-seed-9,flatline,1,9,"[""Fp1""]",csp_lda,sub-001_run-12_sample-3328,12,3328,3488,3968,20.8,TASK2T2,1,4.1,1,0,0.9918914138631573,0.008108586136842755
flatline-1-seed-9,flatline,1,9,"[""Fp1""]",csp_lda,sub-001_run-12_sample-4656,12,4656,4816,5296,29.1,TASK2T1,0,4.1,0,0,0.8252406116260729,0.1747593883739271
flatline-1-seed-9,flatline,1,9,"[""Fp1""]",csp_lda,sub-001_run-12_sample-5984,12,5984,6144,6624,37.4,TASK2T1,0,4.1,0,0,0.9522663411491246,0.04773365885087544
flatline-1-seed-9,flatline,1,9,"[""Fp1""]",csp_lda,sub-001_run-12_sample-7312,12,7312,7472,7952,45.7,TASK2T2,1,4.1,1,0,0.8532907184281057,0.1467092815718943
flatline-1-seed-9,flatline,1,9,"[""Fp1""]",csp_lda,sub-001_run-12_sample-8640,12,8640,8800,9280,54.0,TASK2T2,1,4.1,1,1,0.01253224871326597,0.987467751286734
flatline-1-seed-9,flatline,1,9,"[""Fp1""]",csp_lda,sub-001_run-12_sample-9968,12,9968,10128,10608,62.3,TASK2T1,0,4.1,0,0,0.9954644848569917,0.0045355151430083295
flatline-1-seed-9,flatline,1,9,"[""Fp1""]",csp_lda,sub-001_run-12_sample-11296,12,11296,11456,11936,70.6,TASK2T1,0,4.1,0,0,0.9995842390768901,0.0004157609231098843
flatline-1-seed-9,flatline,1,9,"[""Fp1""]",csp_lda,sub-001_run-12_sample-12624,12,12624,12784,13264,78.9,TASK2T2,1,4.1,1,0,0.9957690231755385,0.004230976824461506
flatline-1-seed-9,flatline,1,9,"[""Fp1""]",csp_lda,sub-001_run-12_sample-13952,12,13952,14112,14592,87.2,TASK2T2,1,4.1,1,0,0.9997559712004149,0.00024402879958507873
flatline-1-seed-9,flatline,1,9,"[""Fp1""]",csp_lda,sub-001_run-12_sample-15280,12,15280,15440,15920,95.5,TASK2T1,0,4.1,0,0,0.9999966764080722,3.3235919277758244e-06
flatline-1-seed-9,flatline,1,9,"[""Fp1""]",csp_lda,sub-001_run-12_sample-16608,12,16608,16768,17248,103.8,TASK2T2,1,4.1,1,0,0.9999842947166635,1.570528333654437e-05
flatline-1-seed-9,flatline,1,9,"[""Fp1""]",csp_lda,sub-001_run-12_sample-17936,12,17936,18096,18576,112.1,TASK2T1,0,4.1,0,0,0.9990272129309423,0.0009727870690576617
flatline-1-seed-9,flatline,1,9,"[""Fp1""]",csp_lda,sub-001_run-12_sample-19264,12,19264,19424,19904,120.4,TASK2T2,1,4.1,1,0,0.8523212228656766,0.1476787771343234
flatline-1-seed-9,flatline,1,9,"[""Fp1""]",bandpower_lda,sub-001_run-12_sample-672,12,672,832,1312,4.2,TASK2T2,1,4.1,1,0,1.0,1.9088311028756402e-62
flatline-1-seed-9,flatline,1,9,"[""Fp1""]",bandpower_lda,sub-001_run-12_sample-2000,12,2000,2160,2640,12.5,TASK2T1,0,4.1,0,0,1.0,1.7008404018661511e-60
flatline-1-seed-9,flatline,1,9,"[""Fp1""]",bandpower_lda,sub-001_run-12_sample-3328,12,3328,3488,3968,20.8,TASK2T2,1,4.1,1,0,1.0,1.609490497034517e-61
flatline-1-seed-9,flatline,1,9,"[""Fp1""]",bandpower_lda,sub-001_run-12_sample-4656,12,4656,4816,5296,29.1,TASK2T1,0,4.1,0,0,1.0,8.33683781612847e-65
flatline-1-seed-9,flatline,1,9,"[""Fp1""]",bandpower_lda,sub-001_run-12_sample-5984,12,5984,6144,6624,37.4,TASK2T1,0,4.1,0,0,1.0,6.693419836158567e-63
flatline-1-seed-9,flatline,1,9,"[""Fp1""]",bandpower_lda,sub-001_run-12_sample-7312,12,7312,7472,7952,45.7,TASK2T2,1,4.1,1,0,1.0,1.9674795605694361e-53
flatline-1-seed-9,flatline,1,9,"[""Fp1""]",bandpower_lda,sub-001_run-12_sample-8640,12,8640,8800,9280,54.0,TASK2T2,1,4.1,1,0,1.0,4.924852316269285e-60
flatline-1-seed-9,flatline,1,9,"[""Fp1""]",bandpower_lda,sub-001_run-12_sample-9968,12,9968,10128,10608,62.3,TASK2T1,0,4.1,0,0,1.0,1.0228789589538933e-59
flatline-1-seed-9,flatline,1,9,"[""Fp1""]",bandpower_lda,sub-001_run-12_sample-11296,12,11296,11456,11936,70.6,TASK2T1,0,4.1,0,0,1.0,2.7042990396495324e-55
flatline-1-seed-9,flatline,1,9,"[""Fp1""]",bandpower_lda,sub-001_run-12_sample-12624,12,12624,12784,13264,78.9,TASK2T2,1,4.1,1,0,1.0,1.4910802113434101e-61
flatline-1-seed-9,flatline,1,9,"[""Fp1""]",bandpower_lda,sub-001_run-12_sample-13952,12,13952,14112,14592,87.2,TASK2T2,1,4.1,1,0,1.0,2.2133405076347189e-63
flatline-1-seed-9,flatline,1,9,"[""Fp1""]",bandpower_lda,sub-001_run-12_sample-15280,12,15280,15440,15920,95.5,TASK2T1,0,4.1,0,0,1.0,2.801385313506417e-66
flatline-1-seed-9,flatline,1,9,"[""Fp1""]",bandpower_lda,sub-001_run-12_sample-16608,12,16608,16768,17248,103.8,TASK2T2,1,4.1,1,0,1.0,2.0344901825080687e-68
flatline-1-seed-9,flatline,1,9,"[""Fp1""]",bandpower_lda,sub-001_run-12_sample-17936,12,17936,18096,18576,112.1,TASK2T1,0,4.1,0,0,1.0,7.127784880837327e-66
flatline-1-seed-9,flatline,1,9,"[""Fp1""]",bandpower_lda,sub-001_run-12_sample-19264,12,19264,19424,19904,120.4,TASK2T2,1,4.1,1,0,1.0,1.1212440764868973e-63
flatline-2-seed-0,flatline,2,0,"[""Cp1"", ""F6""]",csp_lda,sub-001_run-12_sample-672,12,672,832,1312,4.2,TASK2T2,1,4.1,1,1,0.004076133225840328,0.9959238667741597
flatline-2-seed-0,flatline,2,0,"[""Cp1"", ""F6""]",csp_lda,sub-001_run-12_sample-2000,12,2000,2160,2640,12.5,TASK2T1,0,4.1,0,1,0.031101511345587918,0.9688984886544121
flatline-2-seed-0,flatline,2,0,"[""Cp1"", ""F6""]",csp_lda,sub-001_run-12_sample-3328,12,3328,3488,3968,20.8,TASK2T2,1,4.1,1,0,0.7013565097551446,0.2986434902448554
flatline-2-seed-0,flatline,2,0,"[""Cp1"", ""F6""]",csp_lda,sub-001_run-12_sample-4656,12,4656,4816,5296,29.1,TASK2T1,0,4.1,0,1,0.05810794123867957,0.9418920587613204
flatline-2-seed-0,flatline,2,0,"[""Cp1"", ""F6""]",csp_lda,sub-001_run-12_sample-5984,12,5984,6144,6624,37.4,TASK2T1,0,4.1,0,0,0.5769056298593851,0.4230943701406149
flatline-2-seed-0,flatline,2,0,"[""Cp1"", ""F6""]",csp_lda,sub-001_run-12_sample-7312,12,7312,7472,7952,45.7,TASK2T2,1,4.1,1,1,0.10502282825827725,0.8949771717417228
flatline-2-seed-0,flatline,2,0,"[""Cp1"", ""F6""]",csp_lda,sub-001_run-12_sample-8640,12,8640,8800,9280,54.0,TASK2T2,1,4.1,1,1,0.0021686857055103204,0.9978313142944897
flatline-2-seed-0,flatline,2,0,"[""Cp1"", ""F6""]",csp_lda,sub-001_run-12_sample-9968,12,9968,10128,10608,62.3,TASK2T1,0,4.1,0,1,0.2814433113432492,0.7185566886567508
flatline-2-seed-0,flatline,2,0,"[""Cp1"", ""F6""]",csp_lda,sub-001_run-12_sample-11296,12,11296,11456,11936,70.6,TASK2T1,0,4.1,0,0,0.8544466520130691,0.14555334798693084
flatline-2-seed-0,flatline,2,0,"[""Cp1"", ""F6""]",csp_lda,sub-001_run-12_sample-12624,12,12624,12784,13264,78.9,TASK2T2,1,4.1,1,0,0.7346650651464717,0.26533493485352827
flatline-2-seed-0,flatline,2,0,"[""Cp1"", ""F6""]",csp_lda,sub-001_run-12_sample-13952,12,13952,14112,14592,87.2,TASK2T2,1,4.1,1,0,0.9876900524216029,0.01230994757839711
flatline-2-seed-0,flatline,2,0,"[""Cp1"", ""F6""]",csp_lda,sub-001_run-12_sample-15280,12,15280,15440,15920,95.5,TASK2T1,0,4.1,0,0,0.9994815860187424,0.0005184139812576248
flatline-2-seed-0,flatline,2,0,"[""Cp1"", ""F6""]",csp_lda,sub-001_run-12_sample-16608,12,16608,16768,17248,103.8,TASK2T2,1,4.1,1,0,0.9996952019103015,0.00030479808969851376
flatline-2-seed-0,flatline,2,0,"[""Cp1"", ""F6""]",csp_lda,sub-001_run-12_sample-17936,12,17936,18096,18576,112.1,TASK2T1,0,4.1,0,0,0.9788093906429677,0.021190609357032326
flatline-2-seed-0,flatline,2,0,"[""Cp1"", ""F6""]",csp_lda,sub-001_run-12_sample-19264,12,19264,19424,19904,120.4,TASK2T2,1,4.1,1,1,0.09814729286142054,0.9018527071385795
flatline-2-seed-0,flatline,2,0,"[""Cp1"", ""F6""]",bandpower_lda,sub-001_run-12_sample-672,12,672,832,1312,4.2,TASK2T2,1,4.1,1,0,1.0,5.718664440859506e-69
flatline-2-seed-0,flatline,2,0,"[""Cp1"", ""F6""]",bandpower_lda,sub-001_run-12_sample-2000,12,2000,2160,2640,12.5,TASK2T1,0,4.1,0,0,1.0,1.356306671132503e-66
flatline-2-seed-0,flatline,2,0,"[""Cp1"", ""F6""]",bandpower_lda,sub-001_run-12_sample-3328,12,3328,3488,3968,20.8,TASK2T2,1,4.1,1,0,1.0,1.6304392893239316e-68
flatline-2-seed-0,flatline,2,0,"[""Cp1"", ""F6""]",bandpower_lda,sub-001_run-12_sample-4656,12,4656,4816,5296,29.1,TASK2T1,0,4.1,0,0,1.0,3.3070856303372507e-71
flatline-2-seed-0,flatline,2,0,"[""Cp1"", ""F6""]",bandpower_lda,sub-001_run-12_sample-5984,12,5984,6144,6624,37.4,TASK2T1,0,4.1,0,0,1.0,7.661169341666636e-70
flatline-2-seed-0,flatline,2,0,"[""Cp1"", ""F6""]",bandpower_lda,sub-001_run-12_sample-7312,12,7312,7472,7952,45.7,TASK2T2,1,4.1,1,0,1.0,1.1556662095566797e-60
flatline-2-seed-0,flatline,2,0,"[""Cp1"", ""F6""]",bandpower_lda,sub-001_run-12_sample-8640,12,8640,8800,9280,54.0,TASK2T2,1,4.1,1,0,1.0,1.2750833805807834e-66
flatline-2-seed-0,flatline,2,0,"[""Cp1"", ""F6""]",bandpower_lda,sub-001_run-12_sample-9968,12,9968,10128,10608,62.3,TASK2T1,0,4.1,0,0,1.0,1.1263667784394546e-65
flatline-2-seed-0,flatline,2,0,"[""Cp1"", ""F6""]",bandpower_lda,sub-001_run-12_sample-11296,12,11296,11456,11936,70.6,TASK2T1,0,4.1,0,0,1.0,7.439549848908742e-62
flatline-2-seed-0,flatline,2,0,"[""Cp1"", ""F6""]",bandpower_lda,sub-001_run-12_sample-12624,12,12624,12784,13264,78.9,TASK2T2,1,4.1,1,0,1.0,2.2192878900908747e-68
flatline-2-seed-0,flatline,2,0,"[""Cp1"", ""F6""]",bandpower_lda,sub-001_run-12_sample-13952,12,13952,14112,14592,87.2,TASK2T2,1,4.1,1,0,1.0,2.689061058628556e-70
flatline-2-seed-0,flatline,2,0,"[""Cp1"", ""F6""]",bandpower_lda,sub-001_run-12_sample-15280,12,15280,15440,15920,95.5,TASK2T1,0,4.1,0,0,1.0,5.010442692714101e-73
flatline-2-seed-0,flatline,2,0,"[""Cp1"", ""F6""]",bandpower_lda,sub-001_run-12_sample-16608,12,16608,16768,17248,103.8,TASK2T2,1,4.1,1,0,1.0,2.4127595535765135e-75
flatline-2-seed-0,flatline,2,0,"[""Cp1"", ""F6""]",bandpower_lda,sub-001_run-12_sample-17936,12,17936,18096,18576,112.1,TASK2T1,0,4.1,0,0,1.0,1.606459401921547e-72
flatline-2-seed-0,flatline,2,0,"[""Cp1"", ""F6""]",bandpower_lda,sub-001_run-12_sample-19264,12,19264,19424,19904,120.4,TASK2T2,1,4.1,1,0,1.0,1.7687059312314526e-70
flatline-2-seed-1,flatline,2,1,"[""Oz"", ""Af7""]",csp_lda,sub-001_run-12_sample-672,12,672,832,1312,4.2,TASK2T2,1,4.1,1,0,0.6755421880153177,0.32445781198468227
flatline-2-seed-1,flatline,2,1,"[""Oz"", ""Af7""]",csp_lda,sub-001_run-12_sample-2000,12,2000,2160,2640,12.5,TASK2T1,0,4.1,0,0,0.9337957710883282,0.06620422891167177
flatline-2-seed-1,flatline,2,1,"[""Oz"", ""Af7""]",csp_lda,sub-001_run-12_sample-3328,12,3328,3488,3968,20.8,TASK2T2,1,4.1,1,0,0.9915218834117098,0.008478116588290192
flatline-2-seed-1,flatline,2,1,"[""Oz"", ""Af7""]",csp_lda,sub-001_run-12_sample-4656,12,4656,4816,5296,29.1,TASK2T1,0,4.1,0,0,0.8490868215596903,0.15091317844030966
flatline-2-seed-1,flatline,2,1,"[""Oz"", ""Af7""]",csp_lda,sub-001_run-12_sample-5984,12,5984,6144,6624,37.4,TASK2T1,0,4.1,0,0,0.9272927751310304,0.07270722486896967
flatline-2-seed-1,flatline,2,1,"[""Oz"", ""Af7""]",csp_lda,sub-001_run-12_sample-7312,12,7312,7472,7952,45.7,TASK2T2,1,4.1,1,0,0.9963274646306896,0.003672535369310397
flatline-2-seed-1,flatline,2,1,"[""Oz"", ""Af7""]",csp_lda,sub-001_run-12_sample-8640,12,8640,8800,9280,54.0,TASK2T2,1,4.1,1,1,0.011246721392576986,0.988753278607423
flatline-2-seed-1,flatline,2,1,"[""Oz"", ""Af7""]",csp_lda,sub-001_run-12_sample-9968,12,9968,10128,10608,62.3,TASK2T1,0,4.1,0,0,0.9989040401643045,0.0010959598356955977
flatline-2-seed-1,flatline,2,1,"[""Oz"", ""Af7""]",csp_lda,sub-001_run-12_sample-11296,12,11296,11456,11936,70.6,TASK2T1,0,4.1,0,0,0.9999254417996811,7.455820031884537e-05
flatline-2-seed-1,flatline,2,1,"[""Oz"", ""Af7""]",csp_lda,sub-001_run-12_sample-12624,12,12624,12784,13264,78.9,TASK2T2,1,4.1,1,0,0.999727366498273,0.0002726335017270036
flatline-2-seed-1,flatline,2,1,"[""Oz"", ""Af7""]",csp_lda,sub-001_run-12_sample-13952,12,13952,14112,14592,87.2,TASK2T2,1,4.1,1,0,0.9995514322005206,0.00044856779947946053
flatline-2-seed-1,flatline,2,1,"[""Oz"", ""Af7""]",csp_lda,sub-001_run-12_sample-15280,12,15280,15440,15920,95.5,TASK2T1,0,4.1,0,0,0.9999966445677395,3.3554322604899414e-06
flatline-2-seed-1,flatline,2,1,"[""Oz"", ""Af7""]",csp_lda,sub-001_run-12_sample-16608,12,16608,16768,17248,103.8,TASK2T2,1,4.1,1,0,0.9999704707165572,2.9529283442827343e-05
flatline-2-seed-1,flatline,2,1,"[""Oz"", ""Af7""]",csp_lda,sub-001_run-12_sample-17936,12,17936,18096,18576,112.1,TASK2T1,0,4.1,0,0,0.9980292544051058,0.001970745594894165
flatline-2-seed-1,flatline,2,1,"[""Oz"", ""Af7""]",csp_lda,sub-001_run-12_sample-19264,12,19264,19424,19904,120.4,TASK2T2,1,4.1,1,0,0.8150481098387908,0.1849518901612092
flatline-2-seed-1,flatline,2,1,"[""Oz"", ""Af7""]",bandpower_lda,sub-001_run-12_sample-672,12,672,832,1312,4.2,TASK2T2,1,4.1,1,0,0.9419516889369554,0.05804831106304464
flatline-2-seed-1,flatline,2,1,"[""Oz"", ""Af7""]",bandpower_lda,sub-001_run-12_sample-2000,12,2000,2160,2640,12.5,TASK2T1,0,4.1,0,1,0.011388363612959806,0.9886116363870402
flatline-2-seed-1,flatline,2,1,"[""Oz"", ""Af7""]",bandpower_lda,sub-001_run-12_sample-3328,12,3328,3488,3968,20.8,TASK2T2,1,4.1,1,1,0.4968891996970568,0.5031108003029432
flatline-2-seed-1,flatline,2,1,"[""Oz"", ""Af7""]",bandpower_lda,sub-001_run-12_sample-4656,12,4656,4816,5296,29.1,TASK2T1,0,4.1,0,0,0.9992125878324157,0.0007874121675842541
flatline-2-seed-1,flatline,2,1,"[""Oz"", ""Af7""]",bandpower_lda,sub-001_run-12_sample-5984,12,5984,6144,6624,37.4,TASK2T1,0,4.1,0,0,0.6754327455730262,0.32456725442697376
flatline-2-seed-1,flatline,2,1,"[""Oz"", ""Af7""]",bandpower_lda,sub-001_run-12_sample-7312,12,7312,7472,7952,45.7,TASK2T2,1,4.1,1,1,2.0955106538878e-09,0.9999999979044893
flatline-2-seed-1,flatline,2,1,"[""Oz"", ""Af7""]",bandpower_lda,sub-001_run-12_sample-8640,12,8640,8800,9280,54.0,TASK2T2,1,4.1,1,1,0.005583854582350556,0.9944161454176494
flatline-2-seed-1,flatline,2,1,"[""Oz"", ""Af7""]",bandpower_lda,sub-001_run-12_sample-9968,12,9968,10128,10608,62.3,TASK2T1,0,4.1,0,1,0.0021375588850396365,0.9978624411149604
flatline-2-seed-1,flatline,2,1,"[""Oz"", ""Af7""]",bandpower_lda,sub-001_run-12_sample-11296,12,11296,11456,11936,70.6,TASK2T1,0,4.1,0,1,5.815273107501184e-08,0.9999999418472689
flatline-2-seed-1,flatline,2,1,"[""Oz"", ""Af7""]",bandpower_lda,sub-001_run-12_sample-12624,12,12624,12784,13264,78.9,TASK2T2,1,4.1,1,1,0.21647267214280164,0.7835273278571984
flatline-2-seed-1,flatline,2,1,"[""Oz"", ""Af7""]",bandpower_lda,sub-001_run-12_sample-13952,12,13952,14112,14592,87.2,TASK2T2,1,4.1,1,0,0.9018221323674653,0.09817786763253471
flatline-2-seed-1,flatline,2,1,"[""Oz"", ""Af7""]",bandpower_lda,sub-001_run-12_sample-15280,12,15280,15440,15920,95.5,TASK2T1,0,4.1,0,0,0.9998587832861845,0.0001412167138155249
flatline-2-seed-1,flatline,2,1,"[""Oz"", ""Af7""]",bandpower_lda,sub-001_run-12_sample-16608,12,16608,16768,17248,103.8,TASK2T2,1,4.1,1,0,0.9999988521765033,1.147823496653638e-06
flatline-2-seed-1,flatline,2,1,"[""Oz"", ""Af7""]",bandpower_lda,sub-001_run-12_sample-17936,12,17936,18096,18576,112.1,TASK2T1,0,4.1,0,0,0.9997806378277451,0.0002193621722549694
flatline-2-seed-1,flatline,2,1,"[""Oz"", ""Af7""]",bandpower_lda,sub-001_run-12_sample-19264,12,19264,19424,19904,120.4,TASK2T2,1,4.1,1,0,0.9900997580180146,0.009900241981985376
flatline-2-seed-2,flatline,2,2,"[""P7"", ""Af4""]",csp_lda,sub-001_run-12_sample-672,12,672,832,1312,4.2,TASK2T2,1,4.1,1,1,0.019356095815006413,0.9806439041849936
flatline-2-seed-2,flatline,2,2,"[""P7"", ""Af4""]",csp_lda,sub-001_run-12_sample-2000,12,2000,2160,2640,12.5,TASK2T1,0,4.1,0,1,0.04272283237867447,0.9572771676213255
flatline-2-seed-2,flatline,2,2,"[""P7"", ""Af4""]",csp_lda,sub-001_run-12_sample-3328,12,3328,3488,3968,20.8,TASK2T2,1,4.1,1,0,0.9305279801751781,0.06947201982482183
flatline-2-seed-2,flatline,2,2,"[""P7"", ""Af4""]",csp_lda,sub-001_run-12_sample-4656,12,4656,4816,5296,29.1,TASK2T1,0,4.1,0,0,0.6257346185760608,0.3742653814239391
flatline-2-seed-2,flatline,2,2,"[""P7"", ""Af4""]",csp_lda,sub-001_run-12_sample-5984,12,5984,6144,6624,37.4,TASK2T1,0,4.1,0,0,0.8792539078879291,0.12074609211207085
flatline-2-seed-2,flatline,2,2,"[""P7"", ""Af4""]",csp_lda,sub-001_run-12_sample-7312,12,7312,7472,7952,45.7,TASK2T2,1,4.1,1,1,0.41484226498605614,0.5851577350139439
flatline-2-seed-2,flatline,2,2,"[""P7"", ""Af4""]",csp_lda,sub-001_run-12_sample-8640,12,8640,8800,9280,54.0,TASK2T2,1,4.1,1,1,0.008496804309976236,0.9915031956900238
flatline-2-seed-2,flatline,2,2,"[""P7"", ""Af4""]",csp_lda,sub-001_run-12_sample-9968,12,9968,10128,10608,62.3,TASK2T1,0,4.1,0,0,0.7682965899030664,0.23170341009693365
flatline-2-seed-2,flatline,2,2,"[""P7"", ""Af4""]",csp_lda,sub-001_run-12_sample-11296,12,11296,11456,11936,70.6,TASK2T1,0,4.1,0,0,0.9432499518875244,0.05675004811247559
flatline-2-seed-2,flatline,2,2,"[""P7"", ""Af4""]",csp_lda,sub-001_run-12_sample-12624,12,12624,12784,13264,78.9,TASK2T2,1,4.1,1,0,0.9590338563123637,0.04096614368763632
flatline-2-seed-2,flatline,2,2,"[""P7"", ""Af4""]",csp_lda,sub-001_run-12_sample-13952,12,13952,14112,14592,87.2,TASK2T2,1,4.1,1,0,0.9992021190146124,0.0007978809853876108
flatline-2-seed-2,flatline,2,2,"[""P7"", ""Af4""]",csp_lda,sub-001_run-12_sample-15280,12,15280,15440,15920,95.5,TASK2T1,0,4.1,0,0,0.9998948185025271,0.00010518149747289972
flatline-2-seed-2,flatline,2,2,"[""P7"", ""Af4""]",csp_lda,sub-001_run-12_sample-16608,12,16608,16768,17248,103.8,TASK2T2,1,4.1,1,0,0.9997926523532485,0.00020734764675141716
flatline-2-seed-2,flatline,2,2,"[""P7"", ""Af4""]",csp_lda,sub-001_run-12_sample-17936,12,17936,18096,18576,112.1,TASK2T1,0,4.1,0,0,0.9990363124182831,0.0009636875817169473
flatline-2-seed-2,flatline,2,2,"[""P7"", ""Af4""]",csp_lda,sub-001_run-12_sample-19264,12,19264,19424,19904,120.4,TASK2T2,1,4.1,1,1,0.48230869680646127,0.5176913031935387
flatline-2-seed-2,flatline,2,2,"[""P7"", ""Af4""]",bandpower_lda,sub-001_run-12_sample-672,12,672,832,1312,4.2,TASK2T2,1,4.1,1,0,1.0,1.5087400911665084e-73
flatline-2-seed-2,flatline,2,2,"[""P7"", ""Af4""]",bandpower_lda,sub-001_run-12_sample-2000,12,2000,2160,2640,12.5,TASK2T1,0,4.1,0,0,1.0,4.383131768038292e-71
flatline-2-seed-2,flatline,2,2,"[""P7"", ""Af4""]",bandpower_lda,sub-001_run-12_sample-3328,12,3328,3488,3968,20.8,TASK2T2,1,4.1,1,0,1.0,7.33466938379047e-74
flatline-2-seed-2,flatline,2,2,"[""P7"", ""Af4""]",bandpower_lda,sub-001_run-12_sample-4656,12,4656,4816,5296,29.1,TASK2T1,0,4.1,0,0,1.0,2.4008894553056866e-76
flatline-2-seed-2,flatline,2,2,"[""P7"", ""Af4""]",bandpower_lda,sub-001_run-12_sample-5984,12,5984,6144,6624,37.4,TASK2T1,0,4.1,0,0,1.0,1.1101921128437664e-74
flatline-2-seed-2,flatline,2,2,"[""P7"", ""Af4""]",bandpower_lda,sub-001_run-12_sample-7312,12,7312,7472,7952,45.7,TASK2T2,1,4.1,1,0,1.0,1.4424137134161975e-65
flatline-2-seed-2,flatline,2,2,"[""P7"", ""Af4""]",bandpower_lda,sub-001_run-12_sample-8640,12,8640,8800,9280,54.0,TASK2T2,1,4.1,1,0,1.0,1.0637162106374853e-71
flatline-2-seed-2,flatline,2,2,"[""P7"", ""Af4""]",bandpower_lda,sub-001_run-12_sample-9968,12,9968,10128,10608,62.3,TASK2T1,0,4.1,0,0,1.0,2.1723851567374487e-70
flatline-2-seed-2,flatline,2,2,"[""P7"", ""Af4""]",bandpower_lda,sub-001_run-12_sample-11296,12,11296,11456,11936,70.6,TASK2T1,0,4.1,0,0,1.0,2.0717504688852252e-67
flatline-2-seed-2,flatline,2,2,"[""P7"", ""Af4""]",bandpower_lda,sub-001_run-12_sample-12624,12,12624,12784,13264,78.9,TASK2T2,1,4.1,1,0,1.0,6.502938515643756e-73
flatline-2-seed-2,flatline,2,2,"[""P7"", ""Af4""]",bandpower_lda,sub-001_run-12_sample-13952,12,13952,14112,14592,87.2,TASK2T2,1,4.1,1,0,1.0,1.5617650184536713e-75
flatline-2-seed-2,flatline,2,2,"[""P7"", ""Af4""]",bandpower_lda,sub-001_run-12_sample-15280,12,15280,15440,15920,95.5,TASK2T1,0,4.1,0,0,1.0,1.6140605521235002e-77
flatline-2-seed-2,flatline,2,2,"[""P7"", ""Af4""]",bandpower_lda,sub-001_run-12_sample-16608,12,16608,16768,17248,103.8,TASK2T2,1,4.1,1,0,1.0,3.2737286141496345e-79
flatline-2-seed-2,flatline,2,2,"[""P7"", ""Af4""]",bandpower_lda,sub-001_run-12_sample-17936,12,17936,18096,18576,112.1,TASK2T1,0,4.1,0,0,1.0,1.5189639350133057e-77
flatline-2-seed-2,flatline,2,2,"[""P7"", ""Af4""]",bandpower_lda,sub-001_run-12_sample-19264,12,19264,19424,19904,120.4,TASK2T2,1,4.1,1,0,1.0,5.121651654696324e-75
flatline-2-seed-3,flatline,2,3,"[""Tp7"", ""Fc5""]",csp_lda,sub-001_run-12_sample-672,12,672,832,1312,4.2,TASK2T2,1,4.1,1,1,0.001421026632919098,0.9985789733670809
flatline-2-seed-3,flatline,2,3,"[""Tp7"", ""Fc5""]",csp_lda,sub-001_run-12_sample-2000,12,2000,2160,2640,12.5,TASK2T1,0,4.1,0,1,0.016469260632661298,0.9835307393673387
flatline-2-seed-3,flatline,2,3,"[""Tp7"", ""Fc5""]",csp_lda,sub-001_run-12_sample-3328,12,3328,3488,3968,20.8,TASK2T2,1,4.1,1,0,0.7345781095437276,0.26542189045627235
flatline-2-seed-3,flatline,2,3,"[""Tp7"", ""Fc5""]",csp_lda,sub-001_run-12_sample-4656,12,4656,4816,5296,29.1,TASK2T1,0,4.1,0,1,0.013682651538324153,0.9863173484616758
flatline-2-seed-3,flatline,2,3,"[""Tp7"", ""Fc5""]",csp_lda,sub-001_run-12_sample-5984,12,5984,6144,6624,37.4,TASK2T1,0,4.1,0,1,0.26766865753087077,0.7323313424691292
flatline-2-seed-3,flatline,2,3,"[""Tp7"", ""Fc5""]",csp_lda,sub-001_run-12_sample-7312,12,7312,7472,7952,45.7,TASK2T2,1,4.1,1,1,0.09822167617228739,0.9017783238277126
flatline-2-seed-3,flatline,2,3,"[""Tp7"", ""Fc5""]",csp_lda,sub-001_run-12_sample-8640,12,8640,8800,9280,54.0,TASK2T2,1,4.1,1,1,0.0003801924797141032,0.9996198075202859
flatline-2-seed-3,flatline,2,3,"[""Tp7"", ""Fc5""]",csp_lda,sub-001_run-12_sample-9968,12,9968,10128,10608,62.3,TASK2T1,0,4.1,0,1,0.3019354211266887,0.6980645788733113
flatline-2-seed-3,flatline,2,3,"[""Tp7"", ""Fc5""]",csp_lda,sub-001_run-12_sample-11296,12,11296,11456,11936,70.6,TASK2T1,0,4.1,0,0,0.9802591961386187,0.01974080386138132
flatline-2-seed-3,flatline,2,3,"[""Tp7"", ""Fc5""]",csp_lda,sub-001_run-12_sample-12624,12,12624,12784,13264,78.9,TASK2T2,1,4.1,1,1,0.49356868591940795,0.506431314080592
flatline-2-seed-3,flatline,2,3,"[""Tp7"", ""Fc5""]",csp_lda,sub-001_run-12_sample-13952,12,13952,14112,14592,87.2,TASK2T2,1,4.1,1,0,0.9358329766405767,0.0641670233594233
flatline-2-seed-3,flatline,2,3,"[""Tp7"", ""Fc5""]",csp_lda,sub-001_run-12_sample-15280,12,15280,15440,15920,95.5,TASK2T1,0,4.1,0,0,0.9994792283517361,0.0005207716482638653
flatline-2-seed-3,flatline,2,3,"[""Tp7"", ""Fc5""]",csp_lda,sub-001_run-12_sample-16608,12,16608,16768,17248,103.8,TASK2T2,1,4.1,1,0,0.9978918997786742,0.0021081002213258356
flatline-2-seed-3,flatline,2,3,"[""Tp7"", ""Fc5""]",csp_lda,sub-001_run-12_sample-17936,12,17936,18096,18576,112.1,TASK2T1,0,4.1,0,0,0.9257883662738821,0.07421163372611796
flatline-2-seed-3,flatline,2,3,"[""Tp7"", ""Fc5""]",csp_lda,sub-001_run-12_sample-19264,12,19264,19424,19904,120.4,TASK2T2,1,4.1,1,1,0.03882369613519998,0.9611763038648
flatline-2-seed-3,flatline,2,3,"[""Tp7"", ""Fc5""]",bandpower_lda,sub-001_run-12_sample-672,12,672,832,1312,4.2,TASK2T2,1,4.1,1,0,1.0,2.9038028409675037e-60
flatline-2-seed-3,flatline,2,3,"[""Tp7"", ""Fc5""]",bandpower_lda,sub-001_run-12_sample-2000,12,2000,2160,2640,12.5,TASK2T1,0,4.1,0,0,1.0,1.658359356781596e-57
flatline-2-seed-3,flatline,2,3,"[""Tp7"", ""Fc5""]",bandpower_lda,sub-001_run-12_sample-3328,12,3328,3488,3968,20.8,TASK2T2,1,4.1,1,0,1.0,4.9112237025643467e-61
flatline-2-seed-3,flatline,2,3,"[""Tp7"", ""Fc5""]",bandpower_lda,sub-001_run-12_sample-4656,12,4656,4816,5296,29.1,TASK2T1,0,4.1,0,0,1.0,3.8651576913416316e-63
flatline-2-seed-3,flatline,2,3,"[""Tp7"", ""Fc5""]",bandpower_lda,sub-001_run-12_sample-5984,12,5984,6144,6624,37.4,TASK2T1,0,4.1,0,0,1.0,3.114224640973372e-61
flatline-2-seed-3,flatline,2,3,"[""Tp7"", ""Fc5""]",bandpower_lda,sub-001_run-12_sample-7312,12,7312,7472,7952,45.7,TASK2T2,1,4.1,1,0,1.0,1.6212544586542824e-52
flatline-2-seed-3,flatline,2,3,"[""Tp7"", ""Fc5""]",bandpower_lda,sub-001_run-12_sample-8640,12,8640,8800,9280,54.0,TASK2T2,1,4.1,1,0,1.0,2.4812519401755688e-58
flatline-2-seed-3,flatline,2,3,"[""Tp7"", ""Fc5""]",bandpower_lda,sub-001_run-12_sample-9968,12,9968,10128,10608,62.3,TASK2T1,0,4.1,0,0,1.0,6.373857260038143e-57
flatline-2-seed-3,flatline,2,3,"[""Tp7"", ""Fc5""]",bandpower_lda,sub-001_run-12_sample-11296,12,11296,11456,11936,70.6,TASK2T1,0,4.1,0,0,1.0,2.7870608055884635e-54
flatline-2-seed-3,flatline,2,3,"[""Tp7"", ""Fc5""]",bandpower_lda,sub-001_run-12_sample-12624,12,12624,12784,13264,78.9,TASK2T2,1,4.1,1,0,1.0,1.7450391321695738e-59
flatline-2-seed-3,flatline,2,3,"[""Tp7"", ""Fc5""]",bandpower_lda,sub-001_run-12_sample-13952,12,13952,14112,14592,87.2,TASK2T2,1,4.1,1,0,1.0,3.8411805343170836e-62
flatline-2-seed-3,flatline,2,3,"[""Tp7"", ""Fc5""]",bandpower_lda,sub-001_run-12_sample-15280,12,15280,15440,15920,95.5,TASK2T1,0,4.1,0,0,1.0,7.957644886958721e-64
flatline-2-seed-3,flatline,2,3,"[""Tp7"", ""Fc5""]",bandpower_lda,sub-001_run-12_sample-16608,12,16608,16768,17248,103.8,TASK2T2,1,4.1,1,0,1.0,1.911396308639542e-65
flatline-2-seed-3,flatline,2,3,"[""Tp7"", ""Fc5""]",bandpower_lda,sub-001_run-12_sample-17936,12,17936,18096,18576,112.1,TASK2T1,0,4.1,0,0,1.0,4.1266820190273295e-64
flatline-2-seed-3,flatline,2,3,"[""Tp7"", ""Fc5""]",bandpower_lda,sub-001_run-12_sample-19264,12,19264,19424,19904,120.4,TASK2T2,1,4.1,1,0,1.0,8.411054550476323e-62
flatline-2-seed-4,flatline,2,4,"[""Fp2"", ""Poz""]",csp_lda,sub-001_run-12_sample-672,12,672,832,1312,4.2,TASK2T2,1,4.1,1,0,0.8666220653879873,0.1333779346120127
flatline-2-seed-4,flatline,2,4,"[""Fp2"", ""Poz""]",csp_lda,sub-001_run-12_sample-2000,12,2000,2160,2640,12.5,TASK2T1,0,4.1,0,0,0.995248483174521,0.004751516825478974
flatline-2-seed-4,flatline,2,4,"[""Fp2"", ""Poz""]",csp_lda,sub-001_run-12_sample-3328,12,3328,3488,3968,20.8,TASK2T2,1,4.1,1,0,0.9990777544714855,0.0009222455285144894
flatline-2-seed-4,flatline,2,4,"[""Fp2"", ""Poz""]",csp_lda,sub-001_run-12_sample-4656,12,4656,4816,5296,29.1,TASK2T1,0,4.1,0,0,0.9919830048957252,0.00801699510427473
flatline-2-seed-4,flatline,2,4,"[""Fp2"", ""Poz""]",csp_lda,sub-001_run-12_sample-5984,12,5984,6144,6624,37.4,TASK2T1,0,4.1,0,0,0.9991578408227028,0.0008421591772972646
flatline-2-seed-4,flatline,2,4,"[""Fp2"", ""Poz""]",csp_lda,sub-001_run-12_sample-7312,12,7312,7472,7952,45.7,TASK2T2,1,4.1,1,0,0.9999550603691024,4.4939630897577715e-05
flatline-2-seed-4,flatline,2,4,"[""Fp2"", ""Poz""]",csp_lda,sub-001_run-12_sample-8640,12,8640,8800,9280,54.0,TASK2T2,1,4.1,1,1,0.36166979557398904,0.638330204426011
flatline-2-seed-4,flatline,2,4,"[""Fp2"", ""Poz""]",csp_lda,sub-001_run-12_sample-9968,12,9968,10128,10608,62.3,TASK2T1,0,4.1,0,0,0.9999210500762338,7.894992376622807e-05
flatline-2-seed-4,flatline,2,4,"[""Fp2"", ""Poz""]",csp_lda,sub-001_run-12_sample-11296,12,11296,11456,11936,70.6,TASK2T1,0,4.1,0,0,0.9999643421002542,3.5657899745849515e-05
flatline-2-seed-4,flatline,2,4,"[""Fp2"", ""Poz""]",csp_lda,sub-001_run-12_sample-12624,12,12624,12784,13264,78.9,TASK2T2,1,4.1,1,0,0.9999793985274047,2.060147259527236e-05
flatline-2-seed-4,flatline,2,4,"[""Fp2"", ""Poz""]",csp_lda,sub-001_run-12_sample-13952,12,13952,14112,14592,87.2,TASK2T2,1,4.1,1,0,0.9999749552584577,2.5044741542299407e-05
flatline-2-seed-4,flatline,2,4,"[""Fp2"", ""Poz""]",csp_lda,sub-001_run-12_sample-15280,12,15280,15440,15920,95.5,TASK2T1,0,4.1,0,0,0.9999986787575854,1.3212424146011184e-06
flatline-2-seed-4,flatline,2,4,"[""Fp2"", ""Poz""]",csp_lda,sub-001_run-12_sample-16608,12,16608,16768,17248,103.8,TASK2T2,1,4.1,1,0,0.9999938433108365,6.156689163470422e-06
flatline-2-seed-4,flatline,2,4,"[""Fp2"", ""Poz""]",csp_lda,sub-001_run-12_sample-17936,12,17936,18096,18576,112.1,TASK2T1,0,4.1,0,0,0.9999427256632019,5.727433679810101e-05
flatline-2-seed-4,flatline,2,4,"[""Fp2"", ""Poz""]",csp_lda,sub-001_run-12_sample-19264,12,19264,19424,19904,120.4,TASK2T2,1,4.1,1,0,0.9657181129649324,0.03428188703506767
flatline-2-seed-4,flatline,2,4,"[""Fp2"", ""Poz""]",bandpower_lda,sub-001_run-12_sample-672,12,672,832,1312,4.2,TASK2T2,1,4.1,1,0,1.0,2.788692149526677e-52
flatline-2-seed-4,flatline,2,4,"[""Fp2"", ""Poz""]",bandpower_lda,sub-001_run-12_sample-2000,12,2000,2160,2640,12.5,TASK2T1,0,4.1,0,0,1.0,2.716905946564588e-50
flatline-2-seed-4,flatline,2,4,"[""Fp2"", ""Poz""]",bandpower_lda,sub-001_run-12_sample-3328,12,3328,3488,3968,20.8,TASK2T2,1,4.1,1,0,1.0,1.0344576880746132e-51
flatline-2-seed-4,flatline,2,4,"[""Fp2"", ""Poz""]",bandpower_lda,sub-001_run-12_sample-4656,12,4656,4816,5296,29.1,TASK2T1,0,4.1,0,0,1.0,1.0143933051182534e-54
flatline-2-seed-4,flatline,2,4,"[""Fp2"", ""Poz""]",bandpower_lda,sub-001_run-12_sample-5984,12,5984,6144,6624,37.4,TASK2T1,0,4.1,0,0,1.0,7.6053409571609505e-53
flatline-2-seed-4,flatline,2,4,"[""Fp2"", ""Poz""]",bandpower_lda,sub-001_run-12_sample-7312,12,7312,7472,7952,45.7,TASK2T2,1,4.1,1,0,1.0,9.399727754248282e-44
flatline-2-seed-4,flatline,2,4,"[""Fp2"", ""Poz""]",bandpower_lda,sub-001_run-12_sample-8640,12,8640,8800,9280,54.0,TASK2T2,1,4.1,1,0,1.0,2.91920778644745e-50
flatline-2-seed-4,flatline,2,4,"[""Fp2"", ""Poz""]",bandpower_lda,sub-001_run-12_sample-9968,12,9968,10128,10608,62.3,TASK2T1,0,4.1,0,0,1.0,2.2214652484409703e-49
flatline-2-seed-4,flatline,2,4,"[""Fp2"", ""Poz""]",bandpower_lda,sub-001_run-12_sample-11296,12,11296,11456,11936,70.6,TASK2T1,0,4.1,0,0,1.0,3.062343371712998e-45
flatline-2-seed-4,flatline,2,4,"[""Fp2"", ""Poz""]",bandpower_lda,sub-001_run-12_sample-12624,12,12624,12784,13264,78.9,TASK2T2,1,4.1,1,0,1.0,1.0443730228936989e-51
flatline-2-seed-4,flatline,2,4,"[""Fp2"", ""Poz""]",bandpower_lda,sub-001_run-12_sample-13952,12,13952,14112,14592,87.2,TASK2T2,1,4.1,1,0,1.0,2.41332009826057e-53
flatline-2-seed-4,flatline,2,4,"[""Fp2"", ""Poz""]",bandpower_lda,sub-001_run-12_sample-15280,12,15280,15440,15920,95.5,TASK2T1,0,4.1,0,0,1.0,4.5584800147094865e-56
flatline-2-seed-4,flatline,2,4,"[""Fp2"", ""Poz""]",bandpower_lda,sub-001_run-12_sample-16608,12,16608,16768,17248,103.8,TASK2T2,1,4.1,1,0,1.0,4.429057482729792e-58
flatline-2-seed-4,flatline,2,4,"[""Fp2"", ""Poz""]",bandpower_lda,sub-001_run-12_sample-17936,12,17936,18096,18576,112.1,TASK2T1,0,4.1,0,0,1.0,5.391681240247451e-56
flatline-2-seed-4,flatline,2,4,"[""Fp2"", ""Poz""]",bandpower_lda,sub-001_run-12_sample-19264,12,19264,19424,19904,120.4,TASK2T2,1,4.1,1,0,1.0,1.0772322847095189e-53
flatline-2-seed-5,flatline,2,5,"[""F1"", ""Oz""]",csp_lda,sub-001_run-12_sample-672,12,672,832,1312,4.2,TASK2T2,1,4.1,1,1,0.04074978409781915,0.9592502159021808
flatline-2-seed-5,flatline,2,5,"[""F1"", ""Oz""]",csp_lda,sub-001_run-12_sample-2000,12,2000,2160,2640,12.5,TASK2T1,0,4.1,0,1,0.11502073317584993,0.8849792668241501
flatline-2-seed-5,flatline,2,5,"[""F1"", ""Oz""]",csp_lda,sub-001_run-12_sample-3328,12,3328,3488,3968,20.8,TASK2T2,1,4.1,1,1,0.2407035719959677,0.7592964280040323
flatline-2-seed-5,flatline,2,5,"[""F1"", ""Oz""]",csp_lda,sub-001_run-12_sample-4656,12,4656,4816,5296,29.1,TASK2T1,0,4.1,0,1,0.10546832849652743,0.8945316715034726
flatline-2-seed-5,flatline,2,5,"[""F1"", ""Oz""]",csp_lda,sub-001_run-12_sample-5984,12,5984,6144,6624,37.4,TASK2T1,0,4.1,0,1,0.34831955252873514,0.6516804474712649
flatline-2-seed-5,flatline,2,5,"[""F1"", ""Oz""]",csp_lda,sub-001_run-12_sample-7312,12,7312,7472,7952,45.7,TASK2T2,1,4.1,1,0,0.9847649653436465,0.015235034656353438
flatline-2-seed-5,flatline,2,5,"[""F1"", ""Oz""]",csp_lda,sub-001_run-12_sample-8640,12,8640,8800,9280,54.0,TASK2T2,1,4.1,1,1,0.0013742523681467,0.9986257476318533
flatline-2-seed-5,flatline,2,5,"[""F1"", ""Oz""]",csp_lda,sub-001_run-12_sample-9968,12,9968,10128,10608,62.3,TASK2T1,0,4.1,0,0,0.9082628213867856,0.09173717861321434
flatline-2-seed-5,flatline,2,5,"[""F1"", ""Oz""]",csp_lda,sub-001_run-12_sample-11296,12,11296,11456,11936,70.6,TASK2T1,0,4.1,0,0,0.998094808471073,0.001905191528927009
flatline-2-seed-5,flatline,2,5,"[""F1"", ""Oz""]",csp_lda,sub-001_run-12_sample-12624,12,12624,12784,13264,78.9,TASK2T2,1,4.1,1,0,0.9824831993393975,0.01751680066060244
flatline-2-seed-5,flatline,2,5,"[""F1"", ""Oz""]",csp_lda,sub-001_run-12_sample-13952,12,13952,14112,14592,87.2,TASK2T2,1,4.1,1,0,0.9859974463486041,0.01400255365139588
flatline-2-seed-5,flatline,2,5,"[""F1"", ""Oz""]",csp_lda,sub-001_run-12_sample-15280,12,15280,15440,15920,95.5,TASK2T1,0,4.1,0,0,0.9994414897086674,0.0005585102913325536
flatline-2-seed-5,flatline,2,5,"[""F1"", ""Oz""]",csp_lda,sub-001_run-12_sample-16608,12,16608,16768,17248,103.8,TASK2T2,1,4.1,1,0,0.9619425119870872,0.038057488012912796
flatline-2-seed-5,flatline,2,5,"[""F1"", ""Oz""]",csp_lda,sub-001_run-12_sample-17936,12,17936,18096,18576,112.1,TASK2T1,0,4.1,0,0,0.9913128438036062,0.008687156196393863
flatline-2-seed-5,flatline,2,5,"[""F1"", ""Oz""]",csp_lda,sub-001_run-12_sample-19264,12,19264,19424,19904,120.4,TASK2T2,1,4.1,1,1,0.01540846971994092,0.9845915302800591
flatline-2-seed-5,flatline,2,5,"[""F1"", ""Oz""]",bandpower_lda,sub-001_run-12_sample-672,12,672,832,1312,4.2,TASK2T2,1,4.1,1,1,0.0,1.0
flatline-2-seed-5,flatline,2,5,"[""F1"", ""Oz""]",bandpower_lda,sub-001_run-12_sample-2000,12,2000,2160,2640,12.5,TASK2T1,0,4.1,0,1,0.0,1.0
flatline-2-seed-5,flatline,2,5,"[""F1"", ""Oz""]",bandpower_lda,sub-001_run-12_sample-3328,12,3328,3488,3968,20.8,TASK2T2,1,4.1,1,1,0.0,1.0
flatline-2-seed-5,flatline,2,5,"[""F1"", ""Oz""]",bandpower_lda,sub-001_run-12_sample-4656,12,4656,4816,5296,29.1,TASK2T1,0,4.1,0,1,0.0,1.0
flatline-2-seed-5,flatline,2,5,"[""F1"", ""Oz""]",bandpower_lda,sub-001_run-12_sample-5984,12,5984,6144,6624,37.4,TASK2T1,0,4.1,0,1,0.0,1.0
flatline-2-seed-5,flatline,2,5,"[""F1"", ""Oz""]",bandpower_lda,sub-001_run-12_sample-7312,12,7312,7472,7952,45.7,TASK2T2,1,4.1,1,1,0.0,1.0
flatline-2-seed-5,flatline,2,5,"[""F1"", ""Oz""]",bandpower_lda,sub-001_run-12_sample-8640,12,8640,8800,9280,54.0,TASK2T2,1,4.1,1,1,0.0,1.0
flatline-2-seed-5,flatline,2,5,"[""F1"", ""Oz""]",bandpower_lda,sub-001_run-12_sample-9968,12,9968,10128,10608,62.3,TASK2T1,0,4.1,0,1,0.0,1.0
flatline-2-seed-5,flatline,2,5,"[""F1"", ""Oz""]",bandpower_lda,sub-001_run-12_sample-11296,12,11296,11456,11936,70.6,TASK2T1,0,4.1,0,1,0.0,1.0
flatline-2-seed-5,flatline,2,5,"[""F1"", ""Oz""]",bandpower_lda,sub-001_run-12_sample-12624,12,12624,12784,13264,78.9,TASK2T2,1,4.1,1,1,0.0,1.0
flatline-2-seed-5,flatline,2,5,"[""F1"", ""Oz""]",bandpower_lda,sub-001_run-12_sample-13952,12,13952,14112,14592,87.2,TASK2T2,1,4.1,1,1,0.0,1.0
flatline-2-seed-5,flatline,2,5,"[""F1"", ""Oz""]",bandpower_lda,sub-001_run-12_sample-15280,12,15280,15440,15920,95.5,TASK2T1,0,4.1,0,1,0.0,1.0
flatline-2-seed-5,flatline,2,5,"[""F1"", ""Oz""]",bandpower_lda,sub-001_run-12_sample-16608,12,16608,16768,17248,103.8,TASK2T2,1,4.1,1,1,0.0,1.0
flatline-2-seed-5,flatline,2,5,"[""F1"", ""Oz""]",bandpower_lda,sub-001_run-12_sample-17936,12,17936,18096,18576,112.1,TASK2T1,0,4.1,0,1,0.0,1.0
flatline-2-seed-5,flatline,2,5,"[""F1"", ""Oz""]",bandpower_lda,sub-001_run-12_sample-19264,12,19264,19424,19904,120.4,TASK2T2,1,4.1,1,1,0.0,1.0
flatline-2-seed-6,flatline,2,6,"[""Fc4"", ""F2""]",csp_lda,sub-001_run-12_sample-672,12,672,832,1312,4.2,TASK2T2,1,4.1,1,1,0.03431515905297344,0.9656848409470266
flatline-2-seed-6,flatline,2,6,"[""Fc4"", ""F2""]",csp_lda,sub-001_run-12_sample-2000,12,2000,2160,2640,12.5,TASK2T1,0,4.1,0,1,0.15464439898479387,0.8453556010152061
flatline-2-seed-6,flatline,2,6,"[""Fc4"", ""F2""]",csp_lda,sub-001_run-12_sample-3328,12,3328,3488,3968,20.8,TASK2T2,1,4.1,1,0,0.9782768493809914,0.021723150619008664
flatline-2-seed-6,flatline,2,6,"[""Fc4"", ""F2""]",csp_lda,sub-001_run-12_sample-4656,12,4656,4816,5296,29.1,TASK2T1,0,4.1,0,1,0.31770795585728684,0.6822920441427132
flatline-2-seed-6,flatline,2,6,"[""Fc4"", ""F2""]",csp_lda,sub-001_run-12_sample-5984,12,5984,6144,6624,37.4,TASK2T1,0,4.1,0,0,0.8688361028152075,0.13116389718479246
flatline-2-seed-6,flatline,2,6,"[""Fc4"", ""F2""]",csp_lda,sub-001_run-12_sample-7312,12,7312,7472,7952,45.7,TASK2T2,1,4.1,1,0,0.719499783991508,0.28050021600849195
flatline-2-seed-6,flatline,2,6,"[""Fc4"", ""F2""]",csp_lda,sub-001_run-12_sample-8640,12,8640,8800,9280,54.0,TASK2T2,1,4.1,1,1,0.002434429832730012,0.99756557016727
flatline-2-seed-6,flatline,2,6,"[""Fc4"", ""F2""]",csp_lda,sub-001_run-12_sample-9968,12,9968,10128,10608,62.3,TASK2T1,0,4.1,0,0,0.9193550400042223,0.08064495999577767
flatline-2-seed-6,flatline,2,6,"[""Fc4"", ""F2""]",csp_lda,sub-001_run-12_sample-11296,12,11296,11456,11936,70.6,TASK2T1,0,4.1,0,0,0.9962606657012804,0.003739334298719604
flatline-2-seed-6,flatline,2,6,"[""Fc4"", ""F2""]",csp_lda,sub-001_run-12_sample-12624,12,12624,12784,13264,78.9,TASK2T2,1,4.1,1,0,0.9901840638228645,0.009815936177135524
flatline-2-seed-6,flatline,2,6,"[""Fc4"", ""F2""]",csp_lda,sub-001_run-12_sample-13952,12,13952,14112,14592,87.2,TASK2T2,1,4.1,1,0,0.9988673963579111,0.0011326036420889363
flatline-2-seed-6,flatline,2,6,"[""Fc4"", ""F2""]",csp_lda,sub-001_run-12_sample-15280,12,15280,15440,15920,95.5,TASK2T1,0,4.1,0,0,0.9999901522855991,9.84771440091969e-06
flatline-2-seed-6,flatline,2,6,"[""Fc4"", ""F2""]",csp_lda,sub-001_run-12_sample-16608,12,16608,16768,17248,103.8,TASK2T2,1,4.1,1,0,0.999892239564194,0.00010776043580593433
flatline-2-seed-6,flatline,2,6,"[""Fc4"", ""F2""]",csp_lda,sub-001_run-12_sample-17936,12,17936,18096,18576,112.1,TASK2T1,0,4.1,0,0,0.9974798669344656,0.002520133065534402
flatline-2-seed-6,flatline,2,6,"[""Fc4"", ""F2""]",csp_lda,sub-001_run-12_sample-19264,12,19264,19424,19904,120.4,TASK2T2,1,4.1,1,0,0.551382162739321,0.448617837260679
flatline-2-seed-6,flatline,2,6,"[""Fc4"", ""F2""]",bandpower_lda,sub-001_run-12_sample-672,12,672,832,1312,4.2,TASK2T2,1,4.1,1,0,0.9999999999999974,2.5798596662722344e-15
flatline-2-seed-6,flatline,2,6,"[""Fc4"", ""F2""]",bandpower_lda,sub-001_run-12_sample-2000,12,2000,2160,2640,12.5,TASK2T1,0,4.1,0,0,0.9999999999984824,1.5176189445361965e-12
flatline-2-seed-6,flatline,2,6,"[""Fc4"", ""F2""]",bandpower_lda,sub-001_run-12_sample-3328,12,3328,3488,3968,20.8,TASK2T2,1,4.1,1,0,0.9999999999999886,1.1486815263479815e-14
flatline-2-seed-6,flatline,2,6,"[""Fc4"", ""F2""]",bandpower_lda,sub-001_run-12_sample-4656,12,4656,4816,5296,29.1,TASK2T1,0,4.1,0,0,1.0,2.147987574624223e-17
flatline-2-seed-6,flatline,2,6,"[""Fc4"", ""F2""]",bandpower_lda,sub-001_run-12_sample-5984,12,5984,6144,6624,37.4,TASK2T1,0,4.1,0,0,0.9999999999999861,1.3843334540331801e-14
flatline-2-seed-6,flatline,2,6,"[""Fc4"", ""F2""]",bandpower_lda,sub-001_run-12_sample-7312,12,7312,7472,7952,45.7,TASK2T2,1,4.1,1,0,0.9999989019464456,1.0980535544436195e-06
flatline-2-seed-6,flatline,2,6,"[""Fc4"", ""F2""]",bandpower_lda,sub-001_run-12_sample-8640,12,8640,8800,9280,54.0,TASK2T2,1,4.1,1,0,0.9999999999985807,1.4193220563949648e-12
flatline-2-seed-6,flatline,2,6,"[""Fc4"", ""F2""]",bandpower_lda,sub-001_run-12_sample-9968,12,9968,10128,10608,62.3,TASK2T1,0,4.1,0,0,0.9999999999848825,1.5117454605191724e-11
flatline-2-seed-6,flatline,2,6,"[""Fc4"", ""F2""]",bandpower_lda,sub-001_run-12_sample-11296,12,11296,11456,11936,70.6,TASK2T1,0,4.1,0,0,0.9999998609895879,1.3901041206711255e-07
flatline-2-seed-6,flatline,2,6,"[""Fc4"", ""F2""]",bandpower_lda,sub-001_run-12_sample-12624,12,12624,12784,13264,78.9,TASK2T2,1,4.1,1,0,0.9999999999999745,2.557771584827521e-14
flatline-2-seed-6,flatline,2,6,"[""Fc4"", ""F2""]",bandpower_lda,sub-001_run-12_sample-13952,12,13952,14112,14592,87.2,TASK2T2,1,4.1,1,0,0.9999999999999996,4.1562927668170965e-16
flatline-2-seed-6,flatline,2,6,"[""Fc4"", ""F2""]",bandpower_lda,sub-001_run-12_sample-15280,12,15280,15440,15920,95.5,TASK2T1,0,4.1,0,0,1.0,1.8056314162735178e-18
flatline-2-seed-6,flatline,2,6,"[""Fc4"", ""F2""]",bandpower_lda,sub-001_run-12_sample-16608,12,16608,16768,17248,103.8,TASK2T2,1,4.1,1,0,1.0,2.763504745211324e-20
flatline-2-seed-6,flatline,2,6,"[""Fc4"", ""F2""]",bandpower_lda,sub-001_run-12_sample-17936,12,17936,18096,18576,112.1,TASK2T1,0,4.1,0,0,1.0,8.89791289158703e-19
flatline-2-seed-6,flatline,2,6,"[""Fc4"", ""F2""]",bandpower_lda,sub-001_run-12_sample-19264,12,19264,19424,19904,120.4,TASK2T2,1,4.1,1,0,0.9999999999999999,1.490350638800281e-16
flatline-2-seed-7,flatline,2,7,"[""Cp1"", ""Af4""]",csp_lda,sub-001_run-12_sample-672,12,672,832,1312,4.2,TASK2T2,1,4.1,1,1,0.008238049443619389,0.9917619505563806
flatline-2-seed-7,flatline,2,7,"[""Cp1"", ""Af4""]",csp_lda,sub-001_run-12_sample-2000,12,2000,2160,2640,12.5,TASK2T1,0,4.1,0,1,0.04469686227452263,0.9553031377254774
flatline-2-seed-7,flatline,2,7,"[""Cp1"", ""Af4""]",csp_lda,sub-001_run-12_sample-3328,12,3328,3488,3968,20.8,TASK2T2,1,4.1,1,0,0.8631354032551666,0.13686459674483342
flatline-2-seed-7,flatline,2,7,"[""Cp1"", ""Af4""]",csp_lda,sub-001_run-12_sample-4656,12,4656,4816,5296,29.1,TASK2T1,0,4.1,0,1,0.09791671473445462,0.9020832852655454
flatline-2-seed-7,flatline,2,7,"[""Cp1"", ""Af4""]",csp_lda,sub-001_run-12_sample-5984,12,5984,6144,6624,37.4,TASK2T1,0,4.1,0,0,0.6754964584778355,0.32450354152216454
flatline-2-seed-7,flatline,2,7,"[""Cp1"", ""Af4""]",csp_lda,sub-001_run-12_sample-7312,12,7312,7472,7952,45.7,TASK2T2,1,4.1,1,1,0.23248684754820848,0.7675131524517915
flatline-2-seed-7,flatline,2,7,"[""Cp1"", ""Af4""]",csp_lda,sub-001_run-12_sample-8640,12,8640,8800,9280,54.0,TASK2T2,1,4.1,1,1,0.0011974695156197201,0.9988025304843803
flatline-2-seed-7,flatline,2,7,"[""Cp1"", ""Af4""]",csp_lda,sub-001_run-12_sample-9968,12,9968,10128,10608,62.3,TASK2T1,0,4.1,0,1,0.3936232699918908,0.6063767300081092
flatline-2-seed-7,flatline,2,7,"[""Cp1"", ""Af4""]",csp_lda,sub-001_run-12_sample-11296,12,11296,11456,11936,70.6,TASK2T1,0,4.1,0,0,0.9325551162001343,0.06744488379986564
flatline-2-seed-7,flatline,2,7,"[""Cp1"", ""Af4""]",csp_lda,sub-001_run-12_sample-12624,12,12624,12784,13264,78.9,TASK2T2,1,4.1,1,0,0.8375610374135143,0.16243896258648569
flatline-2-seed-7,flatline,2,7,"[""Cp1"", ""Af4""]",csp_lda,sub-001_run-12_sample-13952,12,13952,14112,14592,87.2,TASK2T2,1,4.1,1,0,0.9946349539552818,0.005365046044718181
flatline-2-seed-7,flatline,2,7,"[""Cp1"", ""Af4""]",csp_lda,sub-001_run-12_sample-15280,12,15280,15440,15920,95.5,TASK2T1,0,4.1,0,0,0.9998498422737627,0.00015015772623728265
flatline-2-seed-7,flatline,2,7,"[""Cp1"", ""Af4""]",csp_lda,sub-001_run-12_sample-16608,12,16608,16768,17248,103.8,TASK2T2,1,4.1,1,0,0.999756107301234,0.00024389269876604094
flatline-2-seed-7,flatline,2,7,"[""Cp1"", ""Af4""]",csp_lda,sub-001_run-12_sample-17936,12,17936,18096,18576,112.1,TASK2T1,0,4.1,0,0,0.9900047907316711,0.009995209268328914
flatline-2-seed-7,flatline,2,7,"[""Cp1"", ""Af4""]",csp_lda,sub-001_run-12_sample-19264,12,19264,19424,19904,120.4,TASK2T2,1,4.1,1,1,0.1863139080879901,0.8136860919120099
flatline-2-seed-7,flatline,2,7,"[""Cp1"", ""Af4""]",bandpower_lda,sub-001_run-12_sample-672,12,672,832,1312,4.2,TASK2T2,1,4.1,1,0,1.0,1.6977300809062777e-30
flatline-2-seed-7,flatline,2,7,"[""Cp1"", ""Af4""]",bandpower_lda,sub-001_run-12_sample-2000,12,2000,2160,2640,12.5,TASK2T1,0,4.1,0,0,1.0,6.087294309422697e-28
flatline-2-seed-7,flatline,2,7,"[""Cp1"", ""Af4""]",bandpower_lda,sub-001_run-12_sample-3328,12,3328,3488,3968,20.8,TASK2T2,1,4.1,1,0,1.0,7.481603467134607e-30
flatline-2-seed-7,flatline,2,7,"[""Cp1"", ""Af4""]",bandpower_lda,sub-001_run-12_sample-4656,12,4656,4816,5296,29.1,TASK2T1,0,4.1,0,0,1.0,7.776768891959464e-33
flatline-2-seed-7,flatline,2,7,"[""Cp1"", ""Af4""]",bandpower_lda,sub-001_run-12_sample-5984,12,5984,6144,6624,37.4,TASK2T1,0,4.1,0,0,1.0,1.1209926374982545e-30
flatline-2-seed-7,flatline,2,7,"[""Cp1"", ""Af4""]",bandpower_lda,sub-001_run-12_sample-7312,12,7312,7472,7952,45.7,TASK2T2,1,4.1,1,0,1.0,5.510487249173999e-22
flatline-2-seed-7,flatline,2,7,"[""Cp1"", ""Af4""]",bandpower_lda,sub-001_run-12_sample-8640,12,8640,8800,9280,54.0,TASK2T2,1,4.1,1,0,1.0,4.696972766764487e-28
flatline-2-seed-7,flatline,2,7,"[""Cp1"", ""Af4""]",bandpower_lda,sub-001_run-12_sample-9968,12,9968,10128,10608,62.3,TASK2T1,0,4.1,0,0,1.0,3.7795356826269455e-27
flatline-2-seed-7,flatline,2,7,"[""Cp1"", ""Af4""]",bandpower_lda,sub-001_run-12_sample-11296,12,11296,11456,11936,70.6,TASK2T1,0,4.1,0,0,1.0,2.6873154558084424e-23
flatline-2-seed-7,flatline,2,7,"[""Cp1"", ""Af4""]",bandpower_lda,sub-001_run-12_sample-12624,12,12624,12784,13264,78.9,TASK2T2,1,4.1,1,0,1.0,1.0073116520687805e-29
flatline-2-seed-7,flatline,2,7,"[""Cp1"", ""Af4""]",bandpower_lda,sub-001_run-12_sample-13952,12,13952,14112,14592,87.2,TASK2T2,1,4.1,1,0,1.0,1.4863052508289835e-31
flatline-2-seed-7,flatline,2,7,"[""Cp1"", ""Af4""]",bandpower_lda,sub-001_run-12_sample-15280,12,15280,15440,15920,95.5,TASK2T1,0,4.1,0,0,1.0,4.079814587699533e-34
flatline-2-seed-7,flatline,2,7,"[""Cp1"", ""Af4""]",bandpower_lda,sub-001_run-12_sample-16608,12,16608,16768,17248,103.8,TASK2T2,1,4.1,1,0,1.0,4.664161059154787e-36
flatline-2-seed-7,flatline,2,7,"[""Cp1"", ""Af4""]",bandpower_lda,sub-001_run-12_sample-17936,12,17936,18096,18576,112.1,TASK2T1,0,4.1,0,0,1.0,3.2740387258300697e-34
flatline-2-seed-7,flatline,2,7,"[""Cp1"", ""Af4""]",bandpower_lda,sub-001_run-12_sample-19264,12,19264,19424,19904,120.4,TASK2T2,1,4.1,1,0,1.0,6.806623820696694e-32
flatline-2-seed-8,flatline,2,8,"[""Cp1"", ""T10""]",csp_lda,sub-001_run-12_sample-672,12,672,832,1312,4.2,TASK2T2,1,4.1,1,1,0.02526426016328831,0.9747357398367117
flatline-2-seed-8,flatline,2,8,"[""Cp1"", ""T10""]",csp_lda,sub-001_run-12_sample-2000,12,2000,2160,2640,12.5,TASK2T1,0,4.1,0,1,0.09910204247794863,0.9008979575220514
flatline-2-seed-8,flatline,2,8,"[""Cp1"", ""T10""]",csp_lda,sub-001_run-12_sample-3328,12,3328,3488,3968,20.8,TASK2T2,1,4.1,1,0,0.936000471693262,0.06399952830673804
flatline-2-seed-8,flatline,2,8,"[""Cp1"", ""T10""]",csp_lda,sub-001_run-12_sample-4656,12,4656,4816,5296,29.1,TASK2T1,0,4.1,0,1,0.17066675095810513,0.8293332490418949
flatline-2-seed-8,flatline,2,8,"[""Cp1"", ""T10""]",csp_lda,sub-001_run-12_sample-5984,12,5984,6144,6624,37.4,TASK2T1,0,4.1,0,0,0.7150542275203835,0.2849457724796165
flatline-2-seed-8,flatline,2,8,"[""Cp1"", ""T10""]",csp_lda,sub-001_run-12_sample-7312,12,7312,7472,7952,45.7,TASK2T2,1,4.1,1,1,0.36938645670774495,0.630613543292255
flatline-2-seed-8,flatline,2,8,"[""Cp1"", ""T10""]",csp_lda,sub-001_run-12_sample-8640,12,8640,8800,9280,54.0,TASK2T2,1,4.1,1,1,0.0015175556374197319,0.9984824443625803
flatline-2-seed-8,flatline,2,8,"[""Cp1"", ""T10""]",csp_lda,sub-001_run-12_sample-9968,12,9968,10128,10608,62.3,TASK2T1,0,4.1,0,0,0.5286065247953419,0.47139347520465813
flatline-2-seed-8,flatline,2,8,"[""Cp1"", ""T10""]",csp_lda,sub-001_run-12_sample-11296,12,11296,11456,11936,70.6,TASK2T1,0,4.1,0,0,0.9609948920944807,0.03900510790551923
flatline-2-seed-8,flatline,2,8,"[""Cp1"", ""T10""]",csp_lda,sub-001_run-12_sample-12624,12,12624,12784,13264,78.9,TASK2T2,1,4.1,1,0,0.9150897331599126,0.08491026684008744
flatline-2-seed-8,flatline,2,8,"[""Cp1"", ""T10""]",csp_lda,sub-001_run-12_sample-13952,12,13952,14112,14592,87.2,TASK2T2,1,4.1,1,0,0.9977002598264697,0.002299740173530349
flatline-2-seed-8,flatline,2,8,"[""Cp1"", ""T10""]",csp_lda,sub-001_run-12_sample-15280,12,15280,15440,15920,95.5,TASK2T1,0,4.1,0,0,0.9999145088444683,8.549115553163646e-05
flatline-2-seed-8,flatline,2,8,"[""Cp1"", ""T10""]",csp_lda,sub-001_run-12_sample-16608,12,16608,16768,17248,103.8,TASK2T2,1,4.1,1,0,0.9997623191038284,0.00023768089617163583
flatline-2-seed-8,flatline,2,8,"[""Cp1"", ""T10""]",csp_lda,sub-001_run-12_sample-17936,12,17936,18096,18576,112.1,TASK2T1,0,4.1,0,0,0.9947788788747132,0.005221121125286848
flatline-2-seed-8,flatline,2,8,"[""Cp1"", ""T10""]",csp_lda,sub-001_run-12_sample-19264,12,19264,19424,19904,120.4,TASK2T2,1,4.1,1,1,0.2722305074870295,0.7277694925129705
flatline-2-seed-8,flatline,2,8,"[""Cp1"", ""T10""]",bandpower_lda,sub-001_run-12_sample-672,12,672,832,1312,4.2,TASK2T2,1,4.1,1,0,1.0,5.222542769427018e-31
flatline-2-seed-8,flatline,2,8,"[""Cp1"", ""T10""]",bandpower_lda,sub-001_run-12_sample-2000,12,2000,2160,2640,12.5,TASK2T1,0,4.1,0,0,1.0,3.027675260921591e-28
flatline-2-seed-8,flatline,2,8,"[""Cp1"", ""T10""]",bandpower_lda,sub-001_run-12_sample-3328,12,3328,3488,3968,20.8,TASK2T2,1,4.1,1,0,1.0,2.488754425158215e-30
flatline-2-seed-8,flatline,2,8,"[""Cp1"", ""T10""]",bandpower_lda,sub-001_run-12_sample-4656,12,4656,4816,5296,29.1,TASK2T1,0,4.1,0,0,1.0,2.7187868832171547e-33
flatline-2-seed-8,flatline,2,8,"[""Cp1"", ""T10""]",bandpower_lda,sub-001_run-12_sample-5984,12,5984,6144,6624,37.4,TASK2T1,0,4.1,0,0,1.0,6.428023890147625e-31
flatline-2-seed-8,flatline,2,8,"[""Cp1"", ""T10""]",bandpower_lda,sub-001_run-12_sample-7312,12,7312,7472,7952,45.7,TASK2T2,1,4.1,1,0,1.0,2.168245778218459e-22
flatline-2-seed-8,flatline,2,8,"[""Cp1"", ""T10""]",bandpower_lda,sub-001_run-12_sample-8640,12,8640,8800,9280,54.0,TASK2T2,1,4.1,1,0,1.0,1.8751672059007144e-28
flatline-2-seed-8,flatline,2,8,"[""Cp1"", ""T10""]",bandpower_lda,sub-001_run-12_sample-9968,12,9968,10128,10608,62.3,TASK2T1,0,4.1,0,0,1.0,1.929066503460923e-27
flatline-2-seed-8,flatline,2,8,"[""Cp1"", ""T10""]",bandpower_lda,sub-001_run-12_sample-11296,12,11296,11456,11936,70.6,TASK2T1,0,4.1,0,0,1.0,9.95045643913227e-24
flatline-2-seed-8,flatline,2,8,"[""Cp1"", ""T10""]",bandpower_lda,sub-001_run-12_sample-12624,12,12624,12784,13264,78.9,TASK2T2,1,4.1,1,0,1.0,4.196777627646515e-30
flatline-2-seed-8,flatline,2,8,"[""Cp1"", ""T10""]",bandpower_lda,sub-001_run-12_sample-13952,12,13952,14112,14592,87.2,TASK2T2,1,4.1,1,0,1.0,5.622083004091951e-32
flatline-2-seed-8,flatline,2,8,"[""Cp1"", ""T10""]",bandpower_lda,sub-001_run-12_sample-15280,12,15280,15440,15920,95.5,TASK2T1,0,4.1,0,0,1.0,1.981392800741357e-34
flatline-2-seed-8,flatline,2,8,"[""Cp1"", ""T10""]",bandpower_lda,sub-001_run-12_sample-16608,12,16608,16768,17248,103.8,TASK2T2,1,4.1,1,0,1.0,3.724616156910089e-36
flatline-2-seed-8,flatline,2,8,"[""Cp1"", ""T10""]",bandpower_lda,sub-001_run-12_sample-17936,12,17936,18096,18576,112.1,TASK2T1,0,4.1,0,0,1.0,1.1566044223232272e-34
flatline-2-seed-8,flatline,2,8,"[""Cp1"", ""T10""]",bandpower_lda,sub-001_run-12_sample-19264,12,19264,19424,19904,120.4,TASK2T2,1,4.1,1,0,1.0,2.3079373802548656e-32
flatline-2-seed-9,flatline,2,9,"[""Fp1"", ""O1""]",csp_lda,sub-001_run-12_sample-672,12,672,832,1312,4.2,TASK2T2,1,4.1,1,0,0.9957101810755338,0.004289818924466255
flatline-2-seed-9,flatline,2,9,"[""Fp1"", ""O1""]",csp_lda,sub-001_run-12_sample-2000,12,2000,2160,2640,12.5,TASK2T1,0,4.1,0,0,0.9992576151123664,0.0007423848876335826
flatline-2-seed-9,flatline,2,9,"[""Fp1"", ""O1""]",csp_lda,sub-001_run-12_sample-3328,12,3328,3488,3968,20.8,TASK2T2,1,4.1,1,0,0.9998516726214399,0.0001483273785600865
flatline-2-seed-9,flatline,2,9,"[""Fp1"", ""O1""]",csp_lda,sub-001_run-12_sample-4656,12,4656,4816,5296,29.1,TASK2T1,0,4.1,0,0,0.9992370786935851,0.0007629213064148896
flatline-2-seed-9,flatline,2,9,"[""Fp1"", ""O1""]",csp_lda,sub-001_run-12_sample-5984,12,5984,6144,6624,37.4,TASK2T1,0,4.1,0,0,0.9996360777588904,0.00036392224110956393
flatline-2-seed-9,flatline,2,9,"[""Fp1"", ""O1""]",csp_lda,sub-001_run-12_sample-7312,12,7312,7472,7952,45.7,TASK2T2,1,4.1,1,0,0.999974573913594,2.5426086405998496e-05
flatline-2-seed-9,flatline,2,9,"[""Fp1"", ""O1""]",csp_lda,sub-001_run-12_sample-8640,12,8640,8800,9280,54.0,TASK2T2,1,4.1,1,0,0.8590159562617992,0.14098404373820086
flatline-2-seed-9,flatline,2,9,"[""Fp1"", ""O1""]",csp_lda,sub-001_run-12_sample-9968,12,9968,10128,10608,62.3,TASK2T1,0,4.1,0,0,0.9999883278208068,1.1672179193207354e-05
flatline-2-seed-9,flatline,2,9,"[""Fp1"", ""O1""]",csp_lda,sub-001_run-12_sample-11296,12,11296,11456,11936,70.6,TASK2T1,0,4.1,0,0,0.9999999338954175,6.610458242033785e-08
flatline-2-seed-9,flatline,2,9,"[""Fp1"", ""O1""]",csp_lda,sub-001_run-12_sample-12624,12,12624,12784,13264,78.9,TASK2T2,1,4.1,1,0,0.9999944160026919,5.583997308132277e-06
flatline-2-seed-9,flatline,2,9,"[""Fp1"", ""O1""]",csp_lda,sub-001_run-12_sample-13952,12,13952,14112,14592,87.2,TASK2T2,1,4.1,1,0,0.9999967053347685,3.294665231565172e-06
flatline-2-seed-9,flatline,2,9,"[""Fp1"", ""O1""]",csp_lda,sub-001_run-12_sample-15280,12,15280,15440,15920,95.5,TASK2T1,0,4.1,0,0,0.9999998762533687,1.2374663127668907e-07
flatline-2-seed-9,flatline,2,9,"[""Fp1"", ""O1""]",csp_lda,sub-001_run-12_sample-16608,12,16608,16768,17248,103.8,TASK2T2,1,4.1,1,0,0.9999990439875902,9.560124097556002e-07
flatline-2-seed-9,flatline,2,9,"[""Fp1"", ""O1""]",csp_lda,sub-001_run-12_sample-17936,12,17936,18096,18576,112.1,TASK2T1,0,4.1,0,0,0.9999940294591668,5.970540833128881e-06
flatline-2-seed-9,flatline,2,9,"[""Fp1"", ""O1""]",csp_lda,sub-001_run-12_sample-19264,12,19264,19424,19904,120.4,TASK2T2,1,4.1,1,0,0.9981204525145122,0.0018795474854878457
flatline-2-seed-9,flatline,2,9,"[""Fp1"", ""O1""]",bandpower_lda,sub-001_run-12_sample-672,12,672,832,1312,4.2,TASK2T2,1,4.1,1,0,1.0,9.056086059009676e-32
flatline-2-seed-9,flatline,2,9,"[""Fp1"", ""O1""]",bandpower_lda,sub-001_run-12_sample-2000,12,2000,2160,2640,12.5,TASK2T1,0,4.1,0,0,1.0,1.9500396458016815e-29
flatline-2-seed-9,flatline,2,9,"[""Fp1"", ""O1""]",bandpower_lda,sub-001_run-12_sample-3328,12,3328,3488,3968,20.8,TASK2T2,1,4.1,1,0,1.0,1.9914398800599254e-30
flatline-2-seed-9,flatline,2,9,"[""Fp1"", ""O1""]",bandpower_lda,sub-001_run-12_sample-4656,12,4656,4816,5296,29.1,TASK2T1,0,4.1,0,0,1.0,9.842913381620736e-34
flatline-2-seed-9,flatline,2,9,"[""Fp1"", ""O1""]",bandpower_lda,sub-001_run-12_sample-5984,12,5984,6144,6624,37.4,TASK2T1,0,4.1,0,0,1.0,2.1829864094418276e-31
flatline-2-seed-9,flatline,2,9,"[""Fp1"", ""O1""]",bandpower_lda,sub-001_run-12_sample-7312,12,7312,7472,7952,45.7,TASK2T2,1,4.1,1,0,1.0,4.0805732543304983e-22
flatline-2-seed-9,flatline,2,9,"[""Fp1"", ""O1""]",bandpower_lda,sub-001_run-12_sample-8640,12,8640,8800,9280,54.0,TASK2T2,1,4.1,1,0,1.0,1.0996818992434707e-28
flatline-2-seed-9,flatline,2,9,"[""Fp1"", ""O1""]",bandpower_lda,sub-001_run-12_sample-9968,12,9968,10128,10608,62.3,TASK2T1,0,4.1,0,0,1.0,1.450260097443027e-28
flatline-2-seed-9,flatline,2,9,"[""Fp1"", ""O1""]",bandpower_lda,sub-001_run-12_sample-11296,12,11296,11456,11936,70.6,TASK2T1,0,4.1,0,0,1.0,9.590090945449763e-24
flatline-2-seed-9,flatline,2,9,"[""Fp1"", ""O1""]",bandpower_lda,sub-001_run-12_sample-12624,12,12624,12784,13264,78.9,TASK2T2,1,4.1,1,0,1.0,2.052934827851073e-30
flatline-2-seed-9,flatline,2,9,"[""Fp1"", ""O1""]",bandpower_lda,sub-001_run-12_sample-13952,12,13952,14112,14592,87.2,TASK2T2,1,4.1,1,0,1.0,1.0158116509178868e-31
flatline-2-seed-9,flatline,2,9,"[""Fp1"", ""O1""]",bandpower_lda,sub-001_run-12_sample-15280,12,15280,15440,15920,95.5,TASK2T1,0,4.1,0,0,1.0,5.102414057609554e-35
flatline-2-seed-9,flatline,2,9,"[""Fp1"", ""O1""]",bandpower_lda,sub-001_run-12_sample-16608,12,16608,16768,17248,103.8,TASK2T2,1,4.1,1,0,1.0,3.1345122501318922e-37
flatline-2-seed-9,flatline,2,9,"[""Fp1"", ""O1""]",bandpower_lda,sub-001_run-12_sample-17936,12,17936,18096,18576,112.1,TASK2T1,0,4.1,0,0,1.0,3.23853425306562e-34
flatline-2-seed-9,flatline,2,9,"[""Fp1"", ""O1""]",bandpower_lda,sub-001_run-12_sample-19264,12,19264,19424,19904,120.4,TASK2T2,1,4.1,1,0,1.0,1.1166705548337118e-32
flatline-4-seed-0,flatline,4,0,"[""Cp1"", ""F6"", ""Af4"", ""C3""]",csp_lda,sub-001_run-12_sample-672,12,672,832,1312,4.2,TASK2T2,1,4.1,1,1,0.00017089804418268795,0.9998291019558173
flatline-4-seed-0,flatline,4,0,"[""Cp1"", ""F6"", ""Af4"", ""C3""]",csp_lda,sub-001_run-12_sample-2000,12,2000,2160,2640,12.5,TASK2T1,0,4.1,0,1,0.0020424469840626402,0.9979575530159374
flatline-4-seed-0,flatline,4,0,"[""Cp1"", ""F6"", ""Af4"", ""C3""]",csp_lda,sub-001_run-12_sample-3328,12,3328,3488,3968,20.8,TASK2T2,1,4.1,1,1,0.27179696948118803,0.728203030518812
flatline-4-seed-0,flatline,4,0,"[""Cp1"", ""F6"", ""Af4"", ""C3""]",csp_lda,sub-001_run-12_sample-4656,12,4656,4816,5296,29.1,TASK2T1,0,4.1,0,1,0.0014782112986730933,0.9985217887013269
flatline-4-seed-0,flatline,4,0,"[""Cp1"", ""F6"", ""Af4"", ""C3""]",csp_lda,sub-001_run-12_sample-5984,12,5984,6144,6624,37.4,TASK2T1,0,4.1,0,1,0.024129616184556446,0.9758703838154436
flatline-4-seed-0,flatline,4,0,"[""Cp1"", ""F6"", ""Af4"", ""C3""]",csp_lda,sub-001_run-12_sample-7312,12,7312,7472,7952,45.7,TASK2T2,1,4.1,1,1,0.013692796047965139,0.9863072039520349
flatline-4-seed-0,flatline,4,0,"[""Cp1"", ""F6"", ""Af4"", ""C3""]",csp_lda,sub-001_run-12_sample-8640,12,8640,8800,9280,54.0,TASK2T2,1,4.1,1,1,0.00013456407188094932,0.999865435928119
flatline-4-seed-0,flatline,4,0,"[""Cp1"", ""F6"", ""Af4"", ""C3""]",csp_lda,sub-001_run-12_sample-9968,12,9968,10128,10608,62.3,TASK2T1,0,4.1,0,1,0.10089805883486269,0.8991019411651373
flatline-4-seed-0,flatline,4,0,"[""Cp1"", ""F6"", ""Af4"", ""C3""]",csp_lda,sub-001_run-12_sample-11296,12,11296,11456,11936,70.6,TASK2T1,0,4.1,0,0,0.8681438310121516,0.13185616898784833
flatline-4-seed-0,flatline,4,0,"[""Cp1"", ""F6"", ""Af4"", ""C3""]",csp_lda,sub-001_run-12_sample-12624,12,12624,12784,13264,78.9,TASK2T2,1,4.1,1,1,0.14509380458798615,0.8549061954120138
flatline-4-seed-0,flatline,4,0,"[""Cp1"", ""F6"", ""Af4"", ""C3""]",csp_lda,sub-001_run-12_sample-13952,12,13952,14112,14592,87.2,TASK2T2,1,4.1,1,0,0.7187233963046386,0.28127660369536145
flatline-4-seed-0,flatline,4,0,"[""Cp1"", ""F6"", ""Af4"", ""C3""]",csp_lda,sub-001_run-12_sample-15280,12,15280,15440,15920,95.5,TASK2T1,0,4.1,0,0,0.9945390704423241,0.0054609295576758315
flatline-4-seed-0,flatline,4,0,"[""Cp1"", ""F6"", ""Af4"", ""C3""]",csp_lda,sub-001_run-12_sample-16608,12,16608,16768,17248,103.8,TASK2T2,1,4.1,1,0,0.991490809007451,0.008509190992548973
flatline-4-seed-0,flatline,4,0,"[""Cp1"", ""F6"", ""Af4"", ""C3""]",csp_lda,sub-001_run-12_sample-17936,12,17936,18096,18576,112.1,TASK2T1,0,4.1,0,0,0.6455477696093832,0.3544522303906168
flatline-4-seed-0,flatline,4,0,"[""Cp1"", ""F6"", ""Af4"", ""C3""]",csp_lda,sub-001_run-12_sample-19264,12,19264,19424,19904,120.4,TASK2T2,1,4.1,1,1,0.004395165792513311,0.9956048342074867
flatline-4-seed-0,flatline,4,0,"[""Cp1"", ""F6"", ""Af4"", ""C3""]",bandpower_lda,sub-001_run-12_sample-672,12,672,832,1312,4.2,TASK2T2,1,4.1,1,0,1.0,4.1918652049040496e-78
flatline-4-seed-0,flatline,4,0,"[""Cp1"", ""F6"", ""Af4"", ""C3""]",bandpower_lda,sub-001_run-12_sample-2000,12,2000,2160,2640,12.5,TASK2T1,0,4.1,0,0,1.0,7.49846456147297e-76
flatline-4-seed-0,flatline,4,0,"[""Cp1"", ""F6"", ""Af4"", ""C3""]",bandpower_lda,sub-001_run-12_sample-3328,12,3328,3488,3968,20.8,TASK2T2,1,4.1,1,0,1.0,1.0777964645730272e-77
flatline-4-seed-0,flatline,4,0,"[""Cp1"", ""F6"", ""Af4"", ""C3""]",bandpower_lda,sub-001_run-12_sample-4656,12,4656,4816,5296,29.1,TASK2T1,0,4.1,0,0,1.0,2.35017372840184e-80
flatline-4-seed-0,flatline,4,0,"[""Cp1"", ""F6"", ""Af4"", ""C3""]",bandpower_lda,sub-001_run-12_sample-5984,12,5984,6144,6624,37.4,TASK2T1,0,4.1,0,0,1.0,3.5645596279740606e-79
flatline-4-seed-0,flatline,4,0,"[""Cp1"", ""F6"", ""Af4"", ""C3""]",bandpower_lda,sub-001_run-12_sample-7312,12,7312,7472,7952,45.7,TASK2T2,1,4.1,1,0,1.0,8.796987878373373e-70
flatline-4-seed-0,flatline,4,0,"[""Cp1"", ""F6"", ""Af4"", ""C3""]",bandpower_lda,sub-001_run-12_sample-8640,12,8640,8800,9280,54.0,TASK2T2,1,4.1,1,0,1.0,7.681047850186694e-76
flatline-4-seed-0,flatline,4,0,"[""Cp1"", ""F6"", ""Af4"", ""C3""]",bandpower_lda,sub-001_run-12_sample-9968,12,9968,10128,10608,62.3,TASK2T1,0,4.1,0,0,1.0,7.240962727528635e-75
flatline-4-seed-0,flatline,4,0,"[""Cp1"", ""F6"", ""Af4"", ""C3""]",bandpower_lda,sub-001_run-12_sample-11296,12,11296,11456,11936,70.6,TASK2T1,0,4.1,0,0,1.0,6.0602117070721365e-71
flatline-4-seed-0,flatline,4,0,"[""Cp1"", ""F6"", ""Af4"", ""C3""]",bandpower_lda,sub-001_run-12_sample-12624,12,12624,12784,13264,78.9,TASK2T2,1,4.1,1,0,1.0,1.4605509811243904e-77
flatline-4-seed-0,flatline,4,0,"[""Cp1"", ""F6"", ""Af4"", ""C3""]",bandpower_lda,sub-001_run-12_sample-13952,12,13952,14112,14592,87.2,TASK2T2,1,4.1,1,0,1.0,1.854807253230395e-79
flatline-4-seed-0,flatline,4,0,"[""Cp1"", ""F6"", ""Af4"", ""C3""]",bandpower_lda,sub-001_run-12_sample-15280,12,15280,15440,15920,95.5,TASK2T1,0,4.1,0,0,1.0,2.9835764402249857e-82
flatline-4-seed-0,flatline,4,0,"[""Cp1"", ""F6"", ""Af4"", ""C3""]",bandpower_lda,sub-001_run-12_sample-16608,12,16608,16768,17248,103.8,TASK2T2,1,4.1,1,0,1.0,9.156303644063614e-85
flatline-4-seed-0,flatline,4,0,"[""Cp1"", ""F6"", ""Af4"", ""C3""]",bandpower_lda,sub-001_run-12_sample-17936,12,17936,18096,18576,112.1,TASK2T1,0,4.1,0,0,1.0,1.2229285300857497e-81
flatline-4-seed-0,flatline,4,0,"[""Cp1"", ""F6"", ""Af4"", ""C3""]",bandpower_lda,sub-001_run-12_sample-19264,12,19264,19424,19904,120.4,TASK2T2,1,4.1,1,0,1.0,1.2668478339796345e-79
flatline-4-seed-1,flatline,4,1,"[""Oz"", ""Af7"", ""F8"", ""Af3""]",csp_lda,sub-001_run-12_sample-672,12,672,832,1312,4.2,TASK2T2,1,4.1,1,0,0.7069603706663974,0.29303962933360267
flatline-4-seed-1,flatline,4,1,"[""Oz"", ""Af7"", ""F8"", ""Af3""]",csp_lda,sub-001_run-12_sample-2000,12,2000,2160,2640,12.5,TASK2T1,0,4.1,0,0,0.9993955324475361,0.0006044675524638511
flatline-4-seed-1,flatline,4,1,"[""Oz"", ""Af7"", ""F8"", ""Af3""]",csp_lda,sub-001_run-12_sample-3328,12,3328,3488,3968,20.8,TASK2T2,1,4.1,1,0,0.9992370916815466,0.0007629083184533345
flatline-4-seed-1,flatline,4,1,"[""Oz"", ""Af7"", ""F8"", ""Af3""]",csp_lda,sub-001_run-12_sample-4656,12,4656,4816,5296,29.1,TASK2T1,0,4.1,0,1,0.47874354642873274,0.5212564535712673
flatline-4-seed-1,flatline,4,1,"[""Oz"", ""Af7"", ""F8"", ""Af3""]",csp_lda,sub-001_run-12_sample-5984,12,5984,6144,6624,37.4,TASK2T1,0,4.1,0,0,0.9231041258078875,0.07689587419211255
flatline-4-seed-1,flatline,4,1,"[""Oz"", ""Af7"", ""F8"", ""Af3""]",csp_lda,sub-001_run-12_sample-7312,12,7312,7472,7952,45.7,TASK2T2,1,4.1,1,0,0.9995161124457007,0.0004838875542993003
flatline-4-seed-1,flatline,4,1,"[""Oz"", ""Af7"", ""F8"", ""Af3""]",csp_lda,sub-001_run-12_sample-8640,12,8640,8800,9280,54.0,TASK2T2,1,4.1,1,1,0.40983924041865516,0.5901607595813448
flatline-4-seed-1,flatline,4,1,"[""Oz"", ""Af7"", ""F8"", ""Af3""]",csp_lda,sub-001_run-12_sample-9968,12,9968,10128,10608,62.3,TASK2T1,0,4.1,0,0,0.9998166756940733,0.000183324305926666
flatline-4-seed-1,flatline,4,1,"[""Oz"", ""Af7"", ""F8"", ""Af3""]",csp_lda,sub-001_run-12_sample-11296,12,11296,11456,11936,70.6,TASK2T1,0,4.1,0,0,0.9999972942798622,2.70572013779112e-06
flatline-4-seed-1,flatline,4,1,"[""Oz"", ""Af7"", ""F8"", ""Af3""]",csp_lda,sub-001_run-12_sample-12624,12,12624,12784,13264,78.9,TASK2T2,1,4.1,1,0,0.9996534933951376,0.00034650660486236875
flatline-4-seed-1,flatline,4,1,"[""Oz"", ""Af7"", ""F8"", ""Af3""]",csp_lda,sub-001_run-12_sample-13952,12,13952,14112,14592,87.2,TASK2T2,1,4.1,1,0,0.9990712839423576,0.0009287160576424663
flatline-4-seed-1,flatline,4,1,"[""Oz"", ""Af7"", ""F8"", ""Af3""]",csp_lda,sub-001_run-12_sample-15280,12,15280,15440,15920,95.5,TASK2T1,0,4.1,0,0,0.9999991012825431,8.9871745693359e-07
flatline-4-seed-1,flatline,4,1,"[""Oz"", ""Af7"", ""F8"", ""Af3""]",csp_lda,sub-001_run-12_sample-16608,12,16608,16768,17248,103.8,TASK2T2,1,4.1,1,0,0.9995987510801945,0.00040124891980553983
flatline-4-seed-1,flatline,4,1,"[""Oz"", ""Af7"", ""F8"", ""Af3""]",csp_lda,sub-001_run-12_sample-17936,12,17936,18096,18576,112.1,TASK2T1,0,4.1,0,0,0.9986499845420699,0.0013500154579300788
flatline-4-seed-1,flatline,4,1,"[""Oz"", ""Af7"", ""F8"", ""Af3""]",csp_lda,sub-001_run-12_sample-19264,12,19264,19424,19904,120.4,TASK2T2,1,4.1,1,0,0.9161088430017954,0.08389115699820462
flatline-4-seed-1,flatline,4,1,"[""Oz"", ""Af7"", ""F8"", ""Af3""]",bandpower_lda,sub-001_run-12_sample-672,12,672,832,1312,4.2,TASK2T2,1,4.1,1,0,1.0,9.127514080859101e-97
flatline-4-seed-1,flatline,4,1,"[""Oz"", ""Af7"", ""F8"", ""Af3""]",bandpower_lda,sub-001_run-12_sample-2000,12,2000,2160,2640,12.5,TASK2T1,0,4.1,0,0,1.0,2.149720404583021e-94
flatline-4-seed-1,flatline,4,1,"[""Oz"", ""Af7"", ""F8"", ""Af3""]",bandpower_lda,sub-001_run-12_sample-3328,12,3328,3488,3968,20.8,TASK2T2,1,4.1,1,0,1.0,4.043175198438023e-96
flatline-4-seed-1,flatline,4,1,"[""Oz"", ""Af7"", ""F8"", ""Af3""]",bandpower_lda,sub-001_run-12_sample-4656,12,4656,4816,5296,29.1,TASK2T1,0,4.1,0,0,1.0,1.7236428759065014e-98
flatline-4-seed-1,flatline,4,1,"[""Oz"", ""Af7"", ""F8"", ""Af3""]",bandpower_lda,sub-001_run-12_sample-5984,12,5984,6144,6624,37.4,TASK2T1,0,4.1,0,0,1.0,5.844743343102177e-98
flatline-4-seed-1,flatline,4,1,"[""Oz"", ""Af7"", ""F8"", ""Af3""]",bandpower_lda,sub-001_run-12_sample-7312,12,7312,7472,7952,45.7,TASK2T2,1,4.1,1,0,1.0,1.2088139162769363e-87
flatline-4-seed-1,flatline,4,1,"[""Oz"", ""Af7"", ""F8"", ""Af3""]",bandpower_lda,sub-001_run-12_sample-8640,12,8640,8800,9280,54.0,TASK2T2,1,4.1,1,0,1.0,1.6710295066209904e-94
flatline-4-seed-1,flatline,4,1,"[""Oz"", ""Af7"", ""F8"", ""Af3""]",bandpower_lda,sub-001_run-12_sample-9968,12,9968,10128,10608,62.3,TASK2T1,0,4.1,0,0,1.0,1.2475315555288272e-93
flatline-4-seed-1,flatline,4,1,"[""Oz"", ""Af7"", ""F8"", ""Af3""]",bandpower_lda,sub-001_run-12_sample-11296,12,11296,11456,11936,70.6,TASK2T1,0,4.1,0,0,1.0,1.1709125633166915e-88
flatline-4-seed-1,flatline,4,1,"[""Oz"", ""Af7"", ""F8"", ""Af3""]",bandpower_lda,sub-001_run-12_sample-12624,12,12624,12784,13264,78.9,TASK2T2,1,4.1,1,0,1.0,2.440150540804407e-95
flatline-4-seed-1,flatline,4,1,"[""Oz"", ""Af7"", ""F8"", ""Af3""]",bandpower_lda,sub-001_run-12_sample-13952,12,13952,14112,14592,87.2,TASK2T2,1,4.1,1,0,1.0,3.006945635002814e-97
flatline-4-seed-1,flatline,4,1,"[""Oz"", ""Af7"", ""F8"", ""Af3""]",bandpower_lda,sub-001_run-12_sample-15280,12,15280,15440,15920,95.5,TASK2T1,0,4.1,0,0,1.0,1.3951782647869967e-100
flatline-4-seed-1,flatline,4,1,"[""Oz"", ""Af7"", ""F8"", ""Af3""]",bandpower_lda,sub-001_run-12_sample-16608,12,16608,16768,17248,103.8,TASK2T2,1,4.1,1,0,1.0,8.008366464232567e-103
flatline-4-seed-1,flatline,4,1,"[""Oz"", ""Af7"", ""F8"", ""Af3""]",bandpower_lda,sub-001_run-12_sample-17936,12,17936,18096,18576,112.1,TASK2T1,0,4.1,0,0,1.0,3.0237446662416335e-99
flatline-4-seed-1,flatline,4,1,"[""Oz"", ""Af7"", ""F8"", ""Af3""]",bandpower_lda,sub-001_run-12_sample-19264,12,19264,19424,19904,120.4,TASK2T2,1,4.1,1,0,1.0,8.414286099326066e-98
flatline-4-seed-2,flatline,4,2,"[""P7"", ""Af4"", ""Af8"", ""Af3""]",csp_lda,sub-001_run-12_sample-672,12,672,832,1312,4.2,TASK2T2,1,4.1,1,0,0.9734780276030418,0.02652197239695824
flatline-4-seed-2,flatline,4,2,"[""P7"", ""Af4"", ""Af8"", ""Af3""]",csp_lda,sub-001_run-12_sample-2000,12,2000,2160,2640,12.5,TASK2T1,0,4.1,0,0,0.9942765437339389,0.0057234562660610335
flatline-4-seed-2,flatline,4,2,"[""P7"", ""Af4"", ""Af8"", ""Af3""]",csp_lda,sub-001_run-12_sample-3328,12,3328,3488,3968,20.8,TASK2T2,1,4.1,1,0,0.99966969870295,0.0003303012970500162
flatline-4-seed-2,flatline,4,2,"[""P7"", ""Af4"", ""Af8"", ""Af3""]",csp_lda,sub-001_run-12_sample-4656,12,4656,4816,5296,29.1,TASK2T1,0,4.1,0,0,0.9975299854920666,0.002470014507933378
flatline-4-seed-2,flatline,4,2,"[""P7"", ""Af4"", ""Af8"", ""Af3""]",csp_lda,sub-001_run-12_sample-5984,12,5984,6144,6624,37.4,TASK2T1,0,4.1,0,0,0.9988065573564286,0.0011934426435713833
flatline-4-seed-2,flatline,4,2,"[""P7"", ""Af4"", ""Af8"", ""Af3""]",csp_lda,sub-001_run-12_sample-7312,12,7312,7472,7952,45.7,TASK2T2,1,4.1,1,0,0.9844863855092382,0.015513614490761803
flatline-4-seed-2,flatline,4,2,"[""P7"", ""Af4"", ""Af8"", ""Af3""]",csp_lda,sub-001_run-12_sample-8640,12,8640,8800,9280,54.0,TASK2T2,1,4.1,1,0,0.6280369279519793,0.37196307204802065
flatline-4-seed-2,flatline,4,2,"[""P7"", ""Af4"", ""Af8"", ""Af3""]",csp_lda,sub-001_run-12_sample-9968,12,9968,10128,10608,62.3,TASK2T1,0,4.1,0,0,0.9997894899738543,0.00021051002614572606
flatline-4-seed-2,flatline,4,2,"[""P7"", ""Af4"", ""Af8"", ""Af3""]",csp_lda,sub-001_run-12_sample-11296,12,11296,11456,11936,70.6,TASK2T1,0,4.1,0,0,0.9998163404617728,0.00018365953822721326
flatline-4-seed-2,flatline,4,2,"[""P7"", ""Af4"", ""Af8"", ""Af3""]",csp_lda,sub-001_run-12_sample-12624,12,12624,12784,13264,78.9,TASK2T2,1,4.1,1,0,0.9998832677670402,0.00011673223295987752
flatline-4-seed-2,flatline,4,2,"[""P7"", ""Af4"", ""Af8"", ""Af3""]",csp_lda,sub-001_run-12_sample-13952,12,13952,14112,14592,87.2,TASK2T2,1,4.1,1,0,0.9999973429770784,2.657022921520465e-06
flatline-4-seed-2,flatline,4,2,"[""P7"", ""Af4"", ""Af8"", ""Af3""]",csp_lda,sub-001_run-12_sample-15280,12,15280,15440,15920,95.5,TASK2T1,0,4.1,0,0,0.9999998378345482,1.6216545185845933e-07
flatline-4-seed-2,flatline,4,2,"[""P7"", ""Af4"", ""Af8"", ""Af3""]",csp_lda,sub-001_run-12_sample-16608,12,16608,16768,17248,103.8,TASK2T2,1,4.1,1,0,0.9999948377103816,5.162289618480328e-06
flatline-4-seed-2,flatline,4,2,"[""P7"", ""Af4"", ""Af8"", ""Af3""]",csp_lda,sub-001_run-12_sample-17936,12,17936,18096,18576,112.1,TASK2T1,0,4.1,0,0,0.9999908963112963,9.103688703670059e-06
flatline-4-seed-2,flatline,4,2,"[""P7"", ""Af4"", ""Af8"", ""Af3""]",csp_lda,sub-001_run-12_sample-19264,12,19264,19424,19904,120.4,TASK2T2,1,4.1,1,0,0.9965538532568157,0.0034461467431843636
flatline-4-seed-2,flatline,4,2,"[""P7"", ""Af4"", ""Af8"", ""Af3""]",bandpower_lda,sub-001_run-12_sample-672,12,672,832,1312,4.2,TASK2T2,1,4.1,1,0,1.0,2.2197534961348342e-83
flatline-4-seed-2,flatline,4,2,"[""P7"", ""Af4"", ""Af8"", ""Af3""]",bandpower_lda,sub-001_run-12_sample-2000,12,2000,2160,2640,12.5,TASK2T1,0,4.1,0,0,1.0,8.161689222159996e-81
flatline-4-seed-2,flatline,4,2,"[""P7"", ""Af4"", ""Af8"", ""Af3""]",bandpower_lda,sub-001_run-12_sample-3328,12,3328,3488,3968,20.8,TASK2T2,1,4.1,1,0,1.0,1.2712632834453187e-83
flatline-4-seed-2,flatline,4,2,"[""P7"", ""Af4"", ""Af8"", ""Af3""]",bandpower_lda,sub-001_run-12_sample-4656,12,4656,4816,5296,29.1,TASK2T1,0,4.1,0,0,1.0,2.9840712078593697e-86
flatline-4-seed-2,flatline,4,2,"[""P7"", ""Af4"", ""Af8"", ""Af3""]",bandpower_lda,sub-001_run-12_sample-5984,12,5984,6144,6624,37.4,TASK2T1,0,4.1,0,0,1.0,1.3342600528809188e-84
flatline-4-seed-2,flatline,4,2,"[""P7"", ""Af4"", ""Af8"", ""Af3""]",bandpower_lda,sub-001_run-12_sample-7312,12,7312,7472,7952,45.7,TASK2T2,1,4.1,1,0,1.0,2.1758365106255931e-75
flatline-4-seed-2,flatline,4,2,"[""P7"", ""Af4"", ""Af8"", ""Af3""]",bandpower_lda,sub-001_run-12_sample-8640,12,8640,8800,9280,54.0,TASK2T2,1,4.1,1,0,1.0,2.4658116600723797e-81
flatline-4-seed-2,flatline,4,2,"[""P7"", ""Af4"", ""Af8"", ""Af3""]",bandpower_lda,sub-001_run-12_sample-9968,12,9968,10128,10608,62.3,TASK2T1,0,4.1,0,0,1.0,1.2984445649627592e-80
flatline-4-seed-2,flatline,4,2,"[""P7"", ""Af4"", ""Af8"", ""Af3""]",bandpower_lda,sub-001_run-12_sample-11296,12,11296,11456,11936,70.6,TASK2T1,0,4.1,0,0,1.0,2.2299275161092787e-77
flatline-4-seed-2,flatline,4,2,"[""P7"", ""Af4"", ""Af8"", ""Af3""]",bandpower_lda,sub-001_run-12_sample-12624,12,12624,12784,13264,78.9,TASK2T2,1,4.1,1,0,1.0,8.199645497032313e-83
flatline-4-seed-2,flatline,4,2,"[""P7"", ""Af4"", ""Af8"", ""Af3""]",bandpower_lda,sub-001_run-12_sample-13952,12,13952,14112,14592,87.2,TASK2T2,1,4.1,1,0,1.0,1.7091758256982073e-85
flatline-4-seed-2,flatline,4,2,"[""P7"", ""Af4"", ""Af8"", ""Af3""]",bandpower_lda,sub-001_run-12_sample-15280,12,15280,15440,15920,95.5,TASK2T1,0,4.1,0,0,1.0,1.852737965139754e-87
flatline-4-seed-2,flatline,4,2,"[""P7"", ""Af4"", ""Af8"", ""Af3""]",bandpower_lda,sub-001_run-12_sample-16608,12,16608,16768,17248,103.8,TASK2T2,1,4.1,1,0,1.0,2.3286219044196696e-89
flatline-4-seed-2,flatline,4,2,"[""P7"", ""Af4"", ""Af8"", ""Af3""]",bandpower_lda,sub-001_run-12_sample-17936,12,17936,18096,18576,112.1,TASK2T1,0,4.1,0,0,1.0,1.8506424337685203e-87
flatline-4-seed-2,flatline,4,2,"[""P7"", ""Af4"", ""Af8"", ""Af3""]",bandpower_lda,sub-001_run-12_sample-19264,12,19264,19424,19904,120.4,TASK2T2,1,4.1,1,0,1.0,6.459274859159638e-85
flatline-4-seed-3,flatline,4,3,"[""Tp7"", ""Fc5"", ""Fc2"", ""Fc1""]",csp_lda,sub-001_run-12_sample-672,12,672,832,1312,4.2,TASK2T2,1,4.1,1,1,0.00014556701782120207,0.9998544329821788
flatline-4-seed-3,flatline,4,3,"[""Tp7"", ""Fc5"", ""Fc2"", ""Fc1""]",csp_lda,sub-001_run-12_sample-2000,12,2000,2160,2640,12.5,TASK2T1,0,4.1,0,1,0.002017812705629063,0.9979821872943709
flatline-4-seed-3,flatline,4,3,"[""Tp7"", ""Fc5"", ""Fc2"", ""Fc1""]",csp_lda,sub-001_run-12_sample-3328,12,3328,3488,3968,20.8,TASK2T2,1,4.1,1,1,0.24264712123654897,0.757352878763451
flatline-4-seed-3,flatline,4,3,"[""Tp7"", ""Fc5"", ""Fc2"", ""Fc1""]",csp_lda,sub-001_run-12_sample-4656,12,4656,4816,5296,29.1,TASK2T1,0,4.1,0,1,0.0008672377841811851,0.9991327622158188
flatline-4-seed-3,flatline,4,3,"[""Tp7"", ""Fc5"", ""Fc2"", ""Fc1""]",csp_lda,sub-001_run-12_sample-5984,12,5984,6144,6624,37.4,TASK2T1,0,4.1,0,1,0.028430171495277934,0.9715698285047221
flatline-4-seed-3,flatline,4,3,"[""Tp7"", ""Fc5"", ""Fc2"", ""Fc1""]",csp_lda,sub-001_run-12_sample-7312,12,7312,7472,7952,45.7,TASK2T2,1,4.1,1,1,0.020685734983652115,0.9793142650163479
flatline-4-seed-3,flatline,4,3,"[""Tp7"", ""Fc5"", ""Fc2"", ""Fc1""]",csp_lda,sub-001_run-12_sample-8640,12,8640,8800,9280,54.0,TASK2T2,1,4.1,1,1,6.817483009280423e-05,0.9999318251699072
flatline-4-seed-3,flatline,4,3,"[""Tp7"", ""Fc5"", ""Fc2"", ""Fc1""]",csp_lda,sub-001_run-12_sample-9968,12,9968,10128,10608,62.3,TASK2T1,0,4.1,0,1,0.07771904215287473,0.9222809578471253
flatline-4-seed-3,flatline,4,3,"[""Tp7"", ""Fc5"", ""Fc2"", ""Fc1""]",csp_lda,sub-001_run-12_sample-11296,12,11296,11456,11936,70.6,TASK2T1,0,4.1,0,0,0.9341742971474385,0.06582570285256151
flatline-4-seed-3,flatline,4,3,"[""Tp7"", ""Fc5"", ""Fc2"", ""Fc1""]",csp_lda,sub-001_run-12_sample-12624,12,12624,12784,13264,78.9,TASK2T2,1,4.1,1,1,0.09433251042419766,0.9056674895758023
flatline-4-seed-3,flatline,4,3,"[""Tp7"", ""Fc5"", ""Fc2"", ""Fc1""]",csp_lda,sub-001_run-12_sample-13952,12,13952,14112,14592,87.2,TASK2T2,1,4.1,1,0,0.5458724016317489,0.45412759836825106
flatline-4-seed-3,flatline,4,3,"[""Tp7"", ""Fc5"", ""Fc2"", ""Fc1""]",csp_lda,sub-001_run-12_sample-15280,12,15280,15440,15920,95.5,TASK2T1,0,4.1,0,0,0.9949017503413713,0.0050982496586287444
flatline-4-seed-3,flatline,4,3,"[""Tp7"", ""Fc5"", ""Fc2"", ""Fc1""]",csp_lda,sub-001_run-12_sample-16608,12,16608,16768,17248,103.8,TASK2T2,1,4.1,1,0,0.9564742513510786,0.04352574864892146
flatline-4-seed-3,flatline,4,3,"[""Tp7"", ""Fc5"", ""Fc2"", ""Fc1""]",csp_lda,sub-001_run-12_sample-17936,12,17936,18096,18576,112.1,TASK2T1,0,4.1,0,0,0.5968905088508669,0.40310949114913314
flatline-4-seed-3,flatline,4,3,"[""Tp7"", ""Fc5"", ""Fc2"", ""Fc1""]",csp_lda,sub-001_run-12_sample-19264,12,19264,19424,19904,120.4,TASK2T2,1,4.1,1,1,0.00338445656334585,0.9966155434366541
flatline-4-seed-3,flatline,4,3,"[""Tp7"", ""Fc5"", ""Fc2"", ""Fc1""]",bandpower_lda,sub-001_run-12_sample-672,12,672,832,1312,4.2,TASK2T2,1,4.1,1,1,0.0,1.0
flatline-4-seed-3,flatline,4,3,"[""Tp7"", ""Fc5"", ""Fc2"", ""Fc1""]",bandpower_lda,sub-001_run-12_sample-2000,12,2000,2160,2640,12.5,TASK2T1,0,4.1,0,1,0.0,1.0
flatline-4-seed-3,flatline,4,3,"[""Tp7"", ""Fc5"", ""Fc2"", ""Fc1""]",bandpower_lda,sub-001_run-12_sample-3328,12,3328,3488,3968,20.8,TASK2T2,1,4.1,1,1,0.0,1.0
flatline-4-seed-3,flatline,4,3,"[""Tp7"", ""Fc5"", ""Fc2"", ""Fc1""]",bandpower_lda,sub-001_run-12_sample-4656,12,4656,4816,5296,29.1,TASK2T1,0,4.1,0,1,0.0,1.0
flatline-4-seed-3,flatline,4,3,"[""Tp7"", ""Fc5"", ""Fc2"", ""Fc1""]",bandpower_lda,sub-001_run-12_sample-5984,12,5984,6144,6624,37.4,TASK2T1,0,4.1,0,1,0.0,1.0
flatline-4-seed-3,flatline,4,3,"[""Tp7"", ""Fc5"", ""Fc2"", ""Fc1""]",bandpower_lda,sub-001_run-12_sample-7312,12,7312,7472,7952,45.7,TASK2T2,1,4.1,1,1,0.0,1.0
flatline-4-seed-3,flatline,4,3,"[""Tp7"", ""Fc5"", ""Fc2"", ""Fc1""]",bandpower_lda,sub-001_run-12_sample-8640,12,8640,8800,9280,54.0,TASK2T2,1,4.1,1,1,0.0,1.0
flatline-4-seed-3,flatline,4,3,"[""Tp7"", ""Fc5"", ""Fc2"", ""Fc1""]",bandpower_lda,sub-001_run-12_sample-9968,12,9968,10128,10608,62.3,TASK2T1,0,4.1,0,1,0.0,1.0
flatline-4-seed-3,flatline,4,3,"[""Tp7"", ""Fc5"", ""Fc2"", ""Fc1""]",bandpower_lda,sub-001_run-12_sample-11296,12,11296,11456,11936,70.6,TASK2T1,0,4.1,0,1,0.0,1.0
flatline-4-seed-3,flatline,4,3,"[""Tp7"", ""Fc5"", ""Fc2"", ""Fc1""]",bandpower_lda,sub-001_run-12_sample-12624,12,12624,12784,13264,78.9,TASK2T2,1,4.1,1,1,0.0,1.0
flatline-4-seed-3,flatline,4,3,"[""Tp7"", ""Fc5"", ""Fc2"", ""Fc1""]",bandpower_lda,sub-001_run-12_sample-13952,12,13952,14112,14592,87.2,TASK2T2,1,4.1,1,1,0.0,1.0
flatline-4-seed-3,flatline,4,3,"[""Tp7"", ""Fc5"", ""Fc2"", ""Fc1""]",bandpower_lda,sub-001_run-12_sample-15280,12,15280,15440,15920,95.5,TASK2T1,0,4.1,0,1,0.0,1.0
flatline-4-seed-3,flatline,4,3,"[""Tp7"", ""Fc5"", ""Fc2"", ""Fc1""]",bandpower_lda,sub-001_run-12_sample-16608,12,16608,16768,17248,103.8,TASK2T2,1,4.1,1,1,0.0,1.0
flatline-4-seed-3,flatline,4,3,"[""Tp7"", ""Fc5"", ""Fc2"", ""Fc1""]",bandpower_lda,sub-001_run-12_sample-17936,12,17936,18096,18576,112.1,TASK2T1,0,4.1,0,1,0.0,1.0
flatline-4-seed-3,flatline,4,3,"[""Tp7"", ""Fc5"", ""Fc2"", ""Fc1""]",bandpower_lda,sub-001_run-12_sample-19264,12,19264,19424,19904,120.4,TASK2T2,1,4.1,1,1,0.0,1.0
flatline-4-seed-4,flatline,4,4,"[""Fp2"", ""Poz"", ""Iz"", ""T8""]",csp_lda,sub-001_run-12_sample-672,12,672,832,1312,4.2,TASK2T2,1,4.1,1,0,0.975319021659596,0.02468097834040397
flatline-4-seed-4,flatline,4,4,"[""Fp2"", ""Poz"", ""Iz"", ""T8""]",csp_lda,sub-001_run-12_sample-2000,12,2000,2160,2640,12.5,TASK2T1,0,4.1,0,0,0.999672636777368,0.0003273632226320517
flatline-4-seed-4,flatline,4,4,"[""Fp2"", ""Poz"", ""Iz"", ""T8""]",csp_lda,sub-001_run-12_sample-3328,12,3328,3488,3968,20.8,TASK2T2,1,4.1,1,0,0.9997593290474148,0.0002406709525851879
flatline-4-seed-4,flatline,4,4,"[""Fp2"", ""Poz"", ""Iz"", ""T8""]",csp_lda,sub-001_run-12_sample-4656,12,4656,4816,5296,29.1,TASK2T1,0,4.1,0,0,0.9996239761937618,0.00037602380623825017
flatline-4-seed-4,flatline,4,4,"[""Fp2"", ""Poz"", ""Iz"", ""T8""]",csp_lda,sub-001_run-12_sample-5984,12,5984,6144,6624,37.4,TASK2T1,0,4.1,0,0,0.99984439557221,0.00015560442778996835
flatline-4-seed-4,flatline,4,4,"[""Fp2"", ""Poz"", ""Iz"", ""T8""]",csp_lda,sub-001_run-12_sample-7312,12,7312,7472,7952,45.7,TASK2T2,1,4.1,1,0,0.9999931564011058,6.843598894201371e-06
flatline-4-seed-4,flatline,4,4,"[""Fp2"", ""Poz"", ""Iz"", ""T8""]",csp_lda,sub-001_run-12_sample-8640,12,8640,8800,9280,54.0,TASK2T2,1,4.1,1,0,0.9474492183448089,0.05255078165519109
flatline-4-seed-4,flatline,4,4,"[""Fp2"", ""Poz"", ""Iz"", ""T8""]",csp_lda,sub-001_run-12_sample-9968,12,9968,10128,10608,62.3,TASK2T1,0,4.1,0,0,0.9999862338994411,1.3766100558907137e-05
flatline-4-seed-4,flatline,4,4,"[""Fp2"", ""Poz"", ""Iz"", ""T8""]",csp_lda,sub-001_run-12_sample-11296,12,11296,11456,11936,70.6,TASK2T1,0,4.1,0,0,0.9999935913986878,6.408601312204281e-06
flatline-4-seed-4,flatline,4,4,"[""Fp2"", ""Poz"", ""Iz"", ""T8""]",csp_lda,sub-001_run-12_sample-12624,12,12624,12784,13264,78.9,TASK2T2,1,4.1,1,0,0.9999959239744839,4.076025516062255e-06
flatline-4-seed-4,flatline,4,4,"[""Fp2"", ""Poz"", ""Iz"", ""T8""]",csp_lda,sub-001_run-12_sample-13952,12,13952,14112,14592,87.2,TASK2T2,1,4.1,1,0,0.9999985331887052,1.466811294811965e-06
flatline-4-seed-4,flatline,4,4,"[""Fp2"", ""Poz"", ""Iz"", ""T8""]",csp_lda,sub-001_run-12_sample-15280,12,15280,15440,15920,95.5,TASK2T1,0,4.1,0,0,0.9999997746577896,2.2534221044342937e-07
flatline-4-seed-4,flatline,4,4,"[""Fp2"", ""Poz"", ""Iz"", ""T8""]",csp_lda,sub-001_run-12_sample-16608,12,16608,16768,17248,103.8,TASK2T2,1,4.1,1,0,0.9999991096803338,8.903196662453462e-07
flatline-4-seed-4,flatline,4,4,"[""Fp2"", ""Poz"", ""Iz"", ""T8""]",csp_lda,sub-001_run-12_sample-17936,12,17936,18096,18576,112.1,TASK2T1,0,4.1,0,0,0.9999953478513416,4.652148658464104e-06
flatline-4-seed-4,flatline,4,4,"[""Fp2"", ""Poz"", ""Iz"", ""T8""]",csp_lda,sub-001_run-12_sample-19264,12,19264,19424,19904,120.4,TASK2T2,1,4.1,1,0,0.9965827727930745,0.00341722720692554
flatline-4-seed-4,flatline,4,4,"[""Fp2"", ""Poz"", ""Iz"", ""T8""]",bandpower_lda,sub-001_run-12_sample-672,12,672,832,1312,4.2,TASK2T2,1,4.1,1,0,1.0,1.2603852055837342e-43
flatline-4-seed-4,flatline,4,4,"[""Fp2"", ""Poz"", ""Iz"", ""T8""]",bandpower_lda,sub-001_run-12_sample-2000,12,2000,2160,2640,12.5,TASK2T1,0,4.1,0,0,1.0,1.1290097000290509e-41
flatline-4-seed-4,flatline,4,4,"[""Fp2"", ""Poz"", ""Iz"", ""T8""]",bandpower_lda,sub-001_run-12_sample-3328,12,3328,3488,3968,20.8,TASK2T2,1,4.1,1,0,1.0,4.4660967147325104e-43
flatline-4-seed-4,flatline,4,4,"[""Fp2"", ""Poz"", ""Iz"", ""T8""]",bandpower_lda,sub-001_run-12_sample-4656,12,4656,4816,5296,29.1,TASK2T1,0,4.1,0,0,1.0,4.2387571869502055e-46
flatline-4-seed-4,flatline,4,4,"[""Fp2"", ""Poz"", ""Iz"", ""T8""]",bandpower_lda,sub-001_run-12_sample-5984,12,5984,6144,6624,37.4,TASK2T1,0,4.1,0,0,1.0,3.8357839558925903e-44
flatline-4-seed-4,flatline,4,4,"[""Fp2"", ""Poz"", ""Iz"", ""T8""]",bandpower_lda,sub-001_run-12_sample-7312,12,7312,7472,7952,45.7,TASK2T2,1,4.1,1,0,1.0,4.5595129607625255e-35
flatline-4-seed-4,flatline,4,4,"[""Fp2"", ""Poz"", ""Iz"", ""T8""]",bandpower_lda,sub-001_run-12_sample-8640,12,8640,8800,9280,54.0,TASK2T2,1,4.1,1,0,1.0,1.4122403006988496e-41
flatline-4-seed-4,flatline,4,4,"[""Fp2"", ""Poz"", ""Iz"", ""T8""]",bandpower_lda,sub-001_run-12_sample-9968,12,9968,10128,10608,62.3,TASK2T1,0,4.1,0,0,1.0,9.012204624971375e-41
flatline-4-seed-4,flatline,4,4,"[""Fp2"", ""Poz"", ""Iz"", ""T8""]",bandpower_lda,sub-001_run-12_sample-11296,12,11296,11456,11936,70.6,TASK2T1,0,4.1,0,0,1.0,1.4878982941559665e-36
flatline-4-seed-4,flatline,4,4,"[""Fp2"", ""Poz"", ""Iz"", ""T8""]",bandpower_lda,sub-001_run-12_sample-12624,12,12624,12784,13264,78.9,TASK2T2,1,4.1,1,0,1.0,4.609222120304407e-43
flatline-4-seed-4,flatline,4,4,"[""Fp2"", ""Poz"", ""Iz"", ""T8""]",bandpower_lda,sub-001_run-12_sample-13952,12,13952,14112,14592,87.2,TASK2T2,1,4.1,1,0,1.0,1.3026475405531954e-44
flatline-4-seed-4,flatline,4,4,"[""Fp2"", ""Poz"", ""Iz"", ""T8""]",bandpower_lda,sub-001_run-12_sample-15280,12,15280,15440,15920,95.5,TASK2T1,0,4.1,0,0,1.0,2.0898225688590046e-47
flatline-4-seed-4,flatline,4,4,"[""Fp2"", ""Poz"", ""Iz"", ""T8""]",bandpower_lda,sub-001_run-12_sample-16608,12,16608,16768,17248,103.8,TASK2T2,1,4.1,1,0,1.0,2.0830078550080884e-49
flatline-4-seed-4,flatline,4,4,"[""Fp2"", ""Poz"", ""Iz"", ""T8""]",bandpower_lda,sub-001_run-12_sample-17936,12,17936,18096,18576,112.1,TASK2T1,0,4.1,0,0,1.0,2.62118202097967e-47
flatline-4-seed-4,flatline,4,4,"[""Fp2"", ""Poz"", ""Iz"", ""T8""]",bandpower_lda,sub-001_run-12_sample-19264,12,19264,19424,19904,120.4,TASK2T2,1,4.1,1,0,1.0,4.593745755006316e-45
flatline-4-seed-5,flatline,4,5,"[""F1"", ""Oz"", ""C2"", ""F3""]",csp_lda,sub-001_run-12_sample-672,12,672,832,1312,4.2,TASK2T2,1,4.1,1,1,0.11498665314282353,0.8850133468571765
flatline-4-seed-5,flatline,4,5,"[""F1"", ""Oz"", ""C2"", ""F3""]",csp_lda,sub-001_run-12_sample-2000,12,2000,2160,2640,12.5,TASK2T1,0,4.1,0,1,0.17205388087949214,0.8279461191205079
flatline-4-seed-5,flatline,4,5,"[""F1"", ""Oz"", ""C2"", ""F3""]",csp_lda,sub-001_run-12_sample-3328,12,3328,3488,3968,20.8,TASK2T2,1,4.1,1,1,0.47882444887224473,0.5211755511277553
flatline-4-seed-5,flatline,4,5,"[""F1"", ""Oz"", ""C2"", ""F3""]",csp_lda,sub-001_run-12_sample-4656,12,4656,4816,5296,29.1,TASK2T1,0,4.1,0,1,0.28661060953764295,0.713389390462357
flatline-4-seed-5,flatline,4,5,"[""F1"", ""Oz"", ""C2"", ""F3""]",csp_lda,sub-001_run-12_sample-5984,12,5984,6144,6624,37.4,TASK2T1,0,4.1,0,1,0.45136975128950707,0.5486302487104929
flatline-4-seed-5,flatline,4,5,"[""F1"", ""Oz"", ""C2"", ""F3""]",csp_lda,sub-001_run-12_sample-7312,12,7312,7472,7952,45.7,TASK2T2,1,4.1,1,0,0.9952502749470209,0.0047497250529791495
flatline-4-seed-5,flatline,4,5,"[""F1"", ""Oz"", ""C2"", ""F3""]",csp_lda,sub-001_run-12_sample-8640,12,8640,8800,9280,54.0,TASK2T2,1,4.1,1,1,0.002645996444168186,0.9973540035558318
flatline-4-seed-5,flatline,4,5,"[""F1"", ""Oz"", ""C2"", ""F3""]",csp_lda,sub-001_run-12_sample-9968,12,9968,10128,10608,62.3,TASK2T1,0,4.1,0,0,0.9761514458354704,0.023848554164529627
flatline-4-seed-5,flatline,4,5,"[""F1"", ""Oz"", ""C2"", ""F3""]",csp_lda,sub-001_run-12_sample-11296,12,11296,11456,11936,70.6,TASK2T1,0,4.1,0,0,0.9993610240681792,0.0006389759318208472
flatline-4-seed-5,flatline,4,5,"[""F1"", ""Oz"", ""C2"", ""F3""]",csp_lda,sub-001_run-12_sample-12624,12,12624,12784,13264,78.9,TASK2T2,1,4.1,1,0,0.9961514547178743,0.003848545282125723
flatline-4-seed-5,flatline,4,5,"[""F1"", ""Oz"", ""C2"", ""F3""]",csp_lda,sub-001_run-12_sample-13952,12,13952,14112,14592,87.2,TASK2T2,1,4.1,1,0,0.9968908335338741,0.0031091664661258684
flatline-4-seed-5,flatline,4,5,"[""F1"", ""Oz"", ""C2"", ""F3""]",csp_lda,sub-001_run-12_sample-15280,12,15280,15440,15920,95.5,TASK2T1,0,4.1,0,0,0.9999188132537279,8.118674627216476e-05
flatline-4-seed-5,flatline,4,5,"[""F1"", ""Oz"", ""C2"", ""F3""]",csp_lda,sub-001_run-12_sample-16608,12,16608,16768,17248,103.8,TASK2T2,1,4.1,1,0,0.9826439076633248,0.017356092336675205
flatline-4-seed-5,flatline,4,5,"[""F1"", ""Oz"", ""C2"", ""F3""]",csp_lda,sub-001_run-12_sample-17936,12,17936,18096,18576,112.1,TASK2T1,0,4.1,0,0,0.9973861376107986,0.0026138623892013207
flatline-4-seed-5,flatline,4,5,"[""F1"", ""Oz"", ""C2"", ""F3""]",csp_lda,sub-001_run-12_sample-19264,12,19264,19424,19904,120.4,TASK2T2,1,4.1,1,1,0.04552326675524365,0.9544767332447563
flatline-4-seed-5,flatline,4,5,"[""F1"", ""Oz"", ""C2"", ""F3""]",bandpower_lda,sub-001_run-12_sample-672,12,672,832,1312,4.2,TASK2T2,1,4.1,1,1,0.0,1.0
flatline-4-seed-5,flatline,4,5,"[""F1"", ""Oz"", ""C2"", ""F3""]",bandpower_lda,sub-001_run-12_sample-2000,12,2000,2160,2640,12.5,TASK2T1,0,4.1,0,1,0.0,1.0
flatline-4-seed-5,flatline,4,5,"[""F1"", ""Oz"", ""C2"", ""F3""]",bandpower_lda,sub-001_run-12_sample-3328,12,3328,3488,3968,20.8,TASK2T2,1,4.1,1,1,0.0,1.0
flatline-4-seed-5,flatline,4,5,"[""F1"", ""Oz"", ""C2"", ""F3""]",bandpower_lda,sub-001_run-12_sample-4656,12,4656,4816,5296,29.1,TASK2T1,0,4.1,0,1,0.0,1.0
flatline-4-seed-5,flatline,4,5,"[""F1"", ""Oz"", ""C2"", ""F3""]",bandpower_lda,sub-001_run-12_sample-5984,12,5984,6144,6624,37.4,TASK2T1,0,4.1,0,1,0.0,1.0
flatline-4-seed-5,flatline,4,5,"[""F1"", ""Oz"", ""C2"", ""F3""]",bandpower_lda,sub-001_run-12_sample-7312,12,7312,7472,7952,45.7,TASK2T2,1,4.1,1,1,0.0,1.0
flatline-4-seed-5,flatline,4,5,"[""F1"", ""Oz"", ""C2"", ""F3""]",bandpower_lda,sub-001_run-12_sample-8640,12,8640,8800,9280,54.0,TASK2T2,1,4.1,1,1,0.0,1.0
flatline-4-seed-5,flatline,4,5,"[""F1"", ""Oz"", ""C2"", ""F3""]",bandpower_lda,sub-001_run-12_sample-9968,12,9968,10128,10608,62.3,TASK2T1,0,4.1,0,1,0.0,1.0
flatline-4-seed-5,flatline,4,5,"[""F1"", ""Oz"", ""C2"", ""F3""]",bandpower_lda,sub-001_run-12_sample-11296,12,11296,11456,11936,70.6,TASK2T1,0,4.1,0,1,0.0,1.0
flatline-4-seed-5,flatline,4,5,"[""F1"", ""Oz"", ""C2"", ""F3""]",bandpower_lda,sub-001_run-12_sample-12624,12,12624,12784,13264,78.9,TASK2T2,1,4.1,1,1,0.0,1.0
flatline-4-seed-5,flatline,4,5,"[""F1"", ""Oz"", ""C2"", ""F3""]",bandpower_lda,sub-001_run-12_sample-13952,12,13952,14112,14592,87.2,TASK2T2,1,4.1,1,1,0.0,1.0
flatline-4-seed-5,flatline,4,5,"[""F1"", ""Oz"", ""C2"", ""F3""]",bandpower_lda,sub-001_run-12_sample-15280,12,15280,15440,15920,95.5,TASK2T1,0,4.1,0,1,0.0,1.0
flatline-4-seed-5,flatline,4,5,"[""F1"", ""Oz"", ""C2"", ""F3""]",bandpower_lda,sub-001_run-12_sample-16608,12,16608,16768,17248,103.8,TASK2T2,1,4.1,1,1,0.0,1.0
flatline-4-seed-5,flatline,4,5,"[""F1"", ""Oz"", ""C2"", ""F3""]",bandpower_lda,sub-001_run-12_sample-17936,12,17936,18096,18576,112.1,TASK2T1,0,4.1,0,1,0.0,1.0
flatline-4-seed-5,flatline,4,5,"[""F1"", ""Oz"", ""C2"", ""F3""]",bandpower_lda,sub-001_run-12_sample-19264,12,19264,19424,19904,120.4,TASK2T2,1,4.1,1,1,0.0,1.0
flatline-4-seed-6,flatline,4,6,"[""Fc4"", ""F2"", ""P6"", ""Fc2""]",csp_lda,sub-001_run-12_sample-672,12,672,832,1312,4.2,TASK2T2,1,4.1,1,1,0.17650242438822883,0.8234975756117712
flatline-4-seed-6,flatline,4,6,"[""Fc4"", ""F2"", ""P6"", ""Fc2""]",csp_lda,sub-001_run-12_sample-2000,12,2000,2160,2640,12.5,TASK2T1,0,4.1,0,1,0.36716403156599164,0.6328359684340084
flatline-4-seed-6,flatline,4,6,"[""Fc4"", ""F2"", ""P6"", ""Fc2""]",csp_lda,sub-001_run-12_sample-3328,12,3328,3488,3968,20.8,TASK2T2,1,4.1,1,0,0.9941911117189783,0.005808888281021655
flatline-4-seed-6,flatline,4,6,"[""Fc4"", ""F2"", ""P6"", ""Fc2""]",csp_lda,sub-001_run-12_sample-4656,12,4656,4816,5296,29.1,TASK2T1,0,4.1,0,0,0.7166644909526495,0.2833355090473505
flatline-4-seed-6,flatline,4,6,"[""Fc4"", ""F2"", ""P6"", ""Fc2""]",csp_lda,sub-001_run-12_sample-5984,12,5984,6144,6624,37.4,TASK2T1,0,4.1,0,0,0.980934762729098,0.019065237270902088
flatline-4-seed-6,flatline,4,6,"[""Fc4"", ""F2"", ""P6"", ""Fc2""]",csp_lda,sub-001_run-12_sample-7312,12,7312,7472,7952,45.7,TASK2T2,1,4.1,1,0,0.8534209517068128,0.1465790482931872
flatline-4-seed-6,flatline,4,6,"[""Fc4"", ""F2"", ""P6"", ""Fc2""]",csp_lda,sub-001_run-12_sample-8640,12,8640,8800,9280,54.0,TASK2T2,1,4.1,1,1,0.015036560742101135,0.9849634392578989
flatline-4-seed-6,flatline,4,6,"[""Fc4"", ""F2"", ""P6"", ""Fc2""]",csp_lda,sub-001_run-12_sample-9968,12,9968,10128,10608,62.3,TASK2T1,0,4.1,0,0,0.9810675788886006,0.018932421111399395
flatline-4-seed-6,flatline,4,6,"[""Fc4"", ""F2"", ""P6"", ""Fc2""]",csp_lda,sub-001_run-12_sample-11296,12,11296,11456,11936,70.6,TASK2T1,0,4.1,0,0,0.9988651789119383,0.0011348210880617817
flatline-4-seed-6,flatline,4,6,"[""Fc4"", ""F2"", ""P6"", ""Fc2""]",csp_lda,sub-001_run-12_sample-12624,12,12624,12784,13264,78.9,TASK2T2,1,4.1,1,0,0.9988979286290366,0.0011020713709634325
flatline-4-seed-6,flatline,4,6,"[""Fc4"", ""F2"", ""P6"", ""Fc2""]",csp_lda,sub-001_run-12_sample-13952,12,13952,14112,14592,87.2,TASK2T2,1,4.1,1,0,0.9997363766434327,0.0002636233565672919
flatline-4-seed-6,flatline,4,6,"[""Fc4"", ""F2"", ""P6"", ""Fc2""]",csp_lda,sub-001_run-12_sample-15280,12,15280,15440,15920,95.5,TASK2T1,0,4.1,0,0,0.9999973445866903,2.6554133096730294e-06
flatline-4-seed-6,flatline,4,6,"[""Fc4"", ""F2"", ""P6"", ""Fc2""]",csp_lda,sub-001_run-12_sample-16608,12,16608,16768,17248,103.8,TASK2T2,1,4.1,1,0,0.9999831210118353,1.6878988164677573e-05
flatline-4-seed-6,flatline,4,6,"[""Fc4"", ""F2"", ""P6"", ""Fc2""]",csp_lda,sub-001_run-12_sample-17936,12,17936,18096,18576,112.1,TASK2T1,0,4.1,0,0,0.9995197247128382,0.00048027528716175483
flatline-4-seed-6,flatline,4,6,"[""Fc4"", ""F2"", ""P6"", ""Fc2""]",csp_lda,sub-001_run-12_sample-19264,12,19264,19424,19904,120.4,TASK2T2,1,4.1,1,0,0.8943174299356692,0.1056825700643308
flatline-4-seed-6,flatline,4,6,"[""Fc4"", ""F2"", ""P6"", ""Fc2""]",bandpower_lda,sub-001_run-12_sample-672,12,672,832,1312,4.2,TASK2T2,1,4.1,1,0,1.0,2.807162063706056e-20
flatline-4-seed-6,flatline,4,6,"[""Fc4"", ""F2"", ""P6"", ""Fc2""]",bandpower_lda,sub-001_run-12_sample-2000,12,2000,2160,2640,12.5,TASK2T1,0,4.1,0,0,1.0,1.735550201458735e-17
flatline-4-seed-6,flatline,4,6,"[""Fc4"", ""F2"", ""P6"", ""Fc2""]",bandpower_lda,sub-001_run-12_sample-3328,12,3328,3488,3968,20.8,TASK2T2,1,4.1,1,0,1.0,1.2077411363447884e-19
flatline-4-seed-6,flatline,4,6,"[""Fc4"", ""F2"", ""P6"", ""Fc2""]",bandpower_lda,sub-001_run-12_sample-4656,12,4656,4816,5296,29.1,TASK2T1,0,4.1,0,0,1.0,2.4342892132375377e-22
flatline-4-seed-6,flatline,4,6,"[""Fc4"", ""F2"", ""P6"", ""Fc2""]",bandpower_lda,sub-001_run-12_sample-5984,12,5984,6144,6624,37.4,TASK2T1,0,4.1,0,0,1.0,1.1161198942795478e-19
flatline-4-seed-6,flatline,4,6,"[""Fc4"", ""F2"", ""P6"", ""Fc2""]",bandpower_lda,sub-001_run-12_sample-7312,12,7312,7472,7952,45.7,TASK2T2,1,4.1,1,0,0.99999999998462,1.5380035282526363e-11
flatline-4-seed-6,flatline,4,6,"[""Fc4"", ""F2"", ""P6"", ""Fc2""]",bandpower_lda,sub-001_run-12_sample-8640,12,8640,8800,9280,54.0,TASK2T2,1,4.1,1,0,1.0,1.481081092330352e-17
flatline-4-seed-6,flatline,4,6,"[""Fc4"", ""F2"", ""P6"", ""Fc2""]",bandpower_lda,sub-001_run-12_sample-9968,12,9968,10128,10608,62.3,TASK2T1,0,4.1,0,0,0.9999999999999999,1.6306565352941282e-16
flatline-4-seed-6,flatline,4,6,"[""Fc4"", ""F2"", ""P6"", ""Fc2""]",bandpower_lda,sub-001_run-12_sample-11296,12,11296,11456,11936,70.6,TASK2T1,0,4.1,0,0,0.999999999998402,1.5980904147409389e-12
flatline-4-seed-6,flatline,4,6,"[""Fc4"", ""F2"", ""P6"", ""Fc2""]",bandpower_lda,sub-001_run-12_sample-12624,12,12624,12784,13264,78.9,TASK2T2,1,4.1,1,0,1.0,3.1540949021323976e-19
flatline-4-seed-6,flatline,4,6,"[""Fc4"", ""F2"", ""P6"", ""Fc2""]",bandpower_lda,sub-001_run-12_sample-13952,12,13952,14112,14592,87.2,TASK2T2,1,4.1,1,0,1.0,4.071712352218073e-21
flatline-4-seed-6,flatline,4,6,"[""Fc4"", ""F2"", ""P6"", ""Fc2""]",bandpower_lda,sub-001_run-12_sample-15280,12,15280,15440,15920,95.5,TASK2T1,0,4.1,0,0,1.0,1.5520678995627545e-23
flatline-4-seed-6,flatline,4,6,"[""Fc4"", ""F2"", ""P6"", ""Fc2""]",bandpower_lda,sub-001_run-12_sample-16608,12,16608,16768,17248,103.8,TASK2T2,1,4.1,1,0,1.0,1.730278696418776e-25
flatline-4-seed-6,flatline,4,6,"[""Fc4"", ""F2"", ""P6"", ""Fc2""]",bandpower_lda,sub-001_run-12_sample-17936,12,17936,18096,18576,112.1,TASK2T1,0,4.1,0,0,1.0,1.1423937670235377e-23
flatline-4-seed-6,flatline,4,6,"[""Fc4"", ""F2"", ""P6"", ""Fc2""]",bandpower_lda,sub-001_run-12_sample-19264,12,19264,19424,19904,120.4,TASK2T2,1,4.1,1,0,1.0,1.4019093777038749e-21
flatline-4-seed-7,flatline,4,7,"[""Cp1"", ""Af4"", ""P8"", ""Cz""]",csp_lda,sub-001_run-12_sample-672,12,672,832,1312,4.2,TASK2T2,1,4.1,1,1,0.04269242547823582,0.9573075745217642
flatline-4-seed-7,flatline,4,7,"[""Cp1"", ""Af4"", ""P8"", ""Cz""]",csp_lda,sub-001_run-12_sample-2000,12,2000,2160,2640,12.5,TASK2T1,0,4.1,0,1,0.34333655748851954,0.6566634425114805
flatline-4-seed-7,flatline,4,7,"[""Cp1"", ""Af4"", ""P8"", ""Cz""]",csp_lda,sub-001_run-12_sample-3328,12,3328,3488,3968,20.8,TASK2T2,1,4.1,1,0,0.9552629444179748,0.04473705558202521
flatline-4-seed-7,flatline,4,7,"[""Cp1"", ""Af4"", ""P8"", ""Cz""]",csp_lda,sub-001_run-12_sample-4656,12,4656,4816,5296,29.1,TASK2T1,0,4.1,0,1,0.29365955378518693,0.7063404462148131
flatline-4-seed-7,flatline,4,7,"[""Cp1"", ""Af4"", ""P8"", ""Cz""]",csp_lda,sub-001_run-12_sample-5984,12,5984,6144,6624,37.4,TASK2T1,0,4.1,0,0,0.9626663428967558,0.03733365710324423
flatline-4-seed-7,flatline,4,7,"[""Cp1"", ""Af4"", ""P8"", ""Cz""]",csp_lda,sub-001_run-12_sample-7312,12,7312,7472,7952,45.7,TASK2T2,1,4.1,1,0,0.8573292780959377,0.14267072190406227
flatline-4-seed-7,flatline,4,7,"[""Cp1"", ""Af4"", ""P8"", ""Cz""]",csp_lda,sub-001_run-12_sample-8640,12,8640,8800,9280,54.0,TASK2T2,1,4.1,1,1,0.007249381779412589,0.9927506182205874
flatline-4-seed-7,flatline,4,7,"[""Cp1"", ""Af4"", ""P8"", ""Cz""]",csp_lda,sub-001_run-12_sample-9968,12,9968,10128,10608,62.3,TASK2T1,0,4.1,0,0,0.7842499278110219,0.21575007218897815
flatline-4-seed-7,flatline,4,7,"[""Cp1"", ""Af4"", ""P8"", ""Cz""]",csp_lda,sub-001_run-12_sample-11296,12,11296,11456,11936,70.6,TASK2T1,0,4.1,0,0,0.9815464618912372,0.018453538108762827
flatline-4-seed-7,flatline,4,7,"[""Cp1"", ""Af4"", ""P8"", ""Cz""]",csp_lda,sub-001_run-12_sample-12624,12,12624,12784,13264,78.9,TASK2T2,1,4.1,1,0,0.978375027914051,0.021624972085949032
flatline-4-seed-7,flatline,4,7,"[""Cp1"", ""Af4"", ""P8"", ""Cz""]",csp_lda,sub-001_run-12_sample-13952,12,13952,14112,14592,87.2,TASK2T2,1,4.1,1,0,0.9986079907246618,0.0013920092753382449
flatline-4-seed-7,flatline,4,7,"[""Cp1"", ""Af4"", ""P8"", ""Cz""]",csp_lda,sub-001_run-12_sample-15280,12,15280,15440,15920,95.5,TASK2T1,0,4.1,0,0,0.9999303286313006,6.967136869943814e-05
flatline-4-seed-7,flatline,4,7,"[""Cp1"", ""Af4"", ""P8"", ""Cz""]",csp_lda,sub-001_run-12_sample-16608,12,16608,16768,17248,103.8,TASK2T2,1,4.1,1,0,0.9999682218964969,3.17781035030698e-05
flatline-4-seed-7,flatline,4,7,"[""Cp1"", ""Af4"", ""P8"", ""Cz""]",csp_lda,sub-001_run-12_sample-17936,12,17936,18096,18576,112.1,TASK2T1,0,4.1,0,0,0.9968815739269394,0.0031184260730605477
flatline-4-seed-7,flatline,4,7,"[""Cp1"", ""Af4"", ""P8"", ""Cz""]",csp_lda,sub-001_run-12_sample-19264,12,19264,19424,19904,120.4,TASK2T2,1,4.1,1,1,0.4690062032237394,0.5309937967762606
flatline-4-seed-7,flatline,4,7,"[""Cp1"", ""Af4"", ""P8"", ""Cz""]",bandpower_lda,sub-001_run-12_sample-672,12,672,832,1312,4.2,TASK2T2,1,4.1,1,1,0.0,1.0
flatline-4-seed-7,flatline,4,7,"[""Cp1"", ""Af4"", ""P8"", ""Cz""]",bandpower_lda,sub-001_run-12_sample-2000,12,2000,2160,2640,12.5,TASK2T1,0,4.1,0,1,0.0,1.0
flatline-4-seed-7,flatline,4,7,"[""Cp1"", ""Af4"", ""P8"", ""Cz""]",bandpower_lda,sub-001_run-12_sample-3328,12,3328,3488,3968,20.8,TASK2T2,1,4.1,1,1,0.0,1.0
flatline-4-seed-7,flatline,4,7,"[""Cp1"", ""Af4"", ""P8"", ""Cz""]",bandpower_lda,sub-001_run-12_sample-4656,12,4656,4816,5296,29.1,TASK2T1,0,4.1,0,1,0.0,1.0
flatline-4-seed-7,flatline,4,7,"[""Cp1"", ""Af4"", ""P8"", ""Cz""]",bandpower_lda,sub-001_run-12_sample-5984,12,5984,6144,6624,37.4,TASK2T1,0,4.1,0,1,0.0,1.0
flatline-4-seed-7,flatline,4,7,"[""Cp1"", ""Af4"", ""P8"", ""Cz""]",bandpower_lda,sub-001_run-12_sample-7312,12,7312,7472,7952,45.7,TASK2T2,1,4.1,1,1,0.0,1.0
flatline-4-seed-7,flatline,4,7,"[""Cp1"", ""Af4"", ""P8"", ""Cz""]",bandpower_lda,sub-001_run-12_sample-8640,12,8640,8800,9280,54.0,TASK2T2,1,4.1,1,1,0.0,1.0
flatline-4-seed-7,flatline,4,7,"[""Cp1"", ""Af4"", ""P8"", ""Cz""]",bandpower_lda,sub-001_run-12_sample-9968,12,9968,10128,10608,62.3,TASK2T1,0,4.1,0,1,0.0,1.0
flatline-4-seed-7,flatline,4,7,"[""Cp1"", ""Af4"", ""P8"", ""Cz""]",bandpower_lda,sub-001_run-12_sample-11296,12,11296,11456,11936,70.6,TASK2T1,0,4.1,0,1,0.0,1.0
flatline-4-seed-7,flatline,4,7,"[""Cp1"", ""Af4"", ""P8"", ""Cz""]",bandpower_lda,sub-001_run-12_sample-12624,12,12624,12784,13264,78.9,TASK2T2,1,4.1,1,1,0.0,1.0
flatline-4-seed-7,flatline,4,7,"[""Cp1"", ""Af4"", ""P8"", ""Cz""]",bandpower_lda,sub-001_run-12_sample-13952,12,13952,14112,14592,87.2,TASK2T2,1,4.1,1,1,0.0,1.0
flatline-4-seed-7,flatline,4,7,"[""Cp1"", ""Af4"", ""P8"", ""Cz""]",bandpower_lda,sub-001_run-12_sample-15280,12,15280,15440,15920,95.5,TASK2T1,0,4.1,0,1,0.0,1.0
flatline-4-seed-7,flatline,4,7,"[""Cp1"", ""Af4"", ""P8"", ""Cz""]",bandpower_lda,sub-001_run-12_sample-16608,12,16608,16768,17248,103.8,TASK2T2,1,4.1,1,1,0.0,1.0
flatline-4-seed-7,flatline,4,7,"[""Cp1"", ""Af4"", ""P8"", ""Cz""]",bandpower_lda,sub-001_run-12_sample-17936,12,17936,18096,18576,112.1,TASK2T1,0,4.1,0,1,0.0,1.0
flatline-4-seed-7,flatline,4,7,"[""Cp1"", ""Af4"", ""P8"", ""Cz""]",bandpower_lda,sub-001_run-12_sample-19264,12,19264,19424,19904,120.4,TASK2T2,1,4.1,1,1,0.0,1.0
flatline-4-seed-8,flatline,4,8,"[""Cp1"", ""T10"", ""Fc3"", ""Tp8""]",csp_lda,sub-001_run-12_sample-672,12,672,832,1312,4.2,TASK2T2,1,4.1,1,1,0.0019498326450081427,0.9980501673549919
flatline-4-seed-8,flatline,4,8,"[""Cp1"", ""T10"", ""Fc3"", ""Tp8""]",csp_lda,sub-001_run-12_sample-2000,12,2000,2160,2640,12.5,TASK2T1,0,4.1,0,1,0.005037716465626452,0.9949622835343735
flatline-4-seed-8,flatline,4,8,"[""Cp1"", ""T10"", ""Fc3"", ""Tp8""]",csp_lda,sub-001_run-12_sample-3328,12,3328,3488,3968,20.8,TASK2T2,1,4.1,1,1,0.20564210310398556,0.7943578968960144
flatline-4-seed-8,flatline,4,8,"[""Cp1"", ""T10"", ""Fc3"", ""Tp8""]",csp_lda,sub-001_run-12_sample-4656,12,4656,4816,5296,29.1,TASK2T1,0,4.1,0,1,0.0020832062894252656,0.9979167937105747
flatline-4-seed-8,flatline,4,8,"[""Cp1"", ""T10"", ""Fc3"", ""Tp8""]",csp_lda,sub-001_run-12_sample-5984,12,5984,6144,6624,37.4,TASK2T1,0,4.1,0,1,0.05097641960698196,0.949023580393018
flatline-4-seed-8,flatline,4,8,"[""Cp1"", ""T10"", ""Fc3"", ""Tp8""]",csp_lda,sub-001_run-12_sample-7312,12,7312,7472,7952,45.7,TASK2T2,1,4.1,1,1,0.40969333283438136,0.5903066671656186
flatline-4-seed-8,flatline,4,8,"[""Cp1"", ""T10"", ""Fc3"", ""Tp8""]",csp_lda,sub-001_run-12_sample-8640,12,8640,8800,9280,54.0,TASK2T2,1,4.1,1,1,0.0009828252241104174,0.9990171747758896
flatline-4-seed-8,flatline,4,8,"[""Cp1"", ""T10"", ""Fc3"", ""Tp8""]",csp_lda,sub-001_run-12_sample-9968,12,9968,10128,10608,62.3,TASK2T1,0,4.1,0,1,0.3238207282803074,0.6761792717196926
flatline-4-seed-8,flatline,4,8,"[""Cp1"", ""T10"", ""Fc3"", ""Tp8""]",csp_lda,sub-001_run-12_sample-11296,12,11296,11456,11936,70.6,TASK2T1,0,4.1,0,0,0.9343317277399639,0.0656682722600361
flatline-4-seed-8,flatline,4,8,"[""Cp1"", ""T10"", ""Fc3"", ""Tp8""]",csp_lda,sub-001_run-12_sample-12624,12,12624,12784,13264,78.9,TASK2T2,1,4.1,1,1,0.3425412326482029,0.6574587673517971
flatline-4-seed-8,flatline,4,8,"[""Cp1"", ""T10"", ""Fc3"", ""Tp8""]",csp_lda,sub-001_run-12_sample-13952,12,13952,14112,14592,87.2,TASK2T2,1,4.1,1,0,0.9303905503309723,0.06960944966902771
flatline-4-seed-8,flatline,4,8,"[""Cp1"", ""T10"", ""Fc3"", ""Tp8""]",csp_lda,sub-001_run-12_sample-15280,12,15280,15440,15920,95.5,TASK2T1,0,4.1,0,0,0.9766012049489081,0.02339879505109187
flatline-4-seed-8,flatline,4,8,"[""Cp1"", ""T10"", ""Fc3"", ""Tp8""]",csp_lda,sub-001_run-12_sample-16608,12,16608,16768,17248,103.8,TASK2T2,1,4.1,1,0,0.7758995327523841,0.22410046724761584
flatline-4-seed-8,flatline,4,8,"[""Cp1"", ""T10"", ""Fc3"", ""Tp8""]",csp_lda,sub-001_run-12_sample-17936,12,17936,18096,18576,112.1,TASK2T1,0,4.1,0,0,0.949424959859323,0.05057504014067706
flatline-4-seed-8,flatline,4,8,"[""Cp1"", ""T10"", ""Fc3"", ""Tp8""]",csp_lda,sub-001_run-12_sample-19264,12,19264,19424,19904,120.4,TASK2T2,1,4.1,1,1,0.003804805234564057,0.9961951947654359
flatline-4-seed-8,flatline,4,8,"[""Cp1"", ""T10"", ""Fc3"", ""Tp8""]",bandpower_lda,sub-001_run-12_sample-672,12,672,832,1312,4.2,TASK2T2,1,4.1,1,0,1.0,7.950534863601606e-46
flatline-4-seed-8,flatline,4,8,"[""Cp1"", ""T10"", ""Fc3"", ""Tp8""]",bandpower_lda,sub-001_run-12_sample-2000,12,2000,2160,2640,12.5,TASK2T1,0,4.1,0,0,1.0,5.512197155206736e-43
flatline-4-seed-8,flatline,4,8,"[""Cp1"", ""T10"", ""Fc3"", ""Tp8""]",bandpower_lda,sub-001_run-12_sample-3328,12,3328,3488,3968,20.8,TASK2T2,1,4.1,1,0,1.0,8.792020810374282e-45
flatline-4-seed-8,flatline,4,8,"[""Cp1"", ""T10"", ""Fc3"", ""Tp8""]",bandpower_lda,sub-001_run-12_sample-4656,12,4656,4816,5296,29.1,TASK2T1,0,4.1,0,0,1.0,1.2694628158420185e-47
flatline-4-seed-8,flatline,4,8,"[""Cp1"", ""T10"", ""Fc3"", ""Tp8""]",bandpower_lda,sub-001_run-12_sample-5984,12,5984,6144,6624,37.4,TASK2T1,0,4.1,0,0,1.0,6.180314719647218e-45
flatline-4-seed-8,flatline,4,8,"[""Cp1"", ""T10"", ""Fc3"", ""Tp8""]",bandpower_lda,sub-001_run-12_sample-7312,12,7312,7472,7952,45.7,TASK2T2,1,4.1,1,0,1.0,6.894433095604998e-38
flatline-4-seed-8,flatline,4,8,"[""Cp1"", ""T10"", ""Fc3"", ""Tp8""]",bandpower_lda,sub-001_run-12_sample-8640,12,8640,8800,9280,54.0,TASK2T2,1,4.1,1,0,1.0,2.7330486230776786e-43
flatline-4-seed-8,flatline,4,8,"[""Cp1"", ""T10"", ""Fc3"", ""Tp8""]",bandpower_lda,sub-001_run-12_sample-9968,12,9968,10128,10608,62.3,TASK2T1,0,4.1,0,0,1.0,3.292470735291317e-41
flatline-4-seed-8,flatline,4,8,"[""Cp1"", ""T10"", ""Fc3"", ""Tp8""]",bandpower_lda,sub-001_run-12_sample-11296,12,11296,11456,11936,70.6,TASK2T1,0,4.1,0,0,1.0,5.772773042734206e-38
flatline-4-seed-8,flatline,4,8,"[""Cp1"", ""T10"", ""Fc3"", ""Tp8""]",bandpower_lda,sub-001_run-12_sample-12624,12,12624,12784,13264,78.9,TASK2T2,1,4.1,1,0,1.0,2.074207847519405e-44
flatline-4-seed-8,flatline,4,8,"[""Cp1"", ""T10"", ""Fc3"", ""Tp8""]",bandpower_lda,sub-001_run-12_sample-13952,12,13952,14112,14592,87.2,TASK2T2,1,4.1,1,0,1.0,3.917941379976433e-46
flatline-4-seed-8,flatline,4,8,"[""Cp1"", ""T10"", ""Fc3"", ""Tp8""]",bandpower_lda,sub-001_run-12_sample-15280,12,15280,15440,15920,95.5,TASK2T1,0,4.1,0,0,1.0,3.0443910581263265e-48
flatline-4-seed-8,flatline,4,8,"[""Cp1"", ""T10"", ""Fc3"", ""Tp8""]",bandpower_lda,sub-001_run-12_sample-16608,12,16608,16768,17248,103.8,TASK2T2,1,4.1,1,0,1.0,8.369842553302676e-50
flatline-4-seed-8,flatline,4,8,"[""Cp1"", ""T10"", ""Fc3"", ""Tp8""]",bandpower_lda,sub-001_run-12_sample-17936,12,17936,18096,18576,112.1,TASK2T1,0,4.1,0,0,1.0,2.6124316926354305e-49
flatline-4-seed-8,flatline,4,8,"[""Cp1"", ""T10"", ""Fc3"", ""Tp8""]",bandpower_lda,sub-001_run-12_sample-19264,12,19264,19424,19904,120.4,TASK2T2,1,4.1,1,0,1.0,4.5346857106853674e-46
flatline-4-seed-9,flatline,4,9,"[""Fp1"", ""O1"", ""T10"", ""F7""]",csp_lda,sub-001_run-12_sample-672,12,672,832,1312,4.2,TASK2T2,1,4.1,1,0,0.9984520750919889,0.001547924908011168
flatline-4-seed-9,flatline,4,9,"[""Fp1"", ""O1"", ""T10"", ""F7""]",csp_lda,sub-001_run-12_sample-2000,12,2000,2160,2640,12.5,TASK2T1,0,4.1,0,0,0.999742386772646,0.0002576132273540136
flatline-4-seed-9,flatline,4,9,"[""Fp1"", ""O1"", ""T10"", ""F7""]",csp_lda,sub-001_run-12_sample-3328,12,3328,3488,3968,20.8,TASK2T2,1,4.1,1,0,0.999938593869966,6.14061300340274e-05
flatline-4-seed-9,flatline,4,9,"[""Fp1"", ""O1"", ""T10"", ""F7""]",csp_lda,sub-001_run-12_sample-4656,12,4656,4816,5296,29.1,TASK2T1,0,4.1,0,0,0.9995165027289479,0.00048349727105214844
flatline-4-seed-9,flatline,4,9,"[""Fp1"", ""O1"", ""T10"", ""F7""]",csp_lda,sub-001_run-12_sample-5984,12,5984,6144,6624,37.4,TASK2T1,0,4.1,0,0,0.9991537529515606,0.000846247048439362
flatline-4-seed-9,flatline,4,9,"[""Fp1"", ""O1"", ""T10"", ""F7""]",csp_lda,sub-001_run-12_sample-7312,12,7312,7472,7952,45.7,TASK2T2,1,4.1,1,0,0.9999658066202628,3.4193379737189714e-05
flatline-4-seed-9,flatline,4,9,"[""Fp1"", ""O1"", ""T10"", ""F7""]",csp_lda,sub-001_run-12_sample-8640,12,8640,8800,9280,54.0,TASK2T2,1,4.1,1,0,0.9240613092234856,0.07593869077651436
flatline-4-seed-9,flatline,4,9,"[""Fp1"", ""O1"", ""T10"", ""F7""]",csp_lda,sub-001_run-12_sample-9968,12,9968,10128,10608,62.3,TASK2T1,0,4.1,0,0,0.9999954848784132,4.515121586782882e-06
flatline-4-seed-9,flatline,4,9,"[""Fp1"", ""O1"", ""T10"", ""F7""]",csp_lda,sub-001_run-12_sample-11296,12,11296,11456,11936,70.6,TASK2T1,0,4.1,0,0,0.9999999399384621,6.006153789024719e-08
flatline-4-seed-9,flatline,4,9,"[""Fp1"", ""O1"", ""T10"", ""F7""]",csp_lda,sub-001_run-12_sample-12624,12,12624,12784,13264,78.9,TASK2T2,1,4.1,1,0,0.9999981509098271,1.8490901728233185e-06
flatline-4-seed-9,flatline,4,9,"[""Fp1"", ""O1"", ""T10"", ""F7""]",csp_lda,sub-001_run-12_sample-13952,12,13952,14112,14592,87.2,TASK2T2,1,4.1,1,0,0.9999979705642837,2.029435716214378e-06
flatline-4-seed-9,flatline,4,9,"[""Fp1"", ""O1"", ""T10"", ""F7""]",csp_lda,sub-001_run-12_sample-15280,12,15280,15440,15920,95.5,TASK2T1,0,4.1,0,0,0.9999998928665185,1.0713348157775619e-07
flatline-4-seed-9,flatline,4,9,"[""Fp1"", ""O1"", ""T10"", ""F7""]",csp_lda,sub-001_run-12_sample-16608,12,16608,16768,17248,103.8,TASK2T2,1,4.1,1,0,0.9999993928015783,6.07198421708342e-07
flatline-4-seed-9,flatline,4,9,"[""Fp1"", ""O1"", ""T10"", ""F7""]",csp_lda,sub-001_run-12_sample-17936,12,17936,18096,18576,112.1,TASK2T1,0,4.1,0,0,0.9999945585833401,5.441416659877103e-06
flatline-4-seed-9,flatline,4,9,"[""Fp1"", ""O1"", ""T10"", ""F7""]",csp_lda,sub-001_run-12_sample-19264,12,19264,19424,19904,120.4,TASK2T2,1,4.1,1,0,0.9994329719687234,0.0005670280312766282
flatline-4-seed-9,flatline,4,9,"[""Fp1"", ""O1"", ""T10"", ""F7""]",bandpower_lda,sub-001_run-12_sample-672,12,672,832,1312,4.2,TASK2T2,1,4.1,1,0,1.0,6.4586417510741975e-59
flatline-4-seed-9,flatline,4,9,"[""Fp1"", ""O1"", ""T10"", ""F7""]",bandpower_lda,sub-001_run-12_sample-2000,12,2000,2160,2640,12.5,TASK2T1,0,4.1,0,0,1.0,1.4536568936384628e-56
flatline-4-seed-9,flatline,4,9,"[""Fp1"", ""O1"", ""T10"", ""F7""]",bandpower_lda,sub-001_run-12_sample-3328,12,3328,3488,3968,20.8,TASK2T2,1,4.1,1,0,1.0,1.2419726311436346e-57
flatline-4-seed-9,flatline,4,9,"[""Fp1"", ""O1"", ""T10"", ""F7""]",bandpower_lda,sub-001_run-12_sample-4656,12,4656,4816,5296,29.1,TASK2T1,0,4.1,0,0,1.0,6.332814108818263e-61
flatline-4-seed-9,flatline,4,9,"[""Fp1"", ""O1"", ""T10"", ""F7""]",bandpower_lda,sub-001_run-12_sample-5984,12,5984,6144,6624,37.4,TASK2T1,0,4.1,0,0,1.0,7.4507686896515066e-59
flatline-4-seed-9,flatline,4,9,"[""Fp1"", ""O1"", ""T10"", ""F7""]",bandpower_lda,sub-001_run-12_sample-7312,12,7312,7472,7952,45.7,TASK2T2,1,4.1,1,0,1.0,2.4475808232755545e-49
flatline-4-seed-9,flatline,4,9,"[""Fp1"", ""O1"", ""T10"", ""F7""]",bandpower_lda,sub-001_run-12_sample-8640,12,8640,8800,9280,54.0,TASK2T2,1,4.1,1,0,1.0,5.68689099805288e-56
flatline-4-seed-9,flatline,4,9,"[""Fp1"", ""O1"", ""T10"", ""F7""]",bandpower_lda,sub-001_run-12_sample-9968,12,9968,10128,10608,62.3,TASK2T1,0,4.1,0,0,1.0,6.7883670633684645e-56
flatline-4-seed-9,flatline,4,9,"[""Fp1"", ""O1"", ""T10"", ""F7""]",bandpower_lda,sub-001_run-12_sample-11296,12,11296,11456,11936,70.6,TASK2T1,0,4.1,0,0,1.0,4.604720190370768e-51
flatline-4-seed-9,flatline,4,9,"[""Fp1"", ""O1"", ""T10"", ""F7""]",bandpower_lda,sub-001_run-12_sample-12624,12,12624,12784,13264,78.9,TASK2T2,1,4.1,1,0,1.0,1.2823137529717224e-57
flatline-4-seed-9,flatline,4,9,"[""Fp1"", ""O1"", ""T10"", ""F7""]",bandpower_lda,sub-001_run-12_sample-13952,12,13952,14112,14592,87.2,TASK2T2,1,4.1,1,0,1.0,5.018343174651819e-59
flatline-4-seed-9,flatline,4,9,"[""Fp1"", ""O1"", ""T10"", ""F7""]",bandpower_lda,sub-001_run-12_sample-15280,12,15280,15440,15920,95.5,TASK2T1,0,4.1,0,0,1.0,2.484607914172053e-62
flatline-4-seed-9,flatline,4,9,"[""Fp1"", ""O1"", ""T10"", ""F7""]",bandpower_lda,sub-001_run-12_sample-16608,12,16608,16768,17248,103.8,TASK2T2,1,4.1,1,0,1.0,1.3801071625982988e-64
flatline-4-seed-9,flatline,4,9,"[""Fp1"", ""O1"", ""T10"", ""F7""]",bandpower_lda,sub-001_run-12_sample-17936,12,17936,18096,18576,112.1,TASK2T1,0,4.1,0,0,1.0,2.056090469428313e-61
flatline-4-seed-9,flatline,4,9,"[""Fp1"", ""O1"", ""T10"", ""F7""]",bandpower_lda,sub-001_run-12_sample-19264,12,19264,19424,19904,120.4,TASK2T2,1,4.1,1,0,1.0,6.774805795054694e-60
flatline-8-seed-0,flatline,8,0,"[""Cp1"", ""F6"", ""Af4"", ""C3"", ""Tp7"", ""Fp2"", ""P6"", ""Fc2""]",csp_lda,sub-001_run-12_sample-672,12,672,832,1312,4.2,TASK2T2,1,4.1,1,1,0.0027605162174869635,0.997239483782513
flatline-8-seed-0,flatline,8,0,"[""Cp1"", ""F6"", ""Af4"", ""C3"", ""Tp7"", ""Fp2"", ""P6"", ""Fc2""]",csp_lda,sub-001_run-12_sample-2000,12,2000,2160,2640,12.5,TASK2T1,0,4.1,0,1,0.031588582606909776,0.9684114173930902
flatline-8-seed-0,flatline,8,0,"[""Cp1"", ""F6"", ""Af4"", ""C3"", ""Tp7"", ""Fp2"", ""P6"", ""Fc2""]",csp_lda,sub-001_run-12_sample-3328,12,3328,3488,3968,20.8,TASK2T2,1,4.1,1,0,0.8655710076692517,0.13442899233074831
flatline-8-seed-0,flatline,8,0,"[""Cp1"", ""F6"", ""Af4"", ""C3"", ""Tp7"", ""Fp2"", ""P6"", ""Fc2""]",csp_lda,sub-001_run-12_sample-4656,12,4656,4816,5296,29.1,TASK2T1,0,4.1,0,1,0.01908012476470855,0.9809198752352914
flatline-8-seed-0,flatline,8,0,"[""Cp1"", ""F6"", ""Af4"", ""C3"", ""Tp7"", ""Fp2"", ""P6"", ""Fc2""]",csp_lda,sub-001_run-12_sample-5984,12,5984,6144,6624,37.4,TASK2T1,0,4.1,0,0,0.672246232190673,0.32775376780932697
flatline-8-seed-0,flatline,8,0,"[""Cp1"", ""F6"", ""Af4"", ""C3"", ""Tp7"", ""Fp2"", ""P6"", ""Fc2""]",csp_lda,sub-001_run-12_sample-7312,12,7312,7472,7952,45.7,TASK2T2,1,4.1,1,1,0.01896093569615298,0.981039064303847
flatline-8-seed-0,flatline,8,0,"[""Cp1"", ""F6"", ""Af4"", ""C3"", ""Tp7"", ""Fp2"", ""P6"", ""Fc2""]",csp_lda,sub-001_run-12_sample-8640,12,8640,8800,9280,54.0,TASK2T2,1,4.1,1,1,0.005083888219615584,0.9949161117803844
flatline-8-seed-0,flatline,8,0,"[""Cp1"", ""F6"", ""Af4"", ""C3"", ""Tp7"", ""Fp2"", ""P6"", ""Fc2""]",csp_lda,sub-001_run-12_sample-9968,12,9968,10128,10608,62.3,TASK2T1,0,4.1,0,0,0.7206505210562859,0.27934947894371415
flatline-8-seed-0,flatline,8,0,"[""Cp1"", ""F6"", ""Af4"", ""C3"", ""Tp7"", ""Fp2"", ""P6"", ""Fc2""]",csp_lda,sub-001_run-12_sample-11296,12,11296,11456,11936,70.6,TASK2T1,0,4.1,0,0,0.994069678880427,0.005930321119572983
flatline-8-seed-0,flatline,8,0,"[""Cp1"", ""F6"", ""Af4"", ""C3"", ""Tp7"", ""Fp2"", ""P6"", ""Fc2""]",csp_lda,sub-001_run-12_sample-12624,12,12624,12784,13264,78.9,TASK2T2,1,4.1,1,0,0.7121449870761407,0.28785501292385934
flatline-8-seed-0,flatline,8,0,"[""Cp1"", ""F6"", ""Af4"", ""C3"", ""Tp7"", ""Fp2"", ""P6"", ""Fc2""]",csp_lda,sub-001_run-12_sample-13952,12,13952,14112,14592,87.2,TASK2T2,1,4.1,1,0,0.891264711532014,0.10873528846798591
flatline-8-seed-0,flatline,8,0,"[""Cp1"", ""F6"", ""Af4"", ""C3"", ""Tp7"", ""Fp2"", ""P6"", ""Fc2""]",csp_lda,sub-001_run-12_sample-15280,12,15280,15440,15920,95.5,TASK2T1,0,4.1,0,0,0.9993569926348422,0.0006430073651577321
flatline-8-seed-0,flatline,8,0,"[""Cp1"", ""F6"", ""Af4"", ""C3"", ""Tp7"", ""Fp2"", ""P6"", ""Fc2""]",csp_lda,sub-001_run-12_sample-16608,12,16608,16768,17248,103.8,TASK2T2,1,4.1,1,0,0.9998174764652185,0.00018252353478152093
flatline-8-seed-0,flatline,8,0,"[""Cp1"", ""F6"", ""Af4"", ""C3"", ""Tp7"", ""Fp2"", ""P6"", ""Fc2""]",csp_lda,sub-001_run-12_sample-17936,12,17936,18096,18576,112.1,TASK2T1,0,4.1,0,0,0.9212737638323358,0.07872623616766418
flatline-8-seed-0,flatline,8,0,"[""Cp1"", ""F6"", ""Af4"", ""C3"", ""Tp7"", ""Fp2"", ""P6"", ""Fc2""]",csp_lda,sub-001_run-12_sample-19264,12,19264,19424,19904,120.4,TASK2T2,1,4.1,1,1,0.09794057372206477,0.9020594262779352
flatline-8-seed-0,flatline,8,0,"[""Cp1"", ""F6"", ""Af4"", ""C3"", ""Tp7"", ""Fp2"", ""P6"", ""Fc2""]",bandpower_lda,sub-001_run-12_sample-672,12,672,832,1312,4.2,TASK2T2,1,4.1,1,0,1.0,1.4286015015602685e-203
flatline-8-seed-0,flatline,8,0,"[""Cp1"", ""F6"", ""Af4"", ""C3"", ""Tp7"", ""Fp2"", ""P6"", ""Fc2""]",bandpower_lda,sub-001_run-12_sample-2000,12,2000,2160,2640,12.5,TASK2T1,0,4.1,0,0,1.0,2.798416255706422e-202
flatline-8-seed-0,flatline,8,0,"[""Cp1"", ""F6"", ""Af4"", ""C3"", ""Tp7"", ""Fp2"", ""P6"", ""Fc2""]",bandpower_lda,sub-001_run-12_sample-3328,12,3328,3488,3968,20.8,TASK2T2,1,4.1,1,0,1.0,8.02425949160328e-205
flatline-8-seed-0,flatline,8,0,"[""Cp1"", ""F6"", ""Af4"", ""C3"", ""Tp7"", ""Fp2"", ""P6"", ""Fc2""]",bandpower_lda,sub-001_run-12_sample-4656,12,4656,4816,5296,29.1,TASK2T1,0,4.1,0,0,1.0,8.805361305067635e-207
flatline-8-seed-0,flatline,8,0,"[""Cp1"", ""F6"", ""Af4"", ""C3"", ""Tp7"", ""Fp2"", ""P6"", ""Fc2""]",bandpower_lda,sub-001_run-12_sample-5984,12,5984,6144,6624,37.4,TASK2T1,0,4.1,0,0,1.0,6.908820289749976e-208
flatline-8-seed-0,flatline,8,0,"[""Cp1"", ""F6"", ""Af4"", ""C3"", ""Tp7"", ""Fp2"", ""P6"", ""Fc2""]",bandpower_lda,sub-001_run-12_sample-7312,12,7312,7472,7952,45.7,TASK2T2,1,4.1,1,0,1.0,5.360657585704163e-197
flatline-8-seed-0,flatline,8,0,"[""Cp1"", ""F6"", ""Af4"", ""C3"", ""Tp7"", ""Fp2"", ""P6"", ""Fc2""]",bandpower_lda,sub-001_run-12_sample-8640,12,8640,8800,9280,54.0,TASK2T2,1,4.1,1,0,1.0,2.7841766888856066e-203
flatline-8-seed-0,flatline,8,0,"[""Cp1"", ""F6"", ""Af4"", ""C3"", ""Tp7"", ""Fp2"", ""P6"", ""Fc2""]",bandpower_lda,sub-001_run-12_sample-9968,12,9968,10128,10608,62.3,TASK2T1,0,4.1,0,0,1.0,4.264990893947699e-202
flatline-8-seed-0,flatline,8,0,"[""Cp1"", ""F6"", ""Af4"", ""C3"", ""Tp7"", ""Fp2"", ""P6"", ""Fc2""]",bandpower_lda,sub-001_run-12_sample-11296,12,11296,11456,11936,70.6,TASK2T1,0,4.1,0,0,1.0,2.875599377430328e-199
flatline-8-seed-0,flatline,8,0,"[""Cp1"", ""F6"", ""Af4"", ""C3"", ""Tp7"", ""Fp2"", ""P6"", ""Fc2""]",bandpower_lda,sub-001_run-12_sample-12624,12,12624,12784,13264,78.9,TASK2T2,1,4.1,1,0,1.0,5.571840503355206e-204
flatline-8-seed-0,flatline,8,0,"[""Cp1"", ""F6"", ""Af4"", ""C3"", ""Tp7"", ""Fp2"", ""P6"", ""Fc2""]",bandpower_lda,sub-001_run-12_sample-13952,12,13952,14112,14592,87.2,TASK2T2,1,4.1,1,0,1.0,7.981184315309199e-207
flatline-8-seed-0,flatline,8,0,"[""Cp1"", ""F6"", ""Af4"", ""C3"", ""Tp7"", ""Fp2"", ""P6"", ""Fc2""]",bandpower_lda,sub-001_run-12_sample-15280,12,15280,15440,15920,95.5,TASK2T1,0,4.1,0,0,1.0,2.597703633593686e-209
flatline-8-seed-0,flatline,8,0,"[""Cp1"", ""F6"", ""Af4"", ""C3"", ""Tp7"", ""Fp2"", ""P6"", ""Fc2""]",bandpower_lda,sub-001_run-12_sample-16608,12,16608,16768,17248,103.8,TASK2T2,1,4.1,1,0,1.0,3.3753813905469357e-212
flatline-8-seed-0,flatline,8,0,"[""Cp1"", ""F6"", ""Af4"", ""C3"", ""Tp7"", ""Fp2"", ""P6"", ""Fc2""]",bandpower_lda,sub-001_run-12_sample-17936,12,17936,18096,18576,112.1,TASK2T1,0,4.1,0,0,1.0,1.1087677927935611e-207
flatline-8-seed-0,flatline,8,0,"[""Cp1"", ""F6"", ""Af4"", ""C3"", ""Tp7"", ""Fp2"", ""P6"", ""Fc2""]",bandpower_lda,sub-001_run-12_sample-19264,12,19264,19424,19904,120.4,TASK2T2,1,4.1,1,0,1.0,7.766663396560155e-206
flatline-8-seed-1,flatline,8,1,"[""Oz"", ""Af7"", ""F8"", ""Af3"", ""Po4"", ""F5"", ""F4"", ""Af4""]",csp_lda,sub-001_run-12_sample-672,12,672,832,1312,4.2,TASK2T2,1,4.1,1,0,0.52994169715694,0.47005830284306005
flatline-8-seed-1,flatline,8,1,"[""Oz"", ""Af7"", ""F8"", ""Af3"", ""Po4"", ""F5"", ""F4"", ""Af4""]",csp_lda,sub-001_run-12_sample-2000,12,2000,2160,2640,12.5,TASK2T1,0,4.1,0,0,0.9954636387279456,0.004536361272054418
flatline-8-seed-1,flatline,8,1,"[""Oz"", ""Af7"", ""F8"", ""Af3"", ""Po4"", ""F5"", ""F4"", ""Af4""]",csp_lda,sub-001_run-12_sample-3328,12,3328,3488,3968,20.8,TASK2T2,1,4.1,1,0,0.9995285950510197,0.00047140494898037006
flatline-8-seed-1,flatline,8,1,"[""Oz"", ""Af7"", ""F8"", ""Af3"", ""Po4"", ""F5"", ""F4"", ""Af4""]",csp_lda,sub-001_run-12_sample-4656,12,4656,4816,5296,29.1,TASK2T1,0,4.1,0,0,0.5400860273644341,0.4599139726355658
flatline-8-seed-1,flatline,8,1,"[""Oz"", ""Af7"", ""F8"", ""Af3"", ""Po4"", ""F5"", ""F4"", ""Af4""]",csp_lda,sub-001_run-12_sample-5984,12,5984,6144,6624,37.4,TASK2T1,0,4.1,0,0,0.9053436041132135,0.09465639588678659
flatline-8-seed-1,flatline,8,1,"[""Oz"", ""Af7"", ""F8"", ""Af3"", ""Po4"", ""F5"", ""F4"", ""Af4""]",csp_lda,sub-001_run-12_sample-7312,12,7312,7472,7952,45.7,TASK2T2,1,4.1,1,0,0.9722151384232234,0.027784861576776596
flatline-8-seed-1,flatline,8,1,"[""Oz"", ""Af7"", ""F8"", ""Af3"", ""Po4"", ""F5"", ""F4"", ""Af4""]",csp_lda,sub-001_run-12_sample-8640,12,8640,8800,9280,54.0,TASK2T2,1,4.1,1,1,0.15583352669112183,0.8441664733088782
flatline-8-seed-1,flatline,8,1,"[""Oz"", ""Af7"", ""F8"", ""Af3"", ""Po4"", ""F5"", ""F4"", ""Af4""]",csp_lda,sub-001_run-12_sample-9968,12,9968,10128,10608,62.3,TASK2T1,0,4.1,0,0,0.9997972897316175,0.00020271026838246422
flatline-8-seed-1,flatline,8,1,"[""Oz"", ""Af7"", ""F8"", ""Af3"", ""Po4"", ""F5"", ""F4"", ""Af4""]",csp_lda,sub-001_run-12_sample-11296,12,11296,11456,11936,70.6,TASK2T1,0,4.1,0,0,0.9999995418192847,4.581807152531999e-07
flatline-8-seed-1,flatline,8,1,"[""Oz"", ""Af7"", ""F8"", ""Af3"", ""Po4"", ""F5"", ""F4"", ""Af4""]",csp_lda,sub-001_run-12_sample-12624,12,12624,12784,13264,78.9,TASK2T2,1,4.1,1,0,0.9908785232646606,0.009121476735339388
flatline-8-seed-1,flatline,8,1,"[""Oz"", ""Af7"", ""F8"", ""Af3"", ""Po4"", ""F5"", ""F4"", ""Af4""]",csp_lda,sub-001_run-12_sample-13952,12,13952,14112,14592,87.2,TASK2T2,1,4.1,1,0,0.9994322135398456,0.0005677864601543938
flatline-8-seed-1,flatline,8,1,"[""Oz"", ""Af7"", ""F8"", ""Af3"", ""Po4"", ""F5"", ""F4"", ""Af4""]",csp_lda,sub-001_run-12_sample-15280,12,15280,15440,15920,95.5,TASK2T1,0,4.1,0,0,0.9999999205065294,7.949347063794045e-08
flatline-8-seed-1,flatline,8,1,"[""Oz"", ""Af7"", ""F8"", ""Af3"", ""Po4"", ""F5"", ""F4"", ""Af4""]",csp_lda,sub-001_run-12_sample-16608,12,16608,16768,17248,103.8,TASK2T2,1,4.1,1,0,0.9999549115949412,4.5088405058746736e-05
flatline-8-seed-1,flatline,8,1,"[""Oz"", ""Af7"", ""F8"", ""Af3"", ""Po4"", ""F5"", ""F4"", ""Af4""]",csp_lda,sub-001_run-12_sample-17936,12,17936,18096,18576,112.1,TASK2T1,0,4.1,0,0,0.987719304724944,0.012280695275056056
flatline-8-seed-1,flatline,8,1,"[""Oz"", ""Af7"", ""F8"", ""Af3"", ""Po4"", ""F5"", ""F4"", ""Af4""]",csp_lda,sub-001_run-12_sample-19264,12,19264,19424,19904,120.4,TASK2T2,1,4.1,1,0,0.9685843515644286,0.031415648435571465
flatline-8-seed-1,flatline,8,1,"[""Oz"", ""Af7"", ""F8"", ""Af3"", ""Po4"", ""F5"", ""F4"", ""Af4""]",bandpower_lda,sub-001_run-12_sample-672,12,672,832,1312,4.2,TASK2T2,1,4.1,1,1,0.0,1.0
flatline-8-seed-1,flatline,8,1,"[""Oz"", ""Af7"", ""F8"", ""Af3"", ""Po4"", ""F5"", ""F4"", ""Af4""]",bandpower_lda,sub-001_run-12_sample-2000,12,2000,2160,2640,12.5,TASK2T1,0,4.1,0,1,0.0,1.0
flatline-8-seed-1,flatline,8,1,"[""Oz"", ""Af7"", ""F8"", ""Af3"", ""Po4"", ""F5"", ""F4"", ""Af4""]",bandpower_lda,sub-001_run-12_sample-3328,12,3328,3488,3968,20.8,TASK2T2,1,4.1,1,1,0.0,1.0
flatline-8-seed-1,flatline,8,1,"[""Oz"", ""Af7"", ""F8"", ""Af3"", ""Po4"", ""F5"", ""F4"", ""Af4""]",bandpower_lda,sub-001_run-12_sample-4656,12,4656,4816,5296,29.1,TASK2T1,0,4.1,0,1,0.0,1.0
flatline-8-seed-1,flatline,8,1,"[""Oz"", ""Af7"", ""F8"", ""Af3"", ""Po4"", ""F5"", ""F4"", ""Af4""]",bandpower_lda,sub-001_run-12_sample-5984,12,5984,6144,6624,37.4,TASK2T1,0,4.1,0,1,0.0,1.0
flatline-8-seed-1,flatline,8,1,"[""Oz"", ""Af7"", ""F8"", ""Af3"", ""Po4"", ""F5"", ""F4"", ""Af4""]",bandpower_lda,sub-001_run-12_sample-7312,12,7312,7472,7952,45.7,TASK2T2,1,4.1,1,1,0.0,1.0
flatline-8-seed-1,flatline,8,1,"[""Oz"", ""Af7"", ""F8"", ""Af3"", ""Po4"", ""F5"", ""F4"", ""Af4""]",bandpower_lda,sub-001_run-12_sample-8640,12,8640,8800,9280,54.0,TASK2T2,1,4.1,1,1,0.0,1.0
flatline-8-seed-1,flatline,8,1,"[""Oz"", ""Af7"", ""F8"", ""Af3"", ""Po4"", ""F5"", ""F4"", ""Af4""]",bandpower_lda,sub-001_run-12_sample-9968,12,9968,10128,10608,62.3,TASK2T1,0,4.1,0,1,0.0,1.0
flatline-8-seed-1,flatline,8,1,"[""Oz"", ""Af7"", ""F8"", ""Af3"", ""Po4"", ""F5"", ""F4"", ""Af4""]",bandpower_lda,sub-001_run-12_sample-11296,12,11296,11456,11936,70.6,TASK2T1,0,4.1,0,1,0.0,1.0
flatline-8-seed-1,flatline,8,1,"[""Oz"", ""Af7"", ""F8"", ""Af3"", ""Po4"", ""F5"", ""F4"", ""Af4""]",bandpower_lda,sub-001_run-12_sample-12624,12,12624,12784,13264,78.9,TASK2T2,1,4.1,1,1,0.0,1.0
flatline-8-seed-1,flatline,8,1,"[""Oz"", ""Af7"", ""F8"", ""Af3"", ""Po4"", ""F5"", ""F4"", ""Af4""]",bandpower_lda,sub-001_run-12_sample-13952,12,13952,14112,14592,87.2,TASK2T2,1,4.1,1,1,0.0,1.0
flatline-8-seed-1,flatline,8,1,"[""Oz"", ""Af7"", ""F8"", ""Af3"", ""Po4"", ""F5"", ""F4"", ""Af4""]",bandpower_lda,sub-001_run-12_sample-15280,12,15280,15440,15920,95.5,TASK2T1,0,4.1,0,1,0.0,1.0
flatline-8-seed-1,flatline,8,1,"[""Oz"", ""Af7"", ""F8"", ""Af3"", ""Po4"", ""F5"", ""F4"", ""Af4""]",bandpower_lda,sub-001_run-12_sample-16608,12,16608,16768,17248,103.8,TASK2T2,1,4.1,1,1,0.0,1.0
flatline-8-seed-1,flatline,8,1,"[""Oz"", ""Af7"", ""F8"", ""Af3"", ""Po4"", ""F5"", ""F4"", ""Af4""]",bandpower_lda,sub-001_run-12_sample-17936,12,17936,18096,18576,112.1,TASK2T1,0,4.1,0,1,0.0,1.0
flatline-8-seed-1,flatline,8,1,"[""Oz"", ""Af7"", ""F8"", ""Af3"", ""Po4"", ""F5"", ""F4"", ""Af4""]",bandpower_lda,sub-001_run-12_sample-19264,12,19264,19424,19904,120.4,TASK2T2,1,4.1,1,1,0.0,1.0
flatline-8-seed-2,flatline,8,2,"[""P7"", ""Af4"", ""Af8"", ""Af3"", ""Poz"", ""Tp7"", ""Pz"", ""P4""]",csp_lda,sub-001_run-12_sample-672,12,672,832,1312,4.2,TASK2T2,1,4.1,1,0,0.876785710639858,0.12321428936014196
flatline-8-seed-2,flatline,8,2,"[""P7"", ""Af4"", ""Af8"", ""Af3"", ""Poz"", ""Tp7"", ""Pz"", ""P4""]",csp_lda,sub-001_run-12_sample-2000,12,2000,2160,2640,12.5,TASK2T1,0,4.1,0,0,0.9890801071893882,0.010919892810611806
flatline-8-seed-2,flatline,8,2,"[""P7"", ""Af4"", ""Af8"", ""Af3"", ""Poz"", ""Tp7"", ""Pz"", ""P4""]",csp_lda,sub-001_run-12_sample-3328,12,3328,3488,3968,20.8,TASK2T2,1,4.1,1,0,0.9992847296844896,0.0007152703155104182
flatline-8-seed-2,flatline,8,2,"[""P7"", ""Af4"", ""Af8"", ""Af3"", ""Poz"", ""Tp7"", ""Pz"", ""P4""]",csp_lda,sub-001_run-12_sample-4656,12,4656,4816,5296,29.1,TASK2T1,0,4.1,0,0,0.9955088915951646,0.004491108404835388
flatline-8-seed-2,flatline,8,2,"[""P7"", ""Af4"", ""Af8"", ""Af3"", ""Poz"", ""Tp7"", ""Pz"", ""P4""]",csp_lda,sub-001_run-12_sample-5984,12,5984,6144,6624,37.4,TASK2T1,0,4.1,0,0,0.9993905004451281,0.0006094995548718383
flatline-8-seed-2,flatline,8,2,"[""P7"", ""Af4"", ""Af8"", ""Af3"", ""Poz"", ""Tp7"", ""Pz"", ""P4""]",csp_lda,sub-001_run-12_sample-7312,12,7312,7472,7952,45.7,TASK2T2,1,4.1,1,0,0.9977414707149228,0.002258529285077247
flatline-8-seed-2,flatline,8,2,"[""P7"", ""Af4"", ""Af8"", ""Af3"", ""Poz"", ""Tp7"", ""Pz"", ""P4""]",csp_lda,sub-001_run-12_sample-8640,12,8640,8800,9280,54.0,TASK2T2,1,4.1,1,1,0.24063178793725581,0.7593682120627442
flatline-8-seed-2,flatline,8,2,"[""P7"", ""Af4"", ""Af8"", ""Af3"", ""Poz"", ""Tp7"", ""Pz"", ""P4""]",csp_lda,sub-001_run-12_sample-9968,12,9968,10128,10608,62.3,TASK2T1,0,4.1,0,0,0.9997252715278153,0.00027472847218463375
flatline-8-seed-2,flatline,8,2,"[""P7"", ""Af4"", ""Af8"", ""Af3"", ""Poz"", ""Tp7"", ""Pz"", ""P4""]",csp_lda,sub-001_run-12_sample-11296,12,11296,11456,11936,70.6,TASK2T1,0,4.1,0,0,0.9996552650043692,0.0003447349956308072
flatline-8-seed-2,flatline,8,2,"[""P7"", ""Af4"", ""Af8"", ""Af3"", ""Poz"", ""Tp7"", ""Pz"", ""P4""]",csp_lda,sub-001_run-12_sample-12624,12,12624,12784,13264,78.9,TASK2T2,1,4.1,1,0,0.999898428806733,0.00010157119326705302
flatline-8-seed-2,flatline,8,2,"[""P7"", ""Af4"", ""Af8"", ""Af3"", ""Poz"", ""Tp7"", ""Pz"", ""P4""]",csp_lda,sub-001_run-12_sample-13952,12,13952,14112,14592,87.2,TASK2T2,1,4.1,1,0,0.9999489728176021,5.102718239787983e-05
flatline-8-seed-2,flatline,8,2,"[""P7"", ""Af4"", ""Af8"", ""Af3"", ""Poz"", ""Tp7"", ""Pz"", ""P4""]",csp_lda,sub-001_run-12_sample-15280,12,15280,15440,15920,95.5,TASK2T1,0,4.1,0,0,0.9999959779020005,4.022097999496226e-06
flatline-8-seed-2,flatline,8,2,"[""P7"", ""Af4"", ""Af8"", ""Af3"", ""Poz"", ""Tp7"", ""Pz"", ""P4""]",csp_lda,sub-001_run-12_sample-16608,12,16608,16768,17248,103.8,TASK2T2,1,4.1,1,0,0.9999758310794779,2.4168920522098467e-05
flatline-8-seed-2,flatline,8,2,"[""P7"", ""Af4"", ""Af8"", ""Af3"", ""Poz"", ""Tp7"", ""Pz"", ""P4""]",csp_lda,sub-001_run-12_sample-17936,12,17936,18096,18576,112.1,TASK2T1,0,4.1,0,0,0.999887548574629,0.0001124514253710087
flatline-8-seed-2,flatline,8,2,"[""P7"", ""Af4"", ""Af8"", ""Af3"", ""Poz"", ""Tp7"", ""Pz"", ""P4""]",csp_lda,sub-001_run-12_sample-19264,12,19264,19424,19904,120.4,TASK2T2,1,4.1,1,0,0.9813865182649966,0.018613481735003448
flatline-8-seed-2,flatline,8,2,"[""P7"", ""Af4"", ""Af8"", ""Af3"", ""Poz"", ""Tp7"", ""Pz"", ""P4""]",bandpower_lda,sub-001_run-12_sample-672,12,672,832,1312,4.2,TASK2T2,1,4.1,1,0,1.0,1.3554915926437252e-189
flatline-8-seed-2,flatline,8,2,"[""P7"", ""Af4"", ""Af8"", ""Af3"", ""Poz"", ""Tp7"", ""Pz"", ""P4""]",bandpower_lda,sub-001_run-12_sample-2000,12,2000,2160,2640,12.5,TASK2T1,0,4.1,0,0,1.0,1.0538463246324817e-187
flatline-8-seed-2,flatline,8,2,"[""P7"", ""Af4"", ""Af8"", ""Af3"", ""Poz"", ""Tp7"", ""Pz"", ""P4""]",bandpower_lda,sub-001_run-12_sample-3328,12,3328,3488,3968,20.8,TASK2T2,1,4.1,1,0,1.0,1.0525158238092399e-191
flatline-8-seed-2,flatline,8,2,"[""P7"", ""Af4"", ""Af8"", ""Af3"", ""Poz"", ""Tp7"", ""Pz"", ""P4""]",bandpower_lda,sub-001_run-12_sample-4656,12,4656,4816,5296,29.1,TASK2T1,0,4.1,0,0,1.0,1.3468559717393413e-193
flatline-8-seed-2,flatline,8,2,"[""P7"", ""Af4"", ""Af8"", ""Af3"", ""Poz"", ""Tp7"", ""Pz"", ""P4""]",bandpower_lda,sub-001_run-12_sample-5984,12,5984,6144,6624,37.4,TASK2T1,0,4.1,0,0,1.0,8.263698653271883e-194
flatline-8-seed-2,flatline,8,2,"[""P7"", ""Af4"", ""Af8"", ""Af3"", ""Poz"", ""Tp7"", ""Pz"", ""P4""]",bandpower_lda,sub-001_run-12_sample-7312,12,7312,7472,7952,45.7,TASK2T2,1,4.1,1,0,1.0,1.81551607706726e-184
flatline-8-seed-2,flatline,8,2,"[""P7"", ""Af4"", ""Af8"", ""Af3"", ""Poz"", ""Tp7"", ""Pz"", ""P4""]",bandpower_lda,sub-001_run-12_sample-8640,12,8640,8800,9280,54.0,TASK2T2,1,4.1,1,0,1.0,1.8069429173244576e-189
flatline-8-seed-2,flatline,8,2,"[""P7"", ""Af4"", ""Af8"", ""Af3"", ""Poz"", ""Tp7"", ""Pz"", ""P4""]",bandpower_lda,sub-001_run-12_sample-9968,12,9968,10128,10608,62.3,TASK2T1,0,4.1,0,0,1.0,9.852412931702021e-189
flatline-8-seed-2,flatline,8,2,"[""P7"", ""Af4"", ""Af8"", ""Af3"", ""Poz"", ""Tp7"", ""Pz"", ""P4""]",bandpower_lda,sub-001_run-12_sample-11296,12,11296,11456,11936,70.6,TASK2T1,0,4.1,0,0,1.0,5.227646315137591e-187
flatline-8-seed-2,flatline,8,2,"[""P7"", ""Af4"", ""Af8"", ""Af3"", ""Poz"", ""Tp7"", ""Pz"", ""P4""]",bandpower_lda,sub-001_run-12_sample-12624,12,12624,12784,13264,78.9,TASK2T2,1,4.1,1,0,1.0,1.460575412983354e-190
flatline-8-seed-2,flatline,8,2,"[""P7"", ""Af4"", ""Af8"", ""Af3"", ""Poz"", ""Tp7"", ""Pz"", ""P4""]",bandpower_lda,sub-001_run-12_sample-13952,12,13952,14112,14592,87.2,TASK2T2,1,4.1,1,0,1.0,4.1682991913448093e-194
flatline-8-seed-2,flatline,8,2,"[""P7"", ""Af4"", ""Af8"", ""Af3"", ""Poz"", ""Tp7"", ""Pz"", ""P4""]",bandpower_lda,sub-001_run-12_sample-15280,12,15280,15440,15920,95.5,TASK2T1,0,4.1,0,0,1.0,3.3833422490234795e-195
flatline-8-seed-2,flatline,8,2,"[""P7"", ""Af4"", ""Af8"", ""Af3"", ""Poz"", ""Tp7"", ""Pz"", ""P4""]",bandpower_lda,sub-001_run-12_sample-16608,12,16608,16768,17248,103.8,TASK2T2,1,4.1,1,0,1.0,4.017398848545319e-197
flatline-8-seed-2,flatline,8,2,"[""P7"", ""Af4"", ""Af8"", ""Af3"", ""Poz"", ""Tp7"", ""Pz"", ""P4""]",bandpower_lda,sub-001_run-12_sample-17936,12,17936,18096,18576,112.1,TASK2T1,0,4.1,0,0,1.0,6.16671565761835e-195
flatline-8-seed-2,flatline,8,2,"[""P7"", ""Af4"", ""Af8"", ""Af3"", ""Poz"", ""Tp7"", ""Pz"", ""P4""]",bandpower_lda,sub-001_run-12_sample-19264,12,19264,19424,19904,120.4,TASK2T2,1,4.1,1,0,1.0,5.130547245686022e-192
flatline-8-seed-3,flatline,8,3,"[""Tp7"", ""Fc5"", ""Fc2"", ""Fc1"", ""F3"", ""Fcz"", ""F4"", ""Poz""]",csp_lda,sub-001_run-12_sample-672,12,672,832,1312,4.2,TASK2T2,1,4.1,1,1,0.0003622057578449578,0.999637794242155
flatline-8-seed-3,flatline,8,3,"[""Tp7"", ""Fc5"", ""Fc2"", ""Fc1"", ""F3"", ""Fcz"", ""F4"", ""Poz""]",csp_lda,sub-001_run-12_sample-2000,12,2000,2160,2640,12.5,TASK2T1,0,4.1,0,1,0.03458069651911155,0.9654193034808884
flatline-8-seed-3,flatline,8,3,"[""Tp7"", ""Fc5"", ""Fc2"", ""Fc1"", ""F3"", ""Fcz"", ""F4"", ""Poz""]",csp_lda,sub-001_run-12_sample-3328,12,3328,3488,3968,20.8,TASK2T2,1,4.1,1,1,0.21389246125820305,0.786107538741797
flatline-8-seed-3,flatline,8,3,"[""Tp7"", ""Fc5"", ""Fc2"", ""Fc1"", ""F3"", ""Fcz"", ""F4"", ""Poz""]",csp_lda,sub-001_run-12_sample-4656,12,4656,4816,5296,29.1,TASK2T1,0,4.1,0,1,0.003767089472637708,0.9962329105273623
flatline-8-seed-3,flatline,8,3,"[""Tp7"", ""Fc5"", ""Fc2"", ""Fc1"", ""F3"", ""Fcz"", ""F4"", ""Poz""]",csp_lda,sub-001_run-12_sample-5984,12,5984,6144,6624,37.4,TASK2T1,0,4.1,0,1,0.17428126472592653,0.8257187352740735
flatline-8-seed-3,flatline,8,3,"[""Tp7"", ""Fc5"", ""Fc2"", ""Fc1"", ""F3"", ""Fcz"", ""F4"", ""Poz""]",csp_lda,sub-001_run-12_sample-7312,12,7312,7472,7952,45.7,TASK2T2,1,4.1,1,0,0.9137759735512407,0.08622402644875926
flatline-8-seed-3,flatline,8,3,"[""Tp7"", ""Fc5"", ""Fc2"", ""Fc1"", ""F3"", ""Fcz"", ""F4"", ""Poz""]",csp_lda,sub-001_run-12_sample-8640,12,8640,8800,9280,54.0,TASK2T2,1,4.1,1,1,0.00032040115035281147,0.9996795988496472
flatline-8-seed-3,flatline,8,3,"[""Tp7"", ""Fc5"", ""Fc2"", ""Fc1"", ""F3"", ""Fcz"", ""F4"", ""Poz""]",csp_lda,sub-001_run-12_sample-9968,12,9968,10128,10608,62.3,TASK2T1,0,4.1,0,0,0.5116071408118263,0.4883928591881737
flatline-8-seed-3,flatline,8,3,"[""Tp7"", ""Fc5"", ""Fc2"", ""Fc1"", ""F3"", ""Fcz"", ""F4"", ""Poz""]",csp_lda,sub-001_run-12_sample-11296,12,11296,11456,11936,70.6,TASK2T1,0,4.1,0,0,0.9218480716644614,0.07815192833553865
flatline-8-seed-3,flatline,8,3,"[""Tp7"", ""Fc5"", ""Fc2"", ""Fc1"", ""F3"", ""Fcz"", ""F4"", ""Poz""]",csp_lda,sub-001_run-12_sample-12624,12,12624,12784,13264,78.9,TASK2T2,1,4.1,1,0,0.8827492704978052,0.11725072950219483
flatline-8-seed-3,flatline,8,3,"[""Tp7"", ""Fc5"", ""Fc2"", ""Fc1"", ""F3"", ""Fcz"", ""F4"", ""Poz""]",csp_lda,sub-001_run-12_sample-13952,12,13952,14112,14592,87.2,TASK2T2,1,4.1,1,1,0.3785433004766252,0.6214566995233748
flatline-8-seed-3,flatline,8,3,"[""Tp7"", ""Fc5"", ""Fc2"", ""Fc1"", ""F3"", ""Fcz"", ""F4"", ""Poz""]",csp_lda,sub-001_run-12_sample-15280,12,15280,15440,15920,95.5,TASK2T1,0,4.1,0,0,0.9772188874094123,0.022781112590587713
flatline-8-seed-3,flatline,8,3,"[""Tp7"", ""Fc5"", ""Fc2"", ""Fc1"", ""F3"", ""Fcz"", ""F4"", ""Poz""]",csp_lda,sub-001_run-12_sample-16608,12,16608,16768,17248,103.8,TASK2T2,1,4.1,1,0,0.8093160767514267,0.19068392324857328
flatline-8-seed-3,flatline,8,3,"[""Tp7"", ""Fc5"", ""Fc2"", ""Fc1"", ""F3"", ""Fcz"", ""F4"", ""Poz""]",csp_lda,sub-001_run-12_sample-17936,12,17936,18096,18576,112.1,TASK2T1,0,4.1,0,0,0.7688944567719699,0.23110554322803015
flatline-8-seed-3,flatline,8,3,"[""Tp7"", ""Fc5"", ""Fc2"", ""Fc1"", ""F3"", ""Fcz"", ""F4"", ""Poz""]",csp_lda,sub-001_run-12_sample-19264,12,19264,19424,19904,120.4,TASK2T2,1,4.1,1,1,0.002735717653988279,0.9972642823460117
flatline-8-seed-3,flatline,8,3,"[""Tp7"", ""Fc5"", ""Fc2"", ""Fc1"", ""F3"", ""Fcz"", ""F4"", ""Poz""]",bandpower_lda,sub-001_run-12_sample-672,12,672,832,1312,4.2,TASK2T2,1,4.1,1,1,0.0,1.0
flatline-8-seed-3,flatline,8,3,"[""Tp7"", ""Fc5"", ""Fc2"", ""Fc1"", ""F3"", ""Fcz"", ""F4"", ""Poz""]",bandpower_lda,sub-001_run-12_sample-2000,12,2000,2160,2640,12.5,TASK2T1,0,4.1,0,1,0.0,1.0
flatline-8-seed-3,flatline,8,3,"[""Tp7"", ""Fc5"", ""Fc2"", ""Fc1"", ""F3"", ""Fcz"", ""F4"", ""Poz""]",bandpower_lda,sub-001_run-12_sample-3328,12,3328,3488,3968,20.8,TASK2T2,1,4.1,1,1,0.0,1.0
flatline-8-seed-3,flatline,8,3,"[""Tp7"", ""Fc5"", ""Fc2"", ""Fc1"", ""F3"", ""Fcz"", ""F4"", ""Poz""]",bandpower_lda,sub-001_run-12_sample-4656,12,4656,4816,5296,29.1,TASK2T1,0,4.1,0,1,0.0,1.0
flatline-8-seed-3,flatline,8,3,"[""Tp7"", ""Fc5"", ""Fc2"", ""Fc1"", ""F3"", ""Fcz"", ""F4"", ""Poz""]",bandpower_lda,sub-001_run-12_sample-5984,12,5984,6144,6624,37.4,TASK2T1,0,4.1,0,1,0.0,1.0
flatline-8-seed-3,flatline,8,3,"[""Tp7"", ""Fc5"", ""Fc2"", ""Fc1"", ""F3"", ""Fcz"", ""F4"", ""Poz""]",bandpower_lda,sub-001_run-12_sample-7312,12,7312,7472,7952,45.7,TASK2T2,1,4.1,1,1,0.0,1.0
flatline-8-seed-3,flatline,8,3,"[""Tp7"", ""Fc5"", ""Fc2"", ""Fc1"", ""F3"", ""Fcz"", ""F4"", ""Poz""]",bandpower_lda,sub-001_run-12_sample-8640,12,8640,8800,9280,54.0,TASK2T2,1,4.1,1,1,0.0,1.0
flatline-8-seed-3,flatline,8,3,"[""Tp7"", ""Fc5"", ""Fc2"", ""Fc1"", ""F3"", ""Fcz"", ""F4"", ""Poz""]",bandpower_lda,sub-001_run-12_sample-9968,12,9968,10128,10608,62.3,TASK2T1,0,4.1,0,1,0.0,1.0
flatline-8-seed-3,flatline,8,3,"[""Tp7"", ""Fc5"", ""Fc2"", ""Fc1"", ""F3"", ""Fcz"", ""F4"", ""Poz""]",bandpower_lda,sub-001_run-12_sample-11296,12,11296,11456,11936,70.6,TASK2T1,0,4.1,0,1,0.0,1.0
flatline-8-seed-3,flatline,8,3,"[""Tp7"", ""Fc5"", ""Fc2"", ""Fc1"", ""F3"", ""Fcz"", ""F4"", ""Poz""]",bandpower_lda,sub-001_run-12_sample-12624,12,12624,12784,13264,78.9,TASK2T2,1,4.1,1,1,0.0,1.0
flatline-8-seed-3,flatline,8,3,"[""Tp7"", ""Fc5"", ""Fc2"", ""Fc1"", ""F3"", ""Fcz"", ""F4"", ""Poz""]",bandpower_lda,sub-001_run-12_sample-13952,12,13952,14112,14592,87.2,TASK2T2,1,4.1,1,1,0.0,1.0
flatline-8-seed-3,flatline,8,3,"[""Tp7"", ""Fc5"", ""Fc2"", ""Fc1"", ""F3"", ""Fcz"", ""F4"", ""Poz""]",bandpower_lda,sub-001_run-12_sample-15280,12,15280,15440,15920,95.5,TASK2T1,0,4.1,0,1,0.0,1.0
flatline-8-seed-3,flatline,8,3,"[""Tp7"", ""Fc5"", ""Fc2"", ""Fc1"", ""F3"", ""Fcz"", ""F4"", ""Poz""]",bandpower_lda,sub-001_run-12_sample-16608,12,16608,16768,17248,103.8,TASK2T2,1,4.1,1,1,0.0,1.0
flatline-8-seed-3,flatline,8,3,"[""Tp7"", ""Fc5"", ""Fc2"", ""Fc1"", ""F3"", ""Fcz"", ""F4"", ""Poz""]",bandpower_lda,sub-001_run-12_sample-17936,12,17936,18096,18576,112.1,TASK2T1,0,4.1,0,1,0.0,1.0
flatline-8-seed-3,flatline,8,3,"[""Tp7"", ""Fc5"", ""Fc2"", ""Fc1"", ""F3"", ""Fcz"", ""F4"", ""Poz""]",bandpower_lda,sub-001_run-12_sample-19264,12,19264,19424,19904,120.4,TASK2T2,1,4.1,1,1,0.0,1.0
flatline-8-seed-4,flatline,8,4,"[""Fp2"", ""Poz"", ""Iz"", ""T8"", ""O2"", ""F2"", ""Fz"", ""C2""]",csp_lda,sub-001_run-12_sample-672,12,672,832,1312,4.2,TASK2T2,1,4.1,1,1,0.008199974999856252,0.9918000250001437
flatline-8-seed-4,flatline,8,4,"[""Fp2"", ""Poz"", ""Iz"", ""T8"", ""O2"", ""F2"", ""Fz"", ""C2""]",csp_lda,sub-001_run-12_sample-2000,12,2000,2160,2640,12.5,TASK2T1,0,4.1,0,1,0.06598143451271421,0.9340185654872858
flatline-8-seed-4,flatline,8,4,"[""Fp2"", ""Poz"", ""Iz"", ""T8"", ""O2"", ""F2"", ""Fz"", ""C2""]",csp_lda,sub-001_run-12_sample-3328,12,3328,3488,3968,20.8,TASK2T2,1,4.1,1,0,0.8244825232378032,0.17551747676219676
flatline-8-seed-4,flatline,8,4,"[""Fp2"", ""Poz"", ""Iz"", ""T8"", ""O2"", ""F2"", ""Fz"", ""C2""]",csp_lda,sub-001_run-12_sample-4656,12,4656,4816,5296,29.1,TASK2T1,0,4.1,0,1,0.2850620016002855,0.7149379983997145
flatline-8-seed-4,flatline,8,4,"[""Fp2"", ""Poz"", ""Iz"", ""T8"", ""O2"", ""F2"", ""Fz"", ""C2""]",csp_lda,sub-001_run-12_sample-5984,12,5984,6144,6624,37.4,TASK2T1,0,4.1,0,1,0.4941895824541974,0.5058104175458026
flatline-8-seed-4,flatline,8,4,"[""Fp2"", ""Poz"", ""Iz"", ""T8"", ""O2"", ""F2"", ""Fz"", ""C2""]",csp_lda,sub-001_run-12_sample-7312,12,7312,7472,7952,45.7,TASK2T2,1,4.1,1,0,0.9330255566033339,0.06697444339666617
flatline-8-seed-4,flatline,8,4,"[""Fp2"", ""Poz"", ""Iz"", ""T8"", ""O2"", ""F2"", ""Fz"", ""C2""]",csp_lda,sub-001_run-12_sample-8640,12,8640,8800,9280,54.0,TASK2T2,1,4.1,1,1,0.002796025944666214,0.9972039740553338
flatline-8-seed-4,flatline,8,4,"[""Fp2"", ""Poz"", ""Iz"", ""T8"", ""O2"", ""F2"", ""Fz"", ""C2""]",csp_lda,sub-001_run-12_sample-9968,12,9968,10128,10608,62.3,TASK2T1,0,4.1,0,0,0.9191088857491649,0.08089111425083509
flatline-8-seed-4,flatline,8,4,"[""Fp2"", ""Poz"", ""Iz"", ""T8"", ""O2"", ""F2"", ""Fz"", ""C2""]",csp_lda,sub-001_run-12_sample-11296,12,11296,11456,11936,70.6,TASK2T1,0,4.1,0,0,0.9817960917914963,0.018203908208503664
flatline-8-seed-4,flatline,8,4,"[""Fp2"", ""Poz"", ""Iz"", ""T8"", ""O2"", ""F2"", ""Fz"", ""C2""]",csp_lda,sub-001_run-12_sample-12624,12,12624,12784,13264,78.9,TASK2T2,1,4.1,1,0,0.9832420847226493,0.016757915277350748
flatline-8-seed-4,flatline,8,4,"[""Fp2"", ""Poz"", ""Iz"", ""T8"", ""O2"", ""F2"", ""Fz"", ""C2""]",csp_lda,sub-001_run-12_sample-13952,12,13952,14112,14592,87.2,TASK2T2,1,4.1,1,0,0.9974699707902281,0.002530029209771868
flatline-8-seed-4,flatline,8,4,"[""Fp2"", ""Poz"", ""Iz"", ""T8"", ""O2"", ""F2"", ""Fz"", ""C2""]",csp_lda,sub-001_run-12_sample-15280,12,15280,15440,15920,95.5,TASK2T1,0,4.1,0,0,0.9997491297691995,0.0002508702308004851
flatline-8-seed-4,flatline,8,4,"[""Fp2"", ""Poz"", ""Iz"", ""T8"", ""O2"", ""F2"", ""Fz"", ""C2""]",csp_lda,sub-001_run-12_sample-16608,12,16608,16768,17248,103.8,TASK2T2,1,4.1,1,0,0.9989100782947812,0.0010899217052188562
flatline-8-seed-4,flatline,8,4,"[""Fp2"", ""Poz"", ""Iz"", ""T8"", ""O2"", ""F2"", ""Fz"", ""C2""]",csp_lda,sub-001_run-12_sample-17936,12,17936,18096,18576,112.1,TASK2T1,0,4.1,0,0,0.9939930262844072,0.0060069737155927505
flatline-8-seed-4,flatline,8,4,"[""Fp2"", ""Poz"", ""Iz"", ""T8"", ""O2"", ""F2"", ""Fz"", ""C2""]",csp_lda,sub-001_run-12_sample-19264,12,19264,19424,19904,120.4,TASK2T2,1,4.1,1,1,0.43848078004817737,0.5615192199518226
flatline-8-seed-4,flatline,8,4,"[""Fp2"", ""Poz"", ""Iz"", ""T8"", ""O2"", ""F2"", ""Fz"", ""C2""]",bandpower_lda,sub-001_run-12_sample-672,12,672,832,1312,4.2,TASK2T2,1,4.1,1,0,1.0,1.3996783737347459e-34
flatline-8-seed-4,flatline,8,4,"[""Fp2"", ""Poz"", ""Iz"", ""T8"", ""O2"", ""F2"", ""Fz"", ""C2""]",bandpower_lda,sub-001_run-12_sample-2000,12,2000,2160,2640,12.5,TASK2T1,0,4.1,0,0,1.0,5.9332351305319025e-33
flatline-8-seed-4,flatline,8,4,"[""Fp2"", ""Poz"", ""Iz"", ""T8"", ""O2"", ""F2"", ""Fz"", ""C2""]",bandpower_lda,sub-001_run-12_sample-3328,12,3328,3488,3968,20.8,TASK2T2,1,4.1,1,0,1.0,1.620733376702028e-33
flatline-8-seed-4,flatline,8,4,"[""Fp2"", ""Poz"", ""Iz"", ""T8"", ""O2"", ""F2"", ""Fz"", ""C2""]",bandpower_lda,sub-001_run-12_sample-4656,12,4656,4816,5296,29.1,TASK2T1,0,4.1,0,0,1.0,2.164326599648459e-36
flatline-8-seed-4,flatline,8,4,"[""Fp2"", ""Poz"", ""Iz"", ""T8"", ""O2"", ""F2"", ""Fz"", ""C2""]",bandpower_lda,sub-001_run-12_sample-5984,12,5984,6144,6624,37.4,TASK2T1,0,4.1,0,0,1.0,1.677855340969608e-34
flatline-8-seed-4,flatline,8,4,"[""Fp2"", ""Poz"", ""Iz"", ""T8"", ""O2"", ""F2"", ""Fz"", ""C2""]",bandpower_lda,sub-001_run-12_sample-7312,12,7312,7472,7952,45.7,TASK2T2,1,4.1,1,0,1.0,3.134711911439841e-28
flatline-8-seed-4,flatline,8,4,"[""Fp2"", ""Poz"", ""Iz"", ""T8"", ""O2"", ""F2"", ""Fz"", ""C2""]",bandpower_lda,sub-001_run-12_sample-8640,12,8640,8800,9280,54.0,TASK2T2,1,4.1,1,0,1.0,8.575185589827726e-33
flatline-8-seed-4,flatline,8,4,"[""Fp2"", ""Poz"", ""Iz"", ""T8"", ""O2"", ""F2"", ""Fz"", ""C2""]",bandpower_lda,sub-001_run-12_sample-9968,12,9968,10128,10608,62.3,TASK2T1,0,4.1,0,0,1.0,3.3011031551540866e-32
flatline-8-seed-4,flatline,8,4,"[""Fp2"", ""Poz"", ""Iz"", ""T8"", ""O2"", ""F2"", ""Fz"", ""C2""]",bandpower_lda,sub-001_run-12_sample-11296,12,11296,11456,11936,70.6,TASK2T1,0,4.1,0,0,1.0,2.601956743828827e-28
flatline-8-seed-4,flatline,8,4,"[""Fp2"", ""Poz"", ""Iz"", ""T8"", ""O2"", ""F2"", ""Fz"", ""C2""]",bandpower_lda,sub-001_run-12_sample-12624,12,12624,12784,13264,78.9,TASK2T2,1,4.1,1,0,1.0,1.221905165450931e-34
flatline-8-seed-4,flatline,8,4,"[""Fp2"", ""Poz"", ""Iz"", ""T8"", ""O2"", ""F2"", ""Fz"", ""C2""]",bandpower_lda,sub-001_run-12_sample-13952,12,13952,14112,14592,87.2,TASK2T2,1,4.1,1,0,1.0,7.501253491528044e-36
flatline-8-seed-4,flatline,8,4,"[""Fp2"", ""Poz"", ""Iz"", ""T8"", ""O2"", ""F2"", ""Fz"", ""C2""]",bandpower_lda,sub-001_run-12_sample-15280,12,15280,15440,15920,95.5,TASK2T1,0,4.1,0,0,1.0,6.813167565249076e-38
flatline-8-seed-4,flatline,8,4,"[""Fp2"", ""Poz"", ""Iz"", ""T8"", ""O2"", ""F2"", ""Fz"", ""C2""]",bandpower_lda,sub-001_run-12_sample-16608,12,16608,16768,17248,103.8,TASK2T2,1,4.1,1,0,1.0,4.057683904392423e-39
flatline-8-seed-4,flatline,8,4,"[""Fp2"", ""Poz"", ""Iz"", ""T8"", ""O2"", ""F2"", ""Fz"", ""C2""]",bandpower_lda,sub-001_run-12_sample-17936,12,17936,18096,18576,112.1,TASK2T1,0,4.1,0,0,1.0,3.7235134143034497e-38
flatline-8-seed-4,flatline,8,4,"[""Fp2"", ""Poz"", ""Iz"", ""T8"", ""O2"", ""F2"", ""Fz"", ""C2""]",bandpower_lda,sub-001_run-12_sample-19264,12,19264,19424,19904,120.4,TASK2T2,1,4.1,1,0,1.0,2.1894443597663972e-36
flatline-8-seed-5,flatline,8,5,"[""F1"", ""Oz"", ""C2"", ""F3"", ""Af4"", ""T9"", ""C4"", ""P3""]",csp_lda,sub-001_run-12_sample-672,12,672,832,1312,4.2,TASK2T2,1,4.1,1,1,0.005705178081997775,0.9942948219180022
flatline-8-seed-5,flatline,8,5,"[""F1"", ""Oz"", ""C2"", ""F3"", ""Af4"", ""T9"", ""C4"", ""P3""]",csp_lda,sub-001_run-12_sample-2000,12,2000,2160,2640,12.5,TASK2T1,0,4.1,0,1,0.007892400016950352,0.9921075999830496
flatline-8-seed-5,flatline,8,5,"[""F1"", ""Oz"", ""C2"", ""F3"", ""Af4"", ""T9"", ""C4"", ""P3""]",csp_lda,sub-001_run-12_sample-3328,12,3328,3488,3968,20.8,TASK2T2,1,4.1,1,1,0.1814756648700503,0.8185243351299497
flatline-8-seed-5,flatline,8,5,"[""F1"", ""Oz"", ""C2"", ""F3"", ""Af4"", ""T9"", ""C4"", ""P3""]",csp_lda,sub-001_run-12_sample-4656,12,4656,4816,5296,29.1,TASK2T1,0,4.1,0,1,0.008766385597992143,0.9912336144020079
flatline-8-seed-5,flatline,8,5,"[""F1"", ""Oz"", ""C2"", ""F3"", ""Af4"", ""T9"", ""C4"", ""P3""]",csp_lda,sub-001_run-12_sample-5984,12,5984,6144,6624,37.4,TASK2T1,0,4.1,0,1,0.009346141669509977,0.99065385833049
flatline-8-seed-5,flatline,8,5,"[""F1"", ""Oz"", ""C2"", ""F3"", ""Af4"", ""T9"", ""C4"", ""P3""]",csp_lda,sub-001_run-12_sample-7312,12,7312,7472,7952,45.7,TASK2T2,1,4.1,1,0,0.8581802055816969,0.141819794418303
flatline-8-seed-5,flatline,8,5,"[""F1"", ""Oz"", ""C2"", ""F3"", ""Af4"", ""T9"", ""C4"", ""P3""]",csp_lda,sub-001_run-12_sample-8640,12,8640,8800,9280,54.0,TASK2T2,1,4.1,1,1,2.970226958132205e-05,0.9999702977304187
flatline-8-seed-5,flatline,8,5,"[""F1"", ""Oz"", ""C2"", ""F3"", ""Af4"", ""T9"", ""C4"", ""P3""]",csp_lda,sub-001_run-12_sample-9968,12,9968,10128,10608,62.3,TASK2T1,0,4.1,0,1,0.15897005423040156,0.8410299457695984
flatline-8-seed-5,flatline,8,5,"[""F1"", ""Oz"", ""C2"", ""F3"", ""Af4"", ""T9"", ""C4"", ""P3""]",csp_lda,sub-001_run-12_sample-11296,12,11296,11456,11936,70.6,TASK2T1,0,4.1,0,0,0.6403291007411991,0.35967089925880097
flatline-8-seed-5,flatline,8,5,"[""F1"", ""Oz"", ""C2"", ""F3"", ""Af4"", ""T9"", ""C4"", ""P3""]",csp_lda,sub-001_run-12_sample-12624,12,12624,12784,13264,78.9,TASK2T2,1,4.1,1,0,0.8799093826450437,0.1200906173549563
flatline-8-seed-5,flatline,8,5,"[""F1"", ""Oz"", ""C2"", ""F3"", ""Af4"", ""T9"", ""C4"", ""P3""]",csp_lda,sub-001_run-12_sample-13952,12,13952,14112,14592,87.2,TASK2T2,1,4.1,1,0,0.8321623032258851,0.1678376967741148
flatline-8-seed-5,flatline,8,5,"[""F1"", ""Oz"", ""C2"", ""F3"", ""Af4"", ""T9"", ""C4"", ""P3""]",csp_lda,sub-001_run-12_sample-15280,12,15280,15440,15920,95.5,TASK2T1,0,4.1,0,0,0.99903418955468,0.0009658104453200082
flatline-8-seed-5,flatline,8,5,"[""F1"", ""Oz"", ""C2"", ""F3"", ""Af4"", ""T9"", ""C4"", ""P3""]",csp_lda,sub-001_run-12_sample-16608,12,16608,16768,17248,103.8,TASK2T2,1,4.1,1,1,0.42860243461133685,0.5713975653886632
flatline-8-seed-5,flatline,8,5,"[""F1"", ""Oz"", ""C2"", ""F3"", ""Af4"", ""T9"", ""C4"", ""P3""]",csp_lda,sub-001_run-12_sample-17936,12,17936,18096,18576,112.1,TASK2T1,0,4.1,0,0,0.9049926461786213,0.0950073538213787
flatline-8-seed-5,flatline,8,5,"[""F1"", ""Oz"", ""C2"", ""F3"", ""Af4"", ""T9"", ""C4"", ""P3""]",csp_lda,sub-001_run-12_sample-19264,12,19264,19424,19904,120.4,TASK2T2,1,4.1,1,1,0.0008481952815330152,0.999151804718467
flatline-8-seed-5,flatline,8,5,"[""F1"", ""Oz"", ""C2"", ""F3"", ""Af4"", ""T9"", ""C4"", ""P3""]",bandpower_lda,sub-001_run-12_sample-672,12,672,832,1312,4.2,TASK2T2,1,4.1,1,0,1.0,1.11536076109172e-34
flatline-8-seed-5,flatline,8,5,"[""F1"", ""Oz"", ""C2"", ""F3"", ""Af4"", ""T9"", ""C4"", ""P3""]",bandpower_lda,sub-001_run-12_sample-2000,12,2000,2160,2640,12.5,TASK2T1,0,4.1,0,0,1.0,1.429296281702101e-32
flatline-8-seed-5,flatline,8,5,"[""F1"", ""Oz"", ""C2"", ""F3"", ""Af4"", ""T9"", ""C4"", ""P3""]",bandpower_lda,sub-001_run-12_sample-3328,12,3328,3488,3968,20.8,TASK2T2,1,4.1,1,0,1.0,1.3066919697156766e-32
flatline-8-seed-5,flatline,8,5,"[""F1"", ""Oz"", ""C2"", ""F3"", ""Af4"", ""T9"", ""C4"", ""P3""]",bandpower_lda,sub-001_run-12_sample-4656,12,4656,4816,5296,29.1,TASK2T1,0,4.1,0,0,1.0,1.1042840706701837e-35
flatline-8-seed-5,flatline,8,5,"[""F1"", ""Oz"", ""C2"", ""F3"", ""Af4"", ""T9"", ""C4"", ""P3""]",bandpower_lda,sub-001_run-12_sample-5984,12,5984,6144,6624,37.4,TASK2T1,0,4.1,0,0,1.0,1.1071048571430293e-33
flatline-8-seed-5,flatline,8,5,"[""F1"", ""Oz"", ""C2"", ""F3"", ""Af4"", ""T9"", ""C4"", ""P3""]",bandpower_lda,sub-001_run-12_sample-7312,12,7312,7472,7952,45.7,TASK2T2,1,4.1,1,0,1.0,1.231009263783675e-29
flatline-8-seed-5,flatline,8,5,"[""F1"", ""Oz"", ""C2"", ""F3"", ""Af4"", ""T9"", ""C4"", ""P3""]",bandpower_lda,sub-001_run-12_sample-8640,12,8640,8800,9280,54.0,TASK2T2,1,4.1,1,0,1.0,1.3756198999238298e-32
flatline-8-seed-5,flatline,8,5,"[""F1"", ""Oz"", ""C2"", ""F3"", ""Af4"", ""T9"", ""C4"", ""P3""]",bandpower_lda,sub-001_run-12_sample-9968,12,9968,10128,10608,62.3,TASK2T1,0,4.1,0,0,1.0,4.912513176005844e-32
flatline-8-seed-5,flatline,8,5,"[""F1"", ""Oz"", ""C2"", ""F3"", ""Af4"", ""T9"", ""C4"", ""P3""]",bandpower_lda,sub-001_run-12_sample-11296,12,11296,11456,11936,70.6,TASK2T1,0,4.1,0,0,1.0,3.509559583770472e-28
flatline-8-seed-5,flatline,8,5,"[""F1"", ""Oz"", ""C2"", ""F3"", ""Af4"", ""T9"", ""C4"", ""P3""]",bandpower_lda,sub-001_run-12_sample-12624,12,12624,12784,13264,78.9,TASK2T2,1,4.1,1,0,1.0,3.437572326617822e-35
flatline-8-seed-5,flatline,8,5,"[""F1"", ""Oz"", ""C2"", ""F3"", ""Af4"", ""T9"", ""C4"", ""P3""]",bandpower_lda,sub-001_run-12_sample-13952,12,13952,14112,14592,87.2,TASK2T2,1,4.1,1,0,1.0,1.6160179614759187e-35
flatline-8-seed-5,flatline,8,5,"[""F1"", ""Oz"", ""C2"", ""F3"", ""Af4"", ""T9"", ""C4"", ""P3""]",bandpower_lda,sub-001_run-12_sample-15280,12,15280,15440,15920,95.5,TASK2T1,0,4.1,0,0,1.0,2.38252531634753e-37
flatline-8-seed-5,flatline,8,5,"[""F1"", ""Oz"", ""C2"", ""F3"", ""Af4"", ""T9"", ""C4"", ""P3""]",bandpower_lda,sub-001_run-12_sample-16608,12,16608,16768,17248,103.8,TASK2T2,1,4.1,1,0,1.0,9.529119779879003e-39
flatline-8-seed-5,flatline,8,5,"[""F1"", ""Oz"", ""C2"", ""F3"", ""Af4"", ""T9"", ""C4"", ""P3""]",bandpower_lda,sub-001_run-12_sample-17936,12,17936,18096,18576,112.1,TASK2T1,0,4.1,0,0,1.0,3.070679447927928e-38
flatline-8-seed-5,flatline,8,5,"[""F1"", ""Oz"", ""C2"", ""F3"", ""Af4"", ""T9"", ""C4"", ""P3""]",bandpower_lda,sub-001_run-12_sample-19264,12,19264,19424,19904,120.4,TASK2T2,1,4.1,1,0,1.0,1.3223459263804928e-35
flatline-8-seed-6,flatline,8,6,"[""Fc4"", ""F2"", ""P6"", ""Fc2"", ""Cp2"", ""C3"", ""Afz"", ""Fc1""]",csp_lda,sub-001_run-12_sample-672,12,672,832,1312,4.2,TASK2T2,1,4.1,1,1,0.00037792221662102943,0.999622077783379
flatline-8-seed-6,flatline,8,6,"[""Fc4"", ""F2"", ""P6"", ""Fc2"", ""Cp2"", ""C3"", ""Afz"", ""Fc1""]",csp_lda,sub-001_run-12_sample-2000,12,2000,2160,2640,12.5,TASK2T1,0,4.1,0,1,0.0036876646990045003,0.9963123353009955
flatline-8-seed-6,flatline,8,6,"[""Fc4"", ""F2"", ""P6"", ""Fc2"", ""Cp2"", ""C3"", ""Afz"", ""Fc1""]",csp_lda,sub-001_run-12_sample-3328,12,3328,3488,3968,20.8,TASK2T2,1,4.1,1,0,0.7579814413660109,0.2420185586339891
flatline-8-seed-6,flatline,8,6,"[""Fc4"", ""F2"", ""P6"", ""Fc2"", ""Cp2"", ""C3"", ""Afz"", ""Fc1""]",csp_lda,sub-001_run-12_sample-4656,12,4656,4816,5296,29.1,TASK2T1,0,4.1,0,1,0.006357905481630843,0.9936420945183692
flatline-8-seed-6,flatline,8,6,"[""Fc4"", ""F2"", ""P6"", ""Fc2"", ""Cp2"", ""C3"", ""Afz"", ""Fc1""]",csp_lda,sub-001_run-12_sample-5984,12,5984,6144,6624,37.4,TASK2T1,0,4.1,0,1,0.09681081791900714,0.9031891820809929
flatline-8-seed-6,flatline,8,6,"[""Fc4"", ""F2"", ""P6"", ""Fc2"", ""Cp2"", ""C3"", ""Afz"", ""Fc1""]",csp_lda,sub-001_run-12_sample-7312,12,7312,7472,7952,45.7,TASK2T2,1,4.1,1,1,0.05459347209139542,0.9454065279086046
flatline-8-seed-6,flatline,8,6,"[""Fc4"", ""F2"", ""P6"", ""Fc2"", ""Cp2"", ""C3"", ""Afz"", ""Fc1""]",csp_lda,sub-001_run-12_sample-8640,12,8640,8800,9280,54.0,TASK2T2,1,4.1,1,1,0.00022338521169018577,0.9997766147883098
flatline-8-seed-6,flatline,8,6,"[""Fc4"", ""F2"", ""P6"", ""Fc2"", ""Cp2"", ""C3"", ""Afz"", ""Fc1""]",csp_lda,sub-001_run-12_sample-9968,12,9968,10128,10608,62.3,TASK2T1,0,4.1,0,0,0.5825052255706629,0.4174947744293371
flatline-8-seed-6,flatline,8,6,"[""Fc4"", ""F2"", ""P6"", ""Fc2"", ""Cp2"", ""C3"", ""Afz"", ""Fc1""]",csp_lda,sub-001_run-12_sample-11296,12,11296,11456,11936,70.6,TASK2T1,0,4.1,0,0,0.9967907659047487,0.0032092340952513247
flatline-8-seed-6,flatline,8,6,"[""Fc4"", ""F2"", ""P6"", ""Fc2"", ""Cp2"", ""C3"", ""Afz"", ""Fc1""]",csp_lda,sub-001_run-12_sample-12624,12,12624,12784,13264,78.9,TASK2T2,1,4.1,1,1,0.49591355988003116,0.5040864401199688
flatline-8-seed-6,flatline,8,6,"[""Fc4"", ""F2"", ""P6"", ""Fc2"", ""Cp2"", ""C3"", ""Afz"", ""Fc1""]",csp_lda,sub-001_run-12_sample-13952,12,13952,14112,14592,87.2,TASK2T2,1,4.1,1,0,0.9345915446565837,0.06540845534341634
flatline-8-seed-6,flatline,8,6,"[""Fc4"", ""F2"", ""P6"", ""Fc2"", ""Cp2"", ""C3"", ""Afz"", ""Fc1""]",csp_lda,sub-001_run-12_sample-15280,12,15280,15440,15920,95.5,TASK2T1,0,4.1,0,0,0.9997770964682314,0.00022290353176860413
flatline-8-seed-6,flatline,8,6,"[""Fc4"", ""F2"", ""P6"", ""Fc2"", ""Cp2"", ""C3"", ""Afz"", ""Fc1""]",csp_lda,sub-001_run-12_sample-16608,12,16608,16768,17248,103.8,TASK2T2,1,4.1,1,0,0.9916473348754615,0.008352665124538491
flatline-8-seed-6,flatline,8,6,"[""Fc4"", ""F2"", ""P6"", ""Fc2"", ""Cp2"", ""C3"", ""Afz"", ""Fc1""]",csp_lda,sub-001_run-12_sample-17936,12,17936,18096,18576,112.1,TASK2T1,0,4.1,0,0,0.8379313029735832,0.1620686970264168
flatline-8-seed-6,flatline,8,6,"[""Fc4"", ""F2"", ""P6"", ""Fc2"", ""Cp2"", ""C3"", ""Afz"", ""Fc1""]",csp_lda,sub-001_run-12_sample-19264,12,19264,19424,19904,120.4,TASK2T2,1,4.1,1,1,0.0338509393804044,0.9661490606195956
flatline-8-seed-6,flatline,8,6,"[""Fc4"", ""F2"", ""P6"", ""Fc2"", ""Cp2"", ""C3"", ""Afz"", ""Fc1""]",bandpower_lda,sub-001_run-12_sample-672,12,672,832,1312,4.2,TASK2T2,1,4.1,1,1,0.0,1.0
flatline-8-seed-6,flatline,8,6,"[""Fc4"", ""F2"", ""P6"", ""Fc2"", ""Cp2"", ""C3"", ""Afz"", ""Fc1""]",bandpower_lda,sub-001_run-12_sample-2000,12,2000,2160,2640,12.5,TASK2T1,0,4.1,0,1,0.0,1.0
flatline-8-seed-6,flatline,8,6,"[""Fc4"", ""F2"", ""P6"", ""Fc2"", ""Cp2"", ""C3"", ""Afz"", ""Fc1""]",bandpower_lda,sub-001_run-12_sample-3328,12,3328,3488,3968,20.8,TASK2T2,1,4.1,1,1,0.0,1.0
flatline-8-seed-6,flatline,8,6,"[""Fc4"", ""F2"", ""P6"", ""Fc2"", ""Cp2"", ""C3"", ""Afz"", ""Fc1""]",bandpower_lda,sub-001_run-12_sample-4656,12,4656,4816,5296,29.1,TASK2T1,0,4.1,0,1,0.0,1.0
flatline-8-seed-6,flatline,8,6,"[""Fc4"", ""F2"", ""P6"", ""Fc2"", ""Cp2"", ""C3"", ""Afz"", ""Fc1""]",bandpower_lda,sub-001_run-12_sample-5984,12,5984,6144,6624,37.4,TASK2T1,0,4.1,0,1,0.0,1.0
flatline-8-seed-6,flatline,8,6,"[""Fc4"", ""F2"", ""P6"", ""Fc2"", ""Cp2"", ""C3"", ""Afz"", ""Fc1""]",bandpower_lda,sub-001_run-12_sample-7312,12,7312,7472,7952,45.7,TASK2T2,1,4.1,1,1,0.0,1.0
flatline-8-seed-6,flatline,8,6,"[""Fc4"", ""F2"", ""P6"", ""Fc2"", ""Cp2"", ""C3"", ""Afz"", ""Fc1""]",bandpower_lda,sub-001_run-12_sample-8640,12,8640,8800,9280,54.0,TASK2T2,1,4.1,1,1,0.0,1.0
flatline-8-seed-6,flatline,8,6,"[""Fc4"", ""F2"", ""P6"", ""Fc2"", ""Cp2"", ""C3"", ""Afz"", ""Fc1""]",bandpower_lda,sub-001_run-12_sample-9968,12,9968,10128,10608,62.3,TASK2T1,0,4.1,0,1,0.0,1.0
flatline-8-seed-6,flatline,8,6,"[""Fc4"", ""F2"", ""P6"", ""Fc2"", ""Cp2"", ""C3"", ""Afz"", ""Fc1""]",bandpower_lda,sub-001_run-12_sample-11296,12,11296,11456,11936,70.6,TASK2T1,0,4.1,0,1,0.0,1.0
flatline-8-seed-6,flatline,8,6,"[""Fc4"", ""F2"", ""P6"", ""Fc2"", ""Cp2"", ""C3"", ""Afz"", ""Fc1""]",bandpower_lda,sub-001_run-12_sample-12624,12,12624,12784,13264,78.9,TASK2T2,1,4.1,1,1,0.0,1.0
flatline-8-seed-6,flatline,8,6,"[""Fc4"", ""F2"", ""P6"", ""Fc2"", ""Cp2"", ""C3"", ""Afz"", ""Fc1""]",bandpower_lda,sub-001_run-12_sample-13952,12,13952,14112,14592,87.2,TASK2T2,1,4.1,1,1,0.0,1.0
flatline-8-seed-6,flatline,8,6,"[""Fc4"", ""F2"", ""P6"", ""Fc2"", ""Cp2"", ""C3"", ""Afz"", ""Fc1""]",bandpower_lda,sub-001_run-12_sample-15280,12,15280,15440,15920,95.5,TASK2T1,0,4.1,0,1,0.0,1.0
flatline-8-seed-6,flatline,8,6,"[""Fc4"", ""F2"", ""P6"", ""Fc2"", ""Cp2"", ""C3"", ""Afz"", ""Fc1""]",bandpower_lda,sub-001_run-12_sample-16608,12,16608,16768,17248,103.8,TASK2T2,1,4.1,1,1,0.0,1.0
flatline-8-seed-6,flatline,8,6,"[""Fc4"", ""F2"", ""P6"", ""Fc2"", ""Cp2"", ""C3"", ""Afz"", ""Fc1""]",bandpower_lda,sub-001_run-12_sample-17936,12,17936,18096,18576,112.1,TASK2T1,0,4.1,0,1,0.0,1.0
flatline-8-seed-6,flatline,8,6,"[""Fc4"", ""F2"", ""P6"", ""Fc2"", ""Cp2"", ""C3"", ""Afz"", ""Fc1""]",bandpower_lda,sub-001_run-12_sample-19264,12,19264,19424,19904,120.4,TASK2T2,1,4.1,1,1,0.0,1.0
flatline-8-seed-7,flatline,8,7,"[""Cp1"", ""Af4"", ""P8"", ""Cz"", ""F4"", ""P6"", ""P1"", ""C4""]",csp_lda,sub-001_run-12_sample-672,12,672,832,1312,4.2,TASK2T2,1,4.1,1,1,0.052531215150094734,0.9474687848499053
flatline-8-seed-7,flatline,8,7,"[""Cp1"", ""Af4"", ""P8"", ""Cz"", ""F4"", ""P6"", ""P1"", ""C4""]",csp_lda,sub-001_run-12_sample-2000,12,2000,2160,2640,12.5,TASK2T1,0,4.1,0,1,0.4913232942948704,0.5086767057051296
flatline-8-seed-7,flatline,8,7,"[""Cp1"", ""Af4"", ""P8"", ""Cz"", ""F4"", ""P6"", ""P1"", ""C4""]",csp_lda,sub-001_run-12_sample-3328,12,3328,3488,3968,20.8,TASK2T2,1,4.1,1,0,0.9792253449930668,0.020774655006933235
flatline-8-seed-7,flatline,8,7,"[""Cp1"", ""Af4"", ""P8"", ""Cz"", ""F4"", ""P6"", ""P1"", ""C4""]",csp_lda,sub-001_run-12_sample-4656,12,4656,4816,5296,29.1,TASK2T1,0,4.1,0,1,0.3732496850640534,0.6267503149359466
flatline-8-seed-7,flatline,8,7,"[""Cp1"", ""Af4"", ""P8"", ""Cz"", ""F4"", ""P6"", ""P1"", ""C4""]",csp_lda,sub-001_run-12_sample-5984,12,5984,6144,6624,37.4,TASK2T1,0,4.1,0,0,0.971213877024993,0.028786122975007093
flatline-8-seed-7,flatline,8,7,"[""Cp1"", ""Af4"", ""P8"", ""Cz"", ""F4"", ""P6"", ""P1"", ""C4""]",csp_lda,sub-001_run-12_sample-7312,12,7312,7472,7952,45.7,TASK2T2,1,4.1,1,0,0.9933254282599835,0.006674571740016471
flatline-8-seed-7,flatline,8,7,"[""Cp1"", ""Af4"", ""P8"", ""Cz"", ""F4"", ""P6"", ""P1"", ""C4""]",csp_lda,sub-001_run-12_sample-8640,12,8640,8800,9280,54.0,TASK2T2,1,4.1,1,1,0.008897691421111742,0.9911023085788883
flatline-8-seed-7,flatline,8,7,"[""Cp1"", ""Af4"", ""P8"", ""Cz"", ""F4"", ""P6"", ""P1"", ""C4""]",csp_lda,sub-001_run-12_sample-9968,12,9968,10128,10608,62.3,TASK2T1,0,4.1,0,0,0.8321408802589487,0.16785911974105125
flatline-8-seed-7,flatline,8,7,"[""Cp1"", ""Af4"", ""P8"", ""Cz"", ""F4"", ""P6"", ""P1"", ""C4""]",csp_lda,sub-001_run-12_sample-11296,12,11296,11456,11936,70.6,TASK2T1,0,4.1,0,0,0.9720177759174314,0.027982224082568518
flatline-8-seed-7,flatline,8,7,"[""Cp1"", ""Af4"", ""P8"", ""Cz"", ""F4"", ""P6"", ""P1"", ""C4""]",csp_lda,sub-001_run-12_sample-12624,12,12624,12784,13264,78.9,TASK2T2,1,4.1,1,0,0.9965181756623379,0.0034818243376620807
flatline-8-seed-7,flatline,8,7,"[""Cp1"", ""Af4"", ""P8"", ""Cz"", ""F4"", ""P6"", ""P1"", ""C4""]",csp_lda,sub-001_run-12_sample-13952,12,13952,14112,14592,87.2,TASK2T2,1,4.1,1,0,0.9993779694508093,0.0006220305491907269
flatline-8-seed-7,flatline,8,7,"[""Cp1"", ""Af4"", ""P8"", ""Cz"", ""F4"", ""P6"", ""P1"", ""C4""]",csp_lda,sub-001_run-12_sample-15280,12,15280,15440,15920,95.5,TASK2T1,0,4.1,0,0,0.9999608771174291,3.9122882570869844e-05
flatline-8-seed-7,flatline,8,7,"[""Cp1"", ""Af4"", ""P8"", ""Cz"", ""F4"", ""P6"", ""P1"", ""C4""]",csp_lda,sub-001_run-12_sample-16608,12,16608,16768,17248,103.8,TASK2T2,1,4.1,1,0,0.999948077801422,5.192219857798633e-05
flatline-8-seed-7,flatline,8,7,"[""Cp1"", ""Af4"", ""P8"", ""Cz"", ""F4"", ""P6"", ""P1"", ""C4""]",csp_lda,sub-001_run-12_sample-17936,12,17936,18096,18576,112.1,TASK2T1,0,4.1,0,0,0.9987278885609457,0.0012721114390542305
flatline-8-seed-7,flatline,8,7,"[""Cp1"", ""Af4"", ""P8"", ""Cz"", ""F4"", ""P6"", ""P1"", ""C4""]",csp_lda,sub-001_run-12_sample-19264,12,19264,19424,19904,120.4,TASK2T2,1,4.1,1,0,0.57424643196129,0.42575356803871
flatline-8-seed-7,flatline,8,7,"[""Cp1"", ""Af4"", ""P8"", ""Cz"", ""F4"", ""P6"", ""P1"", ""C4""]",bandpower_lda,sub-001_run-12_sample-672,12,672,832,1312,4.2,TASK2T2,1,4.1,1,1,0.06398166411776918,0.9360183358822308
flatline-8-seed-7,flatline,8,7,"[""Cp1"", ""Af4"", ""P8"", ""Cz"", ""F4"", ""P6"", ""P1"", ""C4""]",bandpower_lda,sub-001_run-12_sample-2000,12,2000,2160,2640,12.5,TASK2T1,0,4.1,0,1,0.0001379842569783074,0.9998620157430217
flatline-8-seed-7,flatline,8,7,"[""Cp1"", ""Af4"", ""P8"", ""Cz"", ""F4"", ""P6"", ""P1"", ""C4""]",bandpower_lda,sub-001_run-12_sample-3328,12,3328,3488,3968,20.8,TASK2T2,1,4.1,1,1,0.01272973351630824,0.9872702664836918
flatline-8-seed-7,flatline,8,7,"[""Cp1"", ""Af4"", ""P8"", ""Cz"", ""F4"", ""P6"", ""P1"", ""C4""]",bandpower_lda,sub-001_run-12_sample-4656,12,4656,4816,5296,29.1,TASK2T1,0,4.1,0,0,0.8563363245340048,0.14366367546599523
flatline-8-seed-7,flatline,8,7,"[""Cp1"", ""Af4"", ""P8"", ""Cz"", ""F4"", ""P6"", ""P1"", ""C4""]",bandpower_lda,sub-001_run-12_sample-5984,12,5984,6144,6624,37.4,TASK2T1,0,4.1,0,1,0.010752836033559587,0.9892471639664404
flatline-8-seed-7,flatline,8,7,"[""Cp1"", ""Af4"", ""P8"", ""Cz"", ""F4"", ""P6"", ""P1"", ""C4""]",bandpower_lda,sub-001_run-12_sample-7312,12,7312,7472,7952,45.7,TASK2T2,1,4.1,1,1,6.484852654864426e-10,0.9999999993515147
flatline-8-seed-7,flatline,8,7,"[""Cp1"", ""Af4"", ""P8"", ""Cz"", ""F4"", ""P6"", ""P1"", ""C4""]",bandpower_lda,sub-001_run-12_sample-8640,12,8640,8800,9280,54.0,TASK2T2,1,4.1,1,1,0.00014630094578171882,0.9998536990542183
flatline-8-seed-7,flatline,8,7,"[""Cp1"", ""Af4"", ""P8"", ""Cz"", ""F4"", ""P6"", ""P1"", ""C4""]",bandpower_lda,sub-001_run-12_sample-9968,12,9968,10128,10608,62.3,TASK2T1,0,4.1,0,1,6.058012719845074e-05,0.9999394198728015
flatline-8-seed-7,flatline,8,7,"[""Cp1"", ""Af4"", ""P8"", ""Cz"", ""F4"", ""P6"", ""P1"", ""C4""]",bandpower_lda,sub-001_run-12_sample-11296,12,11296,11456,11936,70.6,TASK2T1,0,4.1,0,1,9.078815588203781e-09,0.9999999909211844
flatline-8-seed-7,flatline,8,7,"[""Cp1"", ""Af4"", ""P8"", ""Cz"", ""F4"", ""P6"", ""P1"", ""C4""]",bandpower_lda,sub-001_run-12_sample-12624,12,12624,12784,13264,78.9,TASK2T2,1,4.1,1,1,0.007590098997458772,0.9924099010025412
flatline-8-seed-7,flatline,8,7,"[""Cp1"", ""Af4"", ""P8"", ""Cz"", ""F4"", ""P6"", ""P1"", ""C4""]",bandpower_lda,sub-001_run-12_sample-13952,12,13952,14112,14592,87.2,TASK2T2,1,4.1,1,1,0.2723461684027765,0.7276538315972235
flatline-8-seed-7,flatline,8,7,"[""Cp1"", ""Af4"", ""P8"", ""Cz"", ""F4"", ""P6"", ""P1"", ""C4""]",bandpower_lda,sub-001_run-12_sample-15280,12,15280,15440,15920,95.5,TASK2T1,0,4.1,0,0,0.9852953325127557,0.01470466748724431
flatline-8-seed-7,flatline,8,7,"[""Cp1"", ""Af4"", ""P8"", ""Cz"", ""F4"", ""P6"", ""P1"", ""C4""]",bandpower_lda,sub-001_run-12_sample-16608,12,16608,16768,17248,103.8,TASK2T2,1,4.1,1,0,0.9997429648597908,0.00025703514020929716
flatline-8-seed-7,flatline,8,7,"[""Cp1"", ""Af4"", ""P8"", ""Cz"", ""F4"", ""P6"", ""P1"", ""C4""]",bandpower_lda,sub-001_run-12_sample-17936,12,17936,18096,18576,112.1,TASK2T1,0,4.1,0,0,0.9882676050526916,0.011732394947308341
flatline-8-seed-7,flatline,8,7,"[""Cp1"", ""Af4"", ""P8"", ""Cz"", ""F4"", ""P6"", ""P1"", ""C4""]",bandpower_lda,sub-001_run-12_sample-19264,12,19264,19424,19904,120.4,TASK2T2,1,4.1,1,0,0.6309057695111956,0.3690942304888044
flatline-8-seed-8,flatline,8,8,"[""Cp1"", ""T10"", ""Fc3"", ""Tp8"", ""Fc5"", ""C4"", ""T9"", ""Cp4""]",csp_lda,sub-001_run-12_sample-672,12,672,832,1312,4.2,TASK2T2,1,4.1,1,1,0.010539927424176199,0.9894600725758238
flatline-8-seed-8,flatline,8,8,"[""Cp1"", ""T10"", ""Fc3"", ""Tp8"", ""Fc5"", ""C4"", ""T9"", ""Cp4""]",csp_lda,sub-001_run-12_sample-2000,12,2000,2160,2640,12.5,TASK2T1,0,4.1,0,1,0.01261125605612956,0.9873887439438704
flatline-8-seed-8,flatline,8,8,"[""Cp1"", ""T10"", ""Fc3"", ""Tp8"", ""Fc5"", ""C4"", ""T9"", ""Cp4""]",csp_lda,sub-001_run-12_sample-3328,12,3328,3488,3968,20.8,TASK2T2,1,4.1,1,0,0.9041727219799772,0.09582727802002276
flatline-8-seed-8,flatline,8,8,"[""Cp1"", ""T10"", ""Fc3"", ""Tp8"", ""Fc5"", ""C4"", ""T9"", ""Cp4""]",csp_lda,sub-001_run-12_sample-4656,12,4656,4816,5296,29.1,TASK2T1,0,4.1,0,1,0.018322019367717823,0.9816779806322822
flatline-8-seed-8,flatline,8,8,"[""Cp1"", ""T10"", ""Fc3"", ""Tp8"", ""Fc5"", ""C4"", ""T9"", ""Cp4""]",csp_lda,sub-001_run-12_sample-5984,12,5984,6144,6624,37.4,TASK2T1,0,4.1,0,1,0.1215321161615206,0.8784678838384794
flatline-8-seed-8,flatline,8,8,"[""Cp1"", ""T10"", ""Fc3"", ""Tp8"", ""Fc5"", ""C4"", ""T9"", ""Cp4""]",csp_lda,sub-001_run-12_sample-7312,12,7312,7472,7952,45.7,TASK2T2,1,4.1,1,0,0.909329598474634,0.09067040152536594
flatline-8-seed-8,flatline,8,8,"[""Cp1"", ""T10"", ""Fc3"", ""Tp8"", ""Fc5"", ""C4"", ""T9"", ""Cp4""]",csp_lda,sub-001_run-12_sample-8640,12,8640,8800,9280,54.0,TASK2T2,1,4.1,1,1,0.001728570233387905,0.9982714297666121
flatline-8-seed-8,flatline,8,8,"[""Cp1"", ""T10"", ""Fc3"", ""Tp8"", ""Fc5"", ""C4"", ""T9"", ""Cp4""]",csp_lda,sub-001_run-12_sample-9968,12,9968,10128,10608,62.3,TASK2T1,0,4.1,0,0,0.5242828328514668,0.4757171671485332
flatline-8-seed-8,flatline,8,8,"[""Cp1"", ""T10"", ""Fc3"", ""Tp8"", ""Fc5"", ""C4"", ""T9"", ""Cp4""]",csp_lda,sub-001_run-12_sample-11296,12,11296,11456,11936,70.6,TASK2T1,0,4.1,0,0,0.9862287708849756,0.013771229115024328
flatline-8-seed-8,flatline,8,8,"[""Cp1"", ""T10"", ""Fc3"", ""Tp8"", ""Fc5"", ""C4"", ""T9"", ""Cp4""]",csp_lda,sub-001_run-12_sample-12624,12,12624,12784,13264,78.9,TASK2T2,1,4.1,1,0,0.8506440898609056,0.14935591013909438
flatline-8-seed-8,flatline,8,8,"[""Cp1"", ""T10"", ""Fc3"", ""Tp8"", ""Fc5"", ""C4"", ""T9"", ""Cp4""]",csp_lda,sub-001_run-12_sample-13952,12,13952,14112,14592,87.2,TASK2T2,1,4.1,1,0,0.994973564534319,0.0050264354656810685
flatline-8-seed-8,flatline,8,8,"[""Cp1"", ""T10"", ""Fc3"", ""Tp8"", ""Fc5"", ""C4"", ""T9"", ""Cp4""]",csp_lda,sub-001_run-12_sample-15280,12,15280,15440,15920,95.5,TASK2T1,0,4.1,0,0,0.9990519709269503,0.0009480290730496693
flatline-8-seed-8,flatline,8,8,"[""Cp1"", ""T10"", ""Fc3"", ""Tp8"", ""Fc5"", ""C4"", ""T9"", ""Cp4""]",csp_lda,sub-001_run-12_sample-16608,12,16608,16768,17248,103.8,TASK2T2,1,4.1,1,0,0.876953580132724,0.12304641986727609
flatline-8-seed-8,flatline,8,8,"[""Cp1"", ""T10"", ""Fc3"", ""Tp8"", ""Fc5"", ""C4"", ""T9"", ""Cp4""]",csp_lda,sub-001_run-12_sample-17936,12,17936,18096,18576,112.1,TASK2T1,0,4.1,0,0,0.9948636916820703,0.005136308317929661
flatline-8-seed-8,flatline,8,8,"[""Cp1"", ""T10"", ""Fc3"", ""Tp8"", ""Fc5"", ""C4"", ""T9"", ""Cp4""]",csp_lda,sub-001_run-12_sample-19264,12,19264,19424,19904,120.4,TASK2T2,1,4.1,1,1,0.027479350283690307,0.9725206497163097
flatline-8-seed-8,flatline,8,8,"[""Cp1"", ""T10"", ""Fc3"", ""Tp8"", ""Fc5"", ""C4"", ""T9"", ""Cp4""]",bandpower_lda,sub-001_run-12_sample-672,12,672,832,1312,4.2,TASK2T2,1,4.1,1,0,1.0,2.786354312429995e-90
flatline-8-seed-8,flatline,8,8,"[""Cp1"", ""T10"", ""Fc3"", ""Tp8"", ""Fc5"", ""C4"", ""T9"", ""Cp4""]",bandpower_lda,sub-001_run-12_sample-2000,12,2000,2160,2640,12.5,TASK2T1,0,4.1,0,0,1.0,3.016976398416224e-88
flatline-8-seed-8,flatline,8,8,"[""Cp1"", ""T10"", ""Fc3"", ""Tp8"", ""Fc5"", ""C4"", ""T9"", ""Cp4""]",bandpower_lda,sub-001_run-12_sample-3328,12,3328,3488,3968,20.8,TASK2T2,1,4.1,1,0,1.0,3.567123189598423e-89
flatline-8-seed-8,flatline,8,8,"[""Cp1"", ""T10"", ""Fc3"", ""Tp8"", ""Fc5"", ""C4"", ""T9"", ""Cp4""]",bandpower_lda,sub-001_run-12_sample-4656,12,4656,4816,5296,29.1,TASK2T1,0,4.1,0,0,1.0,1.1830914227767962e-91
flatline-8-seed-8,flatline,8,8,"[""Cp1"", ""T10"", ""Fc3"", ""Tp8"", ""Fc5"", ""C4"", ""T9"", ""Cp4""]",bandpower_lda,sub-001_run-12_sample-5984,12,5984,6144,6624,37.4,TASK2T1,0,4.1,0,0,1.0,4.3307371427140315e-90
flatline-8-seed-8,flatline,8,8,"[""Cp1"", ""T10"", ""Fc3"", ""Tp8"", ""Fc5"", ""C4"", ""T9"", ""Cp4""]",bandpower_lda,sub-001_run-12_sample-7312,12,7312,7472,7952,45.7,TASK2T2,1,4.1,1,0,1.0,8.880096789429873e-85
flatline-8-seed-8,flatline,8,8,"[""Cp1"", ""T10"", ""Fc3"", ""Tp8"", ""Fc5"", ""C4"", ""T9"", ""Cp4""]",bandpower_lda,sub-001_run-12_sample-8640,12,8640,8800,9280,54.0,TASK2T2,1,4.1,1,0,1.0,1.1556760346041049e-88
flatline-8-seed-8,flatline,8,8,"[""Cp1"", ""T10"", ""Fc3"", ""Tp8"", ""Fc5"", ""C4"", ""T9"", ""Cp4""]",bandpower_lda,sub-001_run-12_sample-9968,12,9968,10128,10608,62.3,TASK2T1,0,4.1,0,0,1.0,9.726687842455855e-87
flatline-8-seed-8,flatline,8,8,"[""Cp1"", ""T10"", ""Fc3"", ""Tp8"", ""Fc5"", ""C4"", ""T9"", ""Cp4""]",bandpower_lda,sub-001_run-12_sample-11296,12,11296,11456,11936,70.6,TASK2T1,0,4.1,0,0,1.0,2.5964127563685336e-83
flatline-8-seed-8,flatline,8,8,"[""Cp1"", ""T10"", ""Fc3"", ""Tp8"", ""Fc5"", ""C4"", ""T9"", ""Cp4""]",bandpower_lda,sub-001_run-12_sample-12624,12,12624,12784,13264,78.9,TASK2T2,1,4.1,1,0,1.0,1.9137795263212068e-90
flatline-8-seed-8,flatline,8,8,"[""Cp1"", ""T10"", ""Fc3"", ""Tp8"", ""Fc5"", ""C4"", ""T9"", ""Cp4""]",bandpower_lda,sub-001_run-12_sample-13952,12,13952,14112,14592,87.2,TASK2T2,1,4.1,1,0,1.0,2.0914627213862416e-91
flatline-8-seed-8,flatline,8,8,"[""Cp1"", ""T10"", ""Fc3"", ""Tp8"", ""Fc5"", ""C4"", ""T9"", ""Cp4""]",bandpower_lda,sub-001_run-12_sample-15280,12,15280,15440,15920,95.5,TASK2T1,0,4.1,0,0,1.0,3.4007256358867273e-93
flatline-8-seed-8,flatline,8,8,"[""Cp1"", ""T10"", ""Fc3"", ""Tp8"", ""Fc5"", ""C4"", ""T9"", ""Cp4""]",bandpower_lda,sub-001_run-12_sample-16608,12,16608,16768,17248,103.8,TASK2T2,1,4.1,1,0,1.0,1.5653093284420456e-95
flatline-8-seed-8,flatline,8,8,"[""Cp1"", ""T10"", ""Fc3"", ""Tp8"", ""Fc5"", ""C4"", ""T9"", ""Cp4""]",bandpower_lda,sub-001_run-12_sample-17936,12,17936,18096,18576,112.1,TASK2T1,0,4.1,0,0,1.0,1.5696095579246387e-94
flatline-8-seed-8,flatline,8,8,"[""Cp1"", ""T10"", ""Fc3"", ""Tp8"", ""Fc5"", ""C4"", ""T9"", ""Cp4""]",bandpower_lda,sub-001_run-12_sample-19264,12,19264,19424,19904,120.4,TASK2T2,1,4.1,1,0,1.0,1.5762511038405533e-90
flatline-8-seed-9,flatline,8,9,"[""Fp1"", ""O1"", ""T10"", ""F7"", ""P1"", ""Cp2"", ""P6"", ""P4""]",csp_lda,sub-001_run-12_sample-672,12,672,832,1312,4.2,TASK2T2,1,4.1,1,0,0.9595477781080018,0.04045222189199813
flatline-8-seed-9,flatline,8,9,"[""Fp1"", ""O1"", ""T10"", ""F7"", ""P1"", ""Cp2"", ""P6"", ""P4""]",csp_lda,sub-001_run-12_sample-2000,12,2000,2160,2640,12.5,TASK2T1,0,4.1,0,0,0.9906584863712583,0.009341513628741728
flatline-8-seed-9,flatline,8,9,"[""Fp1"", ""O1"", ""T10"", ""F7"", ""P1"", ""Cp2"", ""P6"", ""P4""]",csp_lda,sub-001_run-12_sample-3328,12,3328,3488,3968,20.8,TASK2T2,1,4.1,1,0,0.9993659897017216,0.0006340102982783342
flatline-8-seed-9,flatline,8,9,"[""Fp1"", ""O1"", ""T10"", ""F7"", ""P1"", ""Cp2"", ""P6"", ""P4""]",csp_lda,sub-001_run-12_sample-4656,12,4656,4816,5296,29.1,TASK2T1,0,4.1,0,0,0.9896267435927113,0.010373256407288669
flatline-8-seed-9,flatline,8,9,"[""Fp1"", ""O1"", ""T10"", ""F7"", ""P1"", ""Cp2"", ""P6"", ""P4""]",csp_lda,sub-001_run-12_sample-5984,12,5984,6144,6624,37.4,TASK2T1,0,4.1,0,0,0.9820705769354374,0.01792942306456258
flatline-8-seed-9,flatline,8,9,"[""Fp1"", ""O1"", ""T10"", ""F7"", ""P1"", ""Cp2"", ""P6"", ""P4""]",csp_lda,sub-001_run-12_sample-7312,12,7312,7472,7952,45.7,TASK2T2,1,4.1,1,0,0.9934230605873736,0.006576939412626388
flatline-8-seed-9,flatline,8,9,"[""Fp1"", ""O1"", ""T10"", ""F7"", ""P1"", ""Cp2"", ""P6"", ""P4""]",csp_lda,sub-001_run-12_sample-8640,12,8640,8800,9280,54.0,TASK2T2,1,4.1,1,1,0.18654768033750646,0.8134523196624935
flatline-8-seed-9,flatline,8,9,"[""Fp1"", ""O1"", ""T10"", ""F7"", ""P1"", ""Cp2"", ""P6"", ""P4""]",csp_lda,sub-001_run-12_sample-9968,12,9968,10128,10608,62.3,TASK2T1,0,4.1,0,0,0.9996961050240425,0.00030389497595751595
flatline-8-seed-9,flatline,8,9,"[""Fp1"", ""O1"", ""T10"", ""F7"", ""P1"", ""Cp2"", ""P6"", ""P4""]",csp_lda,sub-001_run-12_sample-11296,12,11296,11456,11936,70.6,TASK2T1,0,4.1,0,0,0.9999972124351566,2.7875648434022986e-06
flatline-8-seed-9,flatline,8,9,"[""Fp1"", ""O1"", ""T10"", ""F7"", ""P1"", ""Cp2"", ""P6"", ""P4""]",csp_lda,sub-001_run-12_sample-12624,12,12624,12784,13264,78.9,TASK2T2,1,4.1,1,0,0.999715453376276,0.00028454662372399676
flatline-8-seed-9,flatline,8,9,"[""Fp1"", ""O1"", ""T10"", ""F7"", ""P1"", ""Cp2"", ""P6"", ""P4""]",csp_lda,sub-001_run-12_sample-13952,12,13952,14112,14592,87.2,TASK2T2,1,4.1,1,0,0.9999468843974256,5.3115602574316516e-05
flatline-8-seed-9,flatline,8,9,"[""Fp1"", ""O1"", ""T10"", ""F7"", ""P1"", ""Cp2"", ""P6"", ""P4""]",csp_lda,sub-001_run-12_sample-15280,12,15280,15440,15920,95.5,TASK2T1,0,4.1,0,0,0.999998822237972,1.1777620280559472e-06
flatline-8-seed-9,flatline,8,9,"[""Fp1"", ""O1"", ""T10"", ""F7"", ""P1"", ""Cp2"", ""P6"", ""P4""]",csp_lda,sub-001_run-12_sample-16608,12,16608,16768,17248,103.8,TASK2T2,1,4.1,1,0,0.9999900320150683,9.96798493169338e-06
flatline-8-seed-9,flatline,8,9,"[""Fp1"", ""O1"", ""T10"", ""F7"", ""P1"", ""Cp2"", ""P6"", ""P4""]",csp_lda,sub-001_run-12_sample-17936,12,17936,18096,18576,112.1,TASK2T1,0,4.1,0,0,0.9997677826037998,0.00023221739620018686
flatline-8-seed-9,flatline,8,9,"[""Fp1"", ""O1"", ""T10"", ""F7"", ""P1"", ""Cp2"", ""P6"", ""P4""]",csp_lda,sub-001_run-12_sample-19264,12,19264,19424,19904,120.4,TASK2T2,1,4.1,1,0,0.9908930114334347,0.00910698856656536
flatline-8-seed-9,flatline,8,9,"[""Fp1"", ""O1"", ""T10"", ""F7"", ""P1"", ""Cp2"", ""P6"", ""P4""]",bandpower_lda,sub-001_run-12_sample-672,12,672,832,1312,4.2,TASK2T2,1,4.1,1,0,1.0,2.1399869160746535e-111
flatline-8-seed-9,flatline,8,9,"[""Fp1"", ""O1"", ""T10"", ""F7"", ""P1"", ""Cp2"", ""P6"", ""P4""]",bandpower_lda,sub-001_run-12_sample-2000,12,2000,2160,2640,12.5,TASK2T1,0,4.1,0,0,1.0,7.833860150651559e-110
flatline-8-seed-9,flatline,8,9,"[""Fp1"", ""O1"", ""T10"", ""F7"", ""P1"", ""Cp2"", ""P6"", ""P4""]",bandpower_lda,sub-001_run-12_sample-3328,12,3328,3488,3968,20.8,TASK2T2,1,4.1,1,0,1.0,2.295591974217102e-110
flatline-8-seed-9,flatline,8,9,"[""Fp1"", ""O1"", ""T10"", ""F7"", ""P1"", ""Cp2"", ""P6"", ""P4""]",bandpower_lda,sub-001_run-12_sample-4656,12,4656,4816,5296,29.1,TASK2T1,0,4.1,0,0,1.0,1.1872275130637166e-113
flatline-8-seed-9,flatline,8,9,"[""Fp1"", ""O1"", ""T10"", ""F7"", ""P1"", ""Cp2"", ""P6"", ""P4""]",bandpower_lda,sub-001_run-12_sample-5984,12,5984,6144,6624,37.4,TASK2T1,0,4.1,0,0,1.0,6.88036015879302e-113
flatline-8-seed-9,flatline,8,9,"[""Fp1"", ""O1"", ""T10"", ""F7"", ""P1"", ""Cp2"", ""P6"", ""P4""]",bandpower_lda,sub-001_run-12_sample-7312,12,7312,7472,7952,45.7,TASK2T2,1,4.1,1,0,1.0,4.850213367713978e-104
flatline-8-seed-9,flatline,8,9,"[""Fp1"", ""O1"", ""T10"", ""F7"", ""P1"", ""Cp2"", ""P6"", ""P4""]",bandpower_lda,sub-001_run-12_sample-8640,12,8640,8800,9280,54.0,TASK2T2,1,4.1,1,0,1.0,1.2758902005719486e-109
flatline-8-seed-9,flatline,8,9,"[""Fp1"", ""O1"", ""T10"", ""F7"", ""P1"", ""Cp2"", ""P6"", ""P4""]",bandpower_lda,sub-001_run-12_sample-9968,12,9968,10128,10608,62.3,TASK2T1,0,4.1,0,0,1.0,5.726874861286368e-110
flatline-8-seed-9,flatline,8,9,"[""Fp1"", ""O1"", ""T10"", ""F7"", ""P1"", ""Cp2"", ""P6"", ""P4""]",bandpower_lda,sub-001_run-12_sample-11296,12,11296,11456,11936,70.6,TASK2T1,0,4.1,0,0,1.0,2.109587312509002e-105
flatline-8-seed-9,flatline,8,9,"[""Fp1"", ""O1"", ""T10"", ""F7"", ""P1"", ""Cp2"", ""P6"", ""P4""]",bandpower_lda,sub-001_run-12_sample-12624,12,12624,12784,13264,78.9,TASK2T2,1,4.1,1,0,1.0,1.1006777800561948e-111
flatline-8-seed-9,flatline,8,9,"[""Fp1"", ""O1"", ""T10"", ""F7"", ""P1"", ""Cp2"", ""P6"", ""P4""]",bandpower_lda,sub-001_run-12_sample-13952,12,13952,14112,14592,87.2,TASK2T2,1,4.1,1,0,1.0,9.475180951273012e-113
flatline-8-seed-9,flatline,8,9,"[""Fp1"", ""O1"", ""T10"", ""F7"", ""P1"", ""Cp2"", ""P6"", ""P4""]",bandpower_lda,sub-001_run-12_sample-15280,12,15280,15440,15920,95.5,TASK2T1,0,4.1,0,0,1.0,6.466516866812578e-116
flatline-8-seed-9,flatline,8,9,"[""Fp1"", ""O1"", ""T10"", ""F7"", ""P1"", ""Cp2"", ""P6"", ""P4""]",bandpower_lda,sub-001_run-12_sample-16608,12,16608,16768,17248,103.8,TASK2T2,1,4.1,1,0,1.0,1.9101002999345485e-118
flatline-8-seed-9,flatline,8,9,"[""Fp1"", ""O1"", ""T10"", ""F7"", ""P1"", ""Cp2"", ""P6"", ""P4""]",bandpower_lda,sub-001_run-12_sample-17936,12,17936,18096,18576,112.1,TASK2T1,0,4.1,0,0,1.0,6.339419931150623e-115
flatline-8-seed-9,flatline,8,9,"[""Fp1"", ""O1"", ""T10"", ""F7"", ""P1"", ""Cp2"", ""P6"", ""P4""]",bandpower_lda,sub-001_run-12_sample-19264,12,19264,19424,19904,120.4,TASK2T2,1,4.1,1,0,1.0,5.030170018771012e-113
flatline-16-seed-0,flatline,16,0,"[""Cp1"", ""F6"", ""Af4"", ""C3"", ""Tp7"", ""Fp2"", ""P6"", ""Fc2"", ""Po4"", ""Pz"", ""Cz"", ""Fc1"", ""T9"", ""F2"", ""Cp4"", ""P5""]",csp_lda,sub-001_run-12_sample-672,12,672,832,1312,4.2,TASK2T2,1,4.1,1,1,2.9540292962537684e-05,0.9999704597070375
flatline-16-seed-0,flatline,16,0,"[""Cp1"", ""F6"", ""Af4"", ""C3"", ""Tp7"", ""Fp2"", ""P6"", ""Fc2"", ""Po4"", ""Pz"", ""Cz"", ""Fc1"", ""T9"", ""F2"", ""Cp4"", ""P5""]",csp_lda,sub-001_run-12_sample-2000,12,2000,2160,2640,12.5,TASK2T1,0,4.1,0,1,0.00022433576169178515,0.9997756642383082
flatline-16-seed-0,flatline,16,0,"[""Cp1"", ""F6"", ""Af4"", ""C3"", ""Tp7"", ""Fp2"", ""P6"", ""Fc2"", ""Po4"", ""Pz"", ""Cz"", ""Fc1"", ""T9"", ""F2"", ""Cp4"", ""P5""]",csp_lda,sub-001_run-12_sample-3328,12,3328,3488,3968,20.8,TASK2T2,1,4.1,1,1,0.3392894619215959,0.6607105380784041
flatline-16-seed-0,flatline,16,0,"[""Cp1"", ""F6"", ""Af4"", ""C3"", ""Tp7"", ""Fp2"", ""P6"", ""Fc2"", ""Po4"", ""Pz"", ""Cz"", ""Fc1"", ""T9"", ""F2"", ""Cp4"", ""P5""]",csp_lda,sub-001_run-12_sample-4656,12,4656,4816,5296,29.1,TASK2T1,0,4.1,0,1,0.0007240799667771469,0.9992759200332229
flatline-16-seed-0,flatline,16,0,"[""Cp1"", ""F6"", ""Af4"", ""C3"", ""Tp7"", ""Fp2"", ""P6"", ""Fc2"", ""Po4"", ""Pz"", ""Cz"", ""Fc1"", ""T9"", ""F2"", ""Cp4"", ""P5""]",csp_lda,sub-001_run-12_sample-5984,12,5984,6144,6624,37.4,TASK2T1,0,4.1,0,1,0.1454586398957356,0.8545413601042644
flatline-16-seed-0,flatline,16,0,"[""Cp1"", ""F6"", ""Af4"", ""C3"", ""Tp7"", ""Fp2"", ""P6"", ""Fc2"", ""Po4"", ""Pz"", ""Cz"", ""Fc1"", ""T9"", ""F2"", ""Cp4"", ""P5""]",csp_lda,sub-001_run-12_sample-7312,12,7312,7472,7952,45.7,TASK2T2,1,4.1,1,1,7.532122844922107e-05,0.9999246787715508
flatline-16-seed-0,flatline,16,0,"[""Cp1"", ""F6"", ""Af4"", ""C3"", ""Tp7"", ""Fp2"", ""P6"", ""Fc2"", ""Po4"", ""Pz"", ""Cz"", ""Fc1"", ""T9"", ""F2"", ""Cp4"", ""P5""]",csp_lda,sub-001_run-12_sample-8640,12,8640,8800,9280,54.0,TASK2T2,1,4.1,1,1,0.0028515147027158294,0.9971484852972842
flatline-16-seed-0,flatline,16,0,"[""Cp1"", ""F6"", ""Af4"", ""C3"", ""Tp7"", ""Fp2"", ""P6"", ""Fc2"", ""Po4"", ""Pz"", ""Cz"", ""Fc1"", ""T9"", ""F2"", ""Cp4"", ""P5""]",csp_lda,sub-001_run-12_sample-9968,12,9968,10128,10608,62.3,TASK2T1,0,4.1,0,1,0.01929526436537743,0.9807047356346226
flatline-16-seed-0,flatline,16,0,"[""Cp1"", ""F6"", ""Af4"", ""C3"", ""Tp7"", ""Fp2"", ""P6"", ""Fc2"", ""Po4"", ""Pz"", ""Cz"", ""Fc1"", ""T9"", ""F2"", ""Cp4"", ""P5""]",csp_lda,sub-001_run-12_sample-11296,12,11296,11456,11936,70.6,TASK2T1,0,4.1,0,0,0.6738501018869245,0.3261498981130755
flatline-16-seed-0,flatline,16,0,"[""Cp1"", ""F6"", ""Af4"", ""C3"", ""Tp7"", ""Fp2"", ""P6"", ""Fc2"", ""Po4"", ""Pz"", ""Cz"", ""Fc1"", ""T9"", ""F2"", ""Cp4"", ""P5""]",csp_lda,sub-001_run-12_sample-12624,12,12624,12784,13264,78.9,TASK2T2,1,4.1,1,1,0.008975962068282217,0.9910240379317178
flatline-16-seed-0,flatline,16,0,"[""Cp1"", ""F6"", ""Af4"", ""C3"", ""Tp7"", ""Fp2"", ""P6"", ""Fc2"", ""Po4"", ""Pz"", ""Cz"", ""Fc1"", ""T9"", ""F2"", ""Cp4"", ""P5""]",csp_lda,sub-001_run-12_sample-13952,12,13952,14112,14592,87.2,TASK2T2,1,4.1,1,0,0.7201534317042668,0.2798465682957332
flatline-16-seed-0,flatline,16,0,"[""Cp1"", ""F6"", ""Af4"", ""C3"", ""Tp7"", ""Fp2"", ""P6"", ""Fc2"", ""Po4"", ""Pz"", ""Cz"", ""Fc1"", ""T9"", ""F2"", ""Cp4"", ""P5""]",csp_lda,sub-001_run-12_sample-15280,12,15280,15440,15920,95.5,TASK2T1,0,4.1,0,0,0.8993702717388685,0.10062972826113148
flatline-16-seed-0,flatline,16,0,"[""Cp1"", ""F6"", ""Af4"", ""C3"", ""Tp7"", ""Fp2"", ""P6"", ""Fc2"", ""Po4"", ""Pz"", ""Cz"", ""Fc1"", ""T9"", ""F2"", ""Cp4"", ""P5""]",csp_lda,sub-001_run-12_sample-16608,12,16608,16768,17248,103.8,TASK2T2,1,4.1,1,0,0.9798200850504819,0.020179914949518048
flatline-16-seed-0,flatline,16,0,"[""Cp1"", ""F6"", ""Af4"", ""C3"", ""Tp7"", ""Fp2"", ""P6"", ""Fc2"", ""Po4"", ""Pz"", ""Cz"", ""Fc1"", ""T9"", ""F2"", ""Cp4"", ""P5""]",csp_lda,sub-001_run-12_sample-17936,12,17936,18096,18576,112.1,TASK2T1,0,4.1,0,0,0.7808495313783919,0.2191504686216082
flatline-16-seed-0,flatline,16,0,"[""Cp1"", ""F6"", ""Af4"", ""C3"", ""Tp7"", ""Fp2"", ""P6"", ""Fc2"", ""Po4"", ""Pz"", ""Cz"", ""Fc1"", ""T9"", ""F2"", ""Cp4"", ""P5""]",csp_lda,sub-001_run-12_sample-19264,12,19264,19424,19904,120.4,TASK2T2,1,4.1,1,1,0.007972313899753725,0.9920276861002463
flatline-16-seed-0,flatline,16,0,"[""Cp1"", ""F6"", ""Af4"", ""C3"", ""Tp7"", ""Fp2"", ""P6"", ""Fc2"", ""Po4"", ""Pz"", ""Cz"", ""Fc1"", ""T9"", ""F2"", ""Cp4"", ""P5""]",bandpower_lda,sub-001_run-12_sample-672,12,672,832,1312,4.2,TASK2T2,1,4.1,1,0,1.0,4.480398663648835e-80
flatline-16-seed-0,flatline,16,0,"[""Cp1"", ""F6"", ""Af4"", ""C3"", ""Tp7"", ""Fp2"", ""P6"", ""Fc2"", ""Po4"", ""Pz"", ""Cz"", ""Fc1"", ""T9"", ""F2"", ""Cp4"", ""P5""]",bandpower_lda,sub-001_run-12_sample-2000,12,2000,2160,2640,12.5,TASK2T1,0,4.1,0,0,1.0,3.96166539910571e-78
flatline-16-seed-0,flatline,16,0,"[""Cp1"", ""F6"", ""Af4"", ""C3"", ""Tp7"", ""Fp2"", ""P6"", ""Fc2"", ""Po4"", ""Pz"", ""Cz"", ""Fc1"", ""T9"", ""F2"", ""Cp4"", ""P5""]",bandpower_lda,sub-001_run-12_sample-3328,12,3328,3488,3968,20.8,TASK2T2,1,4.1,1,0,1.0,8.977496575187e-81
flatline-16-seed-0,flatline,16,0,"[""Cp1"", ""F6"", ""Af4"", ""C3"", ""Tp7"", ""Fp2"", ""P6"", ""Fc2"", ""Po4"", ""Pz"", ""Cz"", ""Fc1"", ""T9"", ""F2"", ""Cp4"", ""P5""]",bandpower_lda,sub-001_run-12_sample-4656,12,4656,4816,5296,29.1,TASK2T1,0,4.1,0,0,1.0,8.446678404206814e-83
flatline-16-seed-0,flatline,16,0,"[""Cp1"", ""F6"", ""Af4"", ""C3"", ""Tp7"", ""Fp2"", ""P6"", ""Fc2"", ""Po4"", ""Pz"", ""Cz"", ""Fc1"", ""T9"", ""F2"", ""Cp4"", ""P5""]",bandpower_lda,sub-001_run-12_sample-5984,12,5984,6144,6624,37.4,TASK2T1,0,4.1,0,0,1.0,5.253580048584387e-81
flatline-16-seed-0,flatline,16,0,"[""Cp1"", ""F6"", ""Af4"", ""C3"", ""Tp7"", ""Fp2"", ""P6"", ""Fc2"", ""Po4"", ""Pz"", ""Cz"", ""Fc1"", ""T9"", ""F2"", ""Cp4"", ""P5""]",bandpower_lda,sub-001_run-12_sample-7312,12,7312,7472,7952,45.7,TASK2T2,1,4.1,1,0,1.0,7.453381346604465e-73
flatline-16-seed-0,flatline,16,0,"[""Cp1"", ""F6"", ""Af4"", ""C3"", ""Tp7"", ""Fp2"", ""P6"", ""Fc2"", ""Po4"", ""Pz"", ""Cz"", ""Fc1"", ""T9"", ""F2"", ""Cp4"", ""P5""]",bandpower_lda,sub-001_run-12_sample-8640,12,8640,8800,9280,54.0,TASK2T2,1,4.1,1,0,1.0,1.6786609644164481e-78
flatline-16-seed-0,flatline,16,0,"[""Cp1"", ""F6"", ""Af4"", ""C3"", ""Tp7"", ""Fp2"", ""P6"", ""Fc2"", ""Po4"", ""Pz"", ""Cz"", ""Fc1"", ""T9"", ""F2"", ""Cp4"", ""P5""]",bandpower_lda,sub-001_run-12_sample-9968,12,9968,10128,10608,62.3,TASK2T1,0,4.1,0,0,1.0,1.2821499968997679e-77
flatline-16-seed-0,flatline,16,0,"[""Cp1"", ""F6"", ""Af4"", ""C3"", ""Tp7"", ""Fp2"", ""P6"", ""Fc2"", ""Po4"", ""Pz"", ""Cz"", ""Fc1"", ""T9"", ""F2"", ""Cp4"", ""P5""]",bandpower_lda,sub-001_run-12_sample-11296,12,11296,11456,11936,70.6,TASK2T1,0,4.1,0,0,1.0,4.326272983339354e-75
flatline-16-seed-0,flatline,16,0,"[""Cp1"", ""F6"", ""Af4"", ""C3"", ""Tp7"", ""Fp2"", ""P6"", ""Fc2"", ""Po4"", ""Pz"", ""Cz"", ""Fc1"", ""T9"", ""F2"", ""Cp4"", ""P5""]",bandpower_lda,sub-001_run-12_sample-12624,12,12624,12784,13264,78.9,TASK2T2,1,4.1,1,0,1.0,2.687486672790299e-79
flatline-16-seed-0,flatline,16,0,"[""Cp1"", ""F6"", ""Af4"", ""C3"", ""Tp7"", ""Fp2"", ""P6"", ""Fc2"", ""Po4"", ""Pz"", ""Cz"", ""Fc1"", ""T9"", ""F2"", ""Cp4"", ""P5""]",bandpower_lda,sub-001_run-12_sample-13952,12,13952,14112,14592,87.2,TASK2T2,1,4.1,1,0,1.0,2.183648041395988e-81
flatline-16-seed-0,flatline,16,0,"[""Cp1"", ""F6"", ""Af4"", ""C3"", ""Tp7"", ""Fp2"", ""P6"", ""Fc2"", ""Po4"", ""Pz"", ""Cz"", ""Fc1"", ""T9"", ""F2"", ""Cp4"", ""P5""]",bandpower_lda,sub-001_run-12_sample-15280,12,15280,15440,15920,95.5,TASK2T1,0,4.1,0,0,1.0,3.588139311796614e-83
flatline-16-seed-0,flatline,16,0,"[""Cp1"", ""F6"", ""Af4"", ""C3"", ""Tp7"", ""Fp2"", ""P6"", ""Fc2"", ""Po4"", ""Pz"", ""Cz"", ""Fc1"", ""T9"", ""F2"", ""Cp4"", ""P5""]",bandpower_lda,sub-001_run-12_sample-16608,12,16608,16768,17248,103.8,TASK2T2,1,4.1,1,0,1.0,1.7308343322523838e-84
flatline-16-seed-0,flatline,16,0,"[""Cp1"", ""F6"", ""Af4"", ""C3"", ""Tp7"", ""Fp2"", ""P6"", ""Fc2"", ""Po4"", ""Pz"", ""Cz"", ""Fc1"", ""T9"", ""F2"", ""Cp4"", ""P5""]",bandpower_lda,sub-001_run-12_sample-17936,12,17936,18096,18576,112.1,TASK2T1,0,4.1,0,0,1.0,3.5730887356760456e-83
flatline-16-seed-0,flatline,16,0,"[""Cp1"", ""F6"", ""Af4"", ""C3"", ""Tp7"", ""Fp2"", ""P6"", ""Fc2"", ""Po4"", ""Pz"", ""Cz"", ""Fc1"", ""T9"", ""F2"", ""Cp4"", ""P5""]",bandpower_lda,sub-001_run-12_sample-19264,12,19264,19424,19904,120.4,TASK2T2,1,4.1,1,0,1.0,2.21375626451309e-81
flatline-16-seed-1,flatline,16,1,"[""Oz"", ""Af7"", ""F8"", ""Af3"", ""Po4"", ""F5"", ""F4"", ""Af4"", ""Tp7"", ""Fcz"", ""Fc6"", ""Cp3"", ""Po3"", ""Cp1"", ""T10"", ""Ft8""]",csp_lda,sub-001_run-12_sample-672,12,672,832,1312,4.2,TASK2T2,1,4.1,1,0,0.9896936655199152,0.01030633448008478
flatline-16-seed-1,flatline,16,1,"[""Oz"", ""Af7"", ""F8"", ""Af3"", ""Po4"", ""F5"", ""F4"", ""Af4"", ""Tp7"", ""Fcz"", ""Fc6"", ""Cp3"", ""Po3"", ""Cp1"", ""T10"", ""Ft8""]",csp_lda,sub-001_run-12_sample-2000,12,2000,2160,2640,12.5,TASK2T1,0,4.1,0,0,0.9924489622505678,0.007551037749432195
flatline-16-seed-1,flatline,16,1,"[""Oz"", ""Af7"", ""F8"", ""Af3"", ""Po4"", ""F5"", ""F4"", ""Af4"", ""Tp7"", ""Fcz"", ""Fc6"", ""Cp3"", ""Po3"", ""Cp1"", ""T10"", ""Ft8""]",csp_lda,sub-001_run-12_sample-3328,12,3328,3488,3968,20.8,TASK2T2,1,4.1,1,0,0.9998815487615579,0.00011845123844217262
flatline-16-seed-1,flatline,16,1,"[""Oz"", ""Af7"", ""F8"", ""Af3"", ""Po4"", ""F5"", ""F4"", ""Af4"", ""Tp7"", ""Fcz"", ""Fc6"", ""Cp3"", ""Po3"", ""Cp1"", ""T10"", ""Ft8""]",csp_lda,sub-001_run-12_sample-4656,12,4656,4816,5296,29.1,TASK2T1,0,4.1,0,0,0.9864339390705957,0.013566060929404284
flatline-16-seed-1,flatline,16,1,"[""Oz"", ""Af7"", ""F8"", ""Af3"", ""Po4"", ""F5"", ""F4"", ""Af4"", ""Tp7"", ""Fcz"", ""Fc6"", ""Cp3"", ""Po3"", ""Cp1"", ""T10"", ""Ft8""]",csp_lda,sub-001_run-12_sample-5984,12,5984,6144,6624,37.4,TASK2T1,0,4.1,0,0,0.9990845440578938,0.0009154559421062078
flatline-16-seed-1,flatline,16,1,"[""Oz"", ""Af7"", ""F8"", ""Af3"", ""Po4"", ""F5"", ""F4"", ""Af4"", ""Tp7"", ""Fcz"", ""Fc6"", ""Cp3"", ""Po3"", ""Cp1"", ""T10"", ""Ft8""]",csp_lda,sub-001_run-12_sample-7312,12,7312,7472,7952,45.7,TASK2T2,1,4.1,1,0,0.947236897243343,0.05276310275665701
flatline-16-seed-1,flatline,16,1,"[""Oz"", ""Af7"", ""F8"", ""Af3"", ""Po4"", ""F5"", ""F4"", ""Af4"", ""Tp7"", ""Fcz"", ""Fc6"", ""Cp3"", ""Po3"", ""Cp1"", ""T10"", ""Ft8""]",csp_lda,sub-001_run-12_sample-8640,12,8640,8800,9280,54.0,TASK2T2,1,4.1,1,0,0.721144054971862,0.2788559450281381
flatline-16-seed-1,flatline,16,1,"[""Oz"", ""Af7"", ""F8"", ""Af3"", ""Po4"", ""F5"", ""F4"", ""Af4"", ""Tp7"", ""Fcz"", ""Fc6"", ""Cp3"", ""Po3"", ""Cp1"", ""T10"", ""Ft8""]",csp_lda,sub-001_run-12_sample-9968,12,9968,10128,10608,62.3,TASK2T1,0,4.1,0,0,0.9953539416946461,0.004646058305353914
flatline-16-seed-1,flatline,16,1,"[""Oz"", ""Af7"", ""F8"", ""Af3"", ""Po4"", ""F5"", ""F4"", ""Af4"", ""Tp7"", ""Fcz"", ""Fc6"", ""Cp3"", ""Po3"", ""Cp1"", ""T10"", ""Ft8""]",csp_lda,sub-001_run-12_sample-11296,12,11296,11456,11936,70.6,TASK2T1,0,4.1,0,0,0.9999460820322098,5.391796779014313e-05
flatline-16-seed-1,flatline,16,1,"[""Oz"", ""Af7"", ""F8"", ""Af3"", ""Po4"", ""F5"", ""F4"", ""Af4"", ""Tp7"", ""Fcz"", ""Fc6"", ""Cp3"", ""Po3"", ""Cp1"", ""T10"", ""Ft8""]",csp_lda,sub-001_run-12_sample-12624,12,12624,12784,13264,78.9,TASK2T2,1,4.1,1,0,0.9992176645046149,0.0007823354953851363
flatline-16-seed-1,flatline,16,1,"[""Oz"", ""Af7"", ""F8"", ""Af3"", ""Po4"", ""F5"", ""F4"", ""Af4"", ""Tp7"", ""Fcz"", ""Fc6"", ""Cp3"", ""Po3"", ""Cp1"", ""T10"", ""Ft8""]",csp_lda,sub-001_run-12_sample-13952,12,13952,14112,14592,87.2,TASK2T2,1,4.1,1,0,0.9999864715535355,1.352844646451318e-05
flatline-16-seed-1,flatline,16,1,"[""Oz"", ""Af7"", ""F8"", ""Af3"", ""Po4"", ""F5"", ""F4"", ""Af4"", ""Tp7"", ""Fcz"", ""Fc6"", ""Cp3"", ""Po3"", ""Cp1"", ""T10"", ""Ft8""]",csp_lda,sub-001_run-12_sample-15280,12,15280,15440,15920,95.5,TASK2T1,0,4.1,0,0,0.9999998532190709,1.4678092903118283e-07
flatline-16-seed-1,flatline,16,1,"[""Oz"", ""Af7"", ""F8"", ""Af3"", ""Po4"", ""F5"", ""F4"", ""Af4"", ""Tp7"", ""Fcz"", ""Fc6"", ""Cp3"", ""Po3"", ""Cp1"", ""T10"", ""Ft8""]",csp_lda,sub-001_run-12_sample-16608,12,16608,16768,17248,103.8,TASK2T2,1,4.1,1,0,0.9999997708217725,2.2917822748189022e-07
flatline-16-seed-1,flatline,16,1,"[""Oz"", ""Af7"", ""F8"", ""Af3"", ""Po4"", ""F5"", ""F4"", ""Af4"", ""Tp7"", ""Fcz"", ""Fc6"", ""Cp3"", ""Po3"", ""Cp1"", ""T10"", ""Ft8""]",csp_lda,sub-001_run-12_sample-17936,12,17936,18096,18576,112.1,TASK2T1,0,4.1,0,0,0.999349941953965,0.0006500580460350431
flatline-16-seed-1,flatline,16,1,"[""Oz"", ""Af7"", ""F8"", ""Af3"", ""Po4"", ""F5"", ""F4"", ""Af4"", ""Tp7"", ""Fcz"", ""Fc6"", ""Cp3"", ""Po3"", ""Cp1"", ""T10"", ""Ft8""]",csp_lda,sub-001_run-12_sample-19264,12,19264,19424,19904,120.4,TASK2T2,1,4.1,1,0,0.996643681676674,0.0033563183233258926
flatline-16-seed-1,flatline,16,1,"[""Oz"", ""Af7"", ""F8"", ""Af3"", ""Po4"", ""F5"", ""F4"", ""Af4"", ""Tp7"", ""Fcz"", ""Fc6"", ""Cp3"", ""Po3"", ""Cp1"", ""T10"", ""Ft8""]",bandpower_lda,sub-001_run-12_sample-672,12,672,832,1312,4.2,TASK2T2,1,4.1,1,0,0.9999999995474325,4.52567503891862e-10
flatline-16-seed-1,flatline,16,1,"[""Oz"", ""Af7"", ""F8"", ""Af3"", ""Po4"", ""F5"", ""F4"", ""Af4"", ""Tp7"", ""Fcz"", ""Fc6"", ""Cp3"", ""Po3"", ""Cp1"", ""T10"", ""Ft8""]",bandpower_lda,sub-001_run-12_sample-2000,12,2000,2160,2640,12.5,TASK2T1,0,4.1,0,0,0.9999994914387158,5.085612842127125e-07
flatline-16-seed-1,flatline,16,1,"[""Oz"", ""Af7"", ""F8"", ""Af3"", ""Po4"", ""F5"", ""F4"", ""Af4"", ""Tp7"", ""Fcz"", ""Fc6"", ""Cp3"", ""Po3"", ""Cp1"", ""T10"", ""Ft8""]",bandpower_lda,sub-001_run-12_sample-3328,12,3328,3488,3968,20.8,TASK2T2,1,4.1,1,0,0.9999999993975124,6.024876504072774e-10
flatline-16-seed-1,flatline,16,1,"[""Oz"", ""Af7"", ""F8"", ""Af3"", ""Po4"", ""F5"", ""F4"", ""Af4"", ""Tp7"", ""Fcz"", ""Fc6"", ""Cp3"", ""Po3"", ""Cp1"", ""T10"", ""Ft8""]",bandpower_lda,sub-001_run-12_sample-4656,12,4656,4816,5296,29.1,TASK2T1,0,4.1,0,0,0.99999999997343,2.6569964396046555e-11
flatline-16-seed-1,flatline,16,1,"[""Oz"", ""Af7"", ""F8"", ""Af3"", ""Po4"", ""F5"", ""F4"", ""Af4"", ""Tp7"", ""Fcz"", ""Fc6"", ""Cp3"", ""Po3"", ""Cp1"", ""T10"", ""Ft8""]",bandpower_lda,sub-001_run-12_sample-5984,12,5984,6144,6624,37.4,TASK2T1,0,4.1,0,0,0.9999999936700744,6.329925615487968e-09
flatline-16-seed-1,flatline,16,1,"[""Oz"", ""Af7"", ""F8"", ""Af3"", ""Po4"", ""F5"", ""F4"", ""Af4"", ""Tp7"", ""Fcz"", ""Fc6"", ""Cp3"", ""Po3"", ""Cp1"", ""T10"", ""Ft8""]",bandpower_lda,sub-001_run-12_sample-7312,12,7312,7472,7952,45.7,TASK2T2,1,4.1,1,0,0.8149806175886347,0.1850193824113653
flatline-16-seed-1,flatline,16,1,"[""Oz"", ""Af7"", ""F8"", ""Af3"", ""Po4"", ""F5"", ""F4"", ""Af4"", ""Tp7"", ""Fcz"", ""Fc6"", ""Cp3"", ""Po3"", ""Cp1"", ""T10"", ""Ft8""]",bandpower_lda,sub-001_run-12_sample-8640,12,8640,8800,9280,54.0,TASK2T2,1,4.1,1,0,0.999999728430313,2.7156968693803485e-07
flatline-16-seed-1,flatline,16,1,"[""Oz"", ""Af7"", ""F8"", ""Af3"", ""Po4"", ""F5"", ""F4"", ""Af4"", ""Tp7"", ""Fcz"", ""Fc6"", ""Cp3"", ""Po3"", ""Cp1"", ""T10"", ""Ft8""]",bandpower_lda,sub-001_run-12_sample-9968,12,9968,10128,10608,62.3,TASK2T1,0,4.1,0,0,0.9999626763205638,3.7323679436204044e-05
flatline-16-seed-1,flatline,16,1,"[""Oz"", ""Af7"", ""F8"", ""Af3"", ""Po4"", ""F5"", ""F4"", ""Af4"", ""Tp7"", ""Fcz"", ""Fc6"", ""Cp3"", ""Po3"", ""Cp1"", ""T10"", ""Ft8""]",bandpower_lda,sub-001_run-12_sample-11296,12,11296,11456,11936,70.6,TASK2T1,0,4.1,0,0,0.988778867049474,0.011221132950525974
flatline-16-seed-1,flatline,16,1,"[""Oz"", ""Af7"", ""F8"", ""Af3"", ""Po4"", ""F5"", ""F4"", ""Af4"", ""Tp7"", ""Fcz"", ""Fc6"", ""Cp3"", ""Po3"", ""Cp1"", ""T10"", ""Ft8""]",bandpower_lda,sub-001_run-12_sample-12624,12,12624,12784,13264,78.9,TASK2T2,1,4.1,1,0,0.9999998733366227,1.2666337735335284e-07
flatline-16-seed-1,flatline,16,1,"[""Oz"", ""Af7"", ""F8"", ""Af3"", ""Po4"", ""F5"", ""F4"", ""Af4"", ""Tp7"", ""Fcz"", ""Fc6"", ""Cp3"", ""Po3"", ""Cp1"", ""T10"", ""Ft8""]",bandpower_lda,sub-001_run-12_sample-13952,12,13952,14112,14592,87.2,TASK2T2,1,4.1,1,0,0.9999999983831883,1.6168116765538297e-09
flatline-16-seed-1,flatline,16,1,"[""Oz"", ""Af7"", ""F8"", ""Af3"", ""Po4"", ""F5"", ""F4"", ""Af4"", ""Tp7"", ""Fcz"", ""Fc6"", ""Cp3"", ""Po3"", ""Cp1"", ""T10"", ""Ft8""]",bandpower_lda,sub-001_run-12_sample-15280,12,15280,15440,15920,95.5,TASK2T1,0,4.1,0,0,0.9999999999858354,1.4164584302647184e-11
flatline-16-seed-1,flatline,16,1,"[""Oz"", ""Af7"", ""F8"", ""Af3"", ""Po4"", ""F5"", ""F4"", ""Af4"", ""Tp7"", ""Fcz"", ""Fc6"", ""Cp3"", ""Po3"", ""Cp1"", ""T10"", ""Ft8""]",bandpower_lda,sub-001_run-12_sample-16608,12,16608,16768,17248,103.8,TASK2T2,1,4.1,1,0,0.9999999999938689,6.131119754302898e-12
flatline-16-seed-1,flatline,16,1,"[""Oz"", ""Af7"", ""F8"", ""Af3"", ""Po4"", ""F5"", ""F4"", ""Af4"", ""Tp7"", ""Fcz"", ""Fc6"", ""Cp3"", ""Po3"", ""Cp1"", ""T10"", ""Ft8""]",bandpower_lda,sub-001_run-12_sample-17936,12,17936,18096,18576,112.1,TASK2T1,0,4.1,0,0,0.9999999999881062,1.1893781798227015e-11
flatline-16-seed-1,flatline,16,1,"[""Oz"", ""Af7"", ""F8"", ""Af3"", ""Po4"", ""F5"", ""F4"", ""Af4"", ""Tp7"", ""Fcz"", ""Fc6"", ""Cp3"", ""Po3"", ""Cp1"", ""T10"", ""Ft8""]",bandpower_lda,sub-001_run-12_sample-19264,12,19264,19424,19904,120.4,TASK2T2,1,4.1,1,0,0.9999999998042867,1.9571329119255706e-10
flatline-16-seed-2,flatline,16,2,"[""P7"", ""Af4"", ""Af8"", ""Af3"", ""Poz"", ""Tp7"", ""Pz"", ""P4"", ""P8"", ""Fc6"", ""T10"", ""Fz"", ""Fp2"", ""P3"", ""P1"", ""Cp5""]",csp_lda,sub-001_run-12_sample-672,12,672,832,1312,4.2,TASK2T2,1,4.1,1,0,0.9988077426099611,0.001192257390038936
flatline-16-seed-2,flatline,16,2,"[""P7"", ""Af4"", ""Af8"", ""Af3"", ""Poz"", ""Tp7"", ""Pz"", ""P4"", ""P8"", ""Fc6"", ""T10"", ""Fz"", ""Fp2"", ""P3"", ""P1"", ""Cp5""]",csp_lda,sub-001_run-12_sample-2000,12,2000,2160,2640,12.5,TASK2T1,0,4.1,0,0,0.9996438454043365,0.000356154595663569
flatline-16-seed-2,flatline,16,2,"[""P7"", ""Af4"", ""Af8"", ""Af3"", ""Poz"", ""Tp7"", ""Pz"", ""P4"", ""P8"", ""Fc6"", ""T10"", ""Fz"", ""Fp2"", ""P3"", ""P1"", ""Cp5""]",csp_lda,sub-001_run-12_sample-3328,12,3328,3488,3968,20.8,TASK2T2,1,4.1,1,0,0.9999551829356458,4.481706435422287e-05
flatline-16-seed-2,flatline,16,2,"[""P7"", ""Af4"", ""Af8"", ""Af3"", ""Poz"", ""Tp7"", ""Pz"", ""P4"", ""P8"", ""Fc6"", ""T10"", ""Fz"", ""Fp2"", ""P3"", ""P1"", ""Cp5""]",csp_lda,sub-001_run-12_sample-4656,12,4656,4816,5296,29.1,TASK2T1,0,4.1,0,0,0.9999775036854117,2.2496314588337293e-05
flatline-16-seed-2,flatline,16,2,"[""P7"", ""Af4"", ""Af8"", ""Af3"", ""Poz"", ""Tp7"", ""Pz"", ""P4"", ""P8"", ""Fc6"", ""T10"", ""Fz"", ""Fp2"", ""P3"", ""P1"", ""Cp5""]",csp_lda,sub-001_run-12_sample-5984,12,5984,6144,6624,37.4,TASK2T1,0,4.1,0,0,0.99999954654668,4.5345331995877305e-07
flatline-16-seed-2,flatline,16,2,"[""P7"", ""Af4"", ""Af8"", ""Af3"", ""Poz"", ""Tp7"", ""Pz"", ""P4"", ""P8"", ""Fc6"", ""T10"", ""Fz"", ""Fp2"", ""P3"", ""P1"", ""Cp5""]",csp_lda,sub-001_run-12_sample-7312,12,7312,7472,7952,45.7,TASK2T2,1,4.1,1,0,0.9999645296226736,3.547037732640014e-05
flatline-16-seed-2,flatline,16,2,"[""P7"", ""Af4"", ""Af8"", ""Af3"", ""Poz"", ""Tp7"", ""Pz"", ""P4"", ""P8"", ""Fc6"", ""T10"", ""Fz"", ""Fp2"", ""P3"", ""P1"", ""Cp5""]",csp_lda,sub-001_run-12_sample-8640,12,8640,8800,9280,54.0,TASK2T2,1,4.1,1,0,0.9995229792352742,0.0004770207647257323
flatline-16-seed-2,flatline,16,2,"[""P7"", ""Af4"", ""Af8"", ""Af3"", ""Poz"", ""Tp7"", ""Pz"", ""P4"", ""P8"", ""Fc6"", ""T10"", ""Fz"", ""Fp2"", ""P3"", ""P1"", ""Cp5""]",csp_lda,sub-001_run-12_sample-9968,12,9968,10128,10608,62.3,TASK2T1,0,4.1,0,0,0.9999901415601448,9.858439855220407e-06
flatline-16-seed-2,flatline,16,2,"[""P7"", ""Af4"", ""Af8"", ""Af3"", ""Poz"", ""Tp7"", ""Pz"", ""P4"", ""P8"", ""Fc6"", ""T10"", ""Fz"", ""Fp2"", ""P3"", ""P1"", ""Cp5""]",csp_lda,sub-001_run-12_sample-11296,12,11296,11456,11936,70.6,TASK2T1,0,4.1,0,0,0.999965389155961,3.4610844039017805e-05
flatline-16-seed-2,flatline,16,2,"[""P7"", ""Af4"", ""Af8"", ""Af3"", ""Poz"", ""Tp7"", ""Pz"", ""P4"", ""P8"", ""Fc6"", ""T10"", ""Fz"", ""Fp2"", ""P3"", ""P1"", ""Cp5""]",csp_lda,sub-001_run-12_sample-12624,12,12624,12784,13264,78.9,TASK2T2,1,4.1,1,0,0.999997129529279,2.8704707209857053e-06
flatline-16-seed-2,flatline,16,2,"[""P7"", ""Af4"", ""Af8"", ""Af3"", ""Poz"", ""Tp7"", ""Pz"", ""P4"", ""P8"", ""Fc6"", ""T10"", ""Fz"", ""Fp2"", ""P3"", ""P1"", ""Cp5""]",csp_lda,sub-001_run-12_sample-13952,12,13952,14112,14592,87.2,TASK2T2,1,4.1,1,0,0.9999994165763155,5.834236845062358e-07
flatline-16-seed-2,flatline,16,2,"[""P7"", ""Af4"", ""Af8"", ""Af3"", ""Poz"", ""Tp7"", ""Pz"", ""P4"", ""P8"", ""Fc6"", ""T10"", ""Fz"", ""Fp2"", ""P3"", ""P1"", ""Cp5""]",csp_lda,sub-001_run-12_sample-15280,12,15280,15440,15920,95.5,TASK2T1,0,4.1,0,0,0.9999971879352201,2.8120647798912552e-06
flatline-16-seed-2,flatline,16,2,"[""P7"", ""Af4"", ""Af8"", ""Af3"", ""Poz"", ""Tp7"", ""Pz"", ""P4"", ""P8"", ""Fc6"", ""T10"", ""Fz"", ""Fp2"", ""P3"", ""P1"", ""Cp5""]",csp_lda,sub-001_run-12_sample-16608,12,16608,16768,17248,103.8,TASK2T2,1,4.1,1,0,0.9999997248729641,2.751270359415384e-07
flatline-16-seed-2,flatline,16,2,"[""P7"", ""Af4"", ""Af8"", ""Af3"", ""Poz"", ""Tp7"", ""Pz"", ""P4"", ""P8"", ""Fc6"", ""T10"", ""Fz"", ""Fp2"", ""P3"", ""P1"", ""Cp5""]",csp_lda,sub-001_run-12_sample-17936,12,17936,18096,18576,112.1,TASK2T1,0,4.1,0,0,0.9999992389962551,7.610037449188944e-07
flatline-16-seed-2,flatline,16,2,"[""P7"", ""Af4"", ""Af8"", ""Af3"", ""Poz"", ""Tp7"", ""Pz"", ""P4"", ""P8"", ""Fc6"", ""T10"", ""Fz"", ""Fp2"", ""P3"", ""P1"", ""Cp5""]",csp_lda,sub-001_run-12_sample-19264,12,19264,19424,19904,120.4,TASK2T2,1,4.1,1,0,0.9998147344588962,0.0001852655411038005
flatline-16-seed-2,flatline,16,2,"[""P7"", ""Af4"", ""Af8"", ""Af3"", ""Poz"", ""Tp7"", ""Pz"", ""P4"", ""P8"", ""Fc6"", ""T10"", ""Fz"", ""Fp2"", ""P3"", ""P1"", ""Cp5""]",bandpower_lda,sub-001_run-12_sample-672,12,672,832,1312,4.2,TASK2T2,1,4.1,1,0,1.0,1.8096913027445833e-239
flatline-16-seed-2,flatline,16,2,"[""P7"", ""Af4"", ""Af8"", ""Af3"", ""Poz"", ""Tp7"", ""Pz"", ""P4"", ""P8"", ""Fc6"", ""T10"", ""Fz"", ""Fp2"", ""P3"", ""P1"", ""Cp5""]",bandpower_lda,sub-001_run-12_sample-2000,12,2000,2160,2640,12.5,TASK2T1,0,4.1,0,0,1.0,2.675534870551014e-238
flatline-16-seed-2,flatline,16,2,"[""P7"", ""Af4"", ""Af8"", ""Af3"", ""Poz"", ""Tp7"", ""Pz"", ""P4"", ""P8"", ""Fc6"", ""T10"", ""Fz"", ""Fp2"", ""P3"", ""P1"", ""Cp5""]",bandpower_lda,sub-001_run-12_sample-3328,12,3328,3488,3968,20.8,TASK2T2,1,4.1,1,0,1.0,5.0620676852150494e-242
flatline-16-seed-2,flatline,16,2,"[""P7"", ""Af4"", ""Af8"", ""Af3"", ""Poz"", ""Tp7"", ""Pz"", ""P4"", ""P8"", ""Fc6"", ""T10"", ""Fz"", ""Fp2"", ""P3"", ""P1"", ""Cp5""]",bandpower_lda,sub-001_run-12_sample-4656,12,4656,4816,5296,29.1,TASK2T1,0,4.1,0,0,1.0,1.1557398555980703e-243
flatline-16-seed-2,flatline,16,2,"[""P7"", ""Af4"", ""Af8"", ""Af3"", ""Poz"", ""Tp7"", ""Pz"", ""P4"", ""P8"", ""Fc6"", ""T10"", ""Fz"", ""Fp2"", ""P3"", ""P1"", ""Cp5""]",bandpower_lda,sub-001_run-12_sample-5984,12,5984,6144,6624,37.4,TASK2T1,0,4.1,0,0,1.0,1.1142282464741173e-244
flatline-16-seed-2,flatline,16,2,"[""P7"", ""Af4"", ""Af8"", ""Af3"", ""Poz"", ""Tp7"", ""Pz"", ""P4"", ""P8"", ""Fc6"", ""T10"", ""Fz"", ""Fp2"", ""P3"", ""P1"", ""Cp5""]",bandpower_lda,sub-001_run-12_sample-7312,12,7312,7472,7952,45.7,TASK2T2,1,4.1,1,0,1.0,1.1773017191844153e-235
flatline-16-seed-2,flatline,16,2,"[""P7"", ""Af4"", ""Af8"", ""Af3"", ""Poz"", ""Tp7"", ""Pz"", ""P4"", ""P8"", ""Fc6"", ""T10"", ""Fz"", ""Fp2"", ""P3"", ""P1"", ""Cp5""]",bandpower_lda,sub-001_run-12_sample-8640,12,8640,8800,9280,54.0,TASK2T2,1,4.1,1,0,1.0,2.6377201660579654e-240
flatline-16-seed-2,flatline,16,2,"[""P7"", ""Af4"", ""Af8"", ""Af3"", ""Poz"", ""Tp7"", ""Pz"", ""P4"", ""P8"", ""Fc6"", ""T10"", ""Fz"", ""Fp2"", ""P3"", ""P1"", ""Cp5""]",bandpower_lda,sub-001_run-12_sample-9968,12,9968,10128,10608,62.3,TASK2T1,0,4.1,0,0,1.0,2.7092386330875404e-240
flatline-16-seed-2,flatline,16,2,"[""P7"", ""Af4"", ""Af8"", ""Af3"", ""Poz"", ""Tp7"", ""Pz"", ""P4"", ""P8"", ""Fc6"", ""T10"", ""Fz"", ""Fp2"", ""P3"", ""P1"", ""Cp5""]",bandpower_lda,sub-001_run-12_sample-11296,12,11296,11456,11936,70.6,TASK2T1,0,4.1,0,0,1.0,3.3261272494502557e-240
flatline-16-seed-2,flatline,16,2,"[""P7"", ""Af4"", ""Af8"", ""Af3"", ""Poz"", ""Tp7"", ""Pz"", ""P4"", ""P8"", ""Fc6"", ""T10"", ""Fz"", ""Fp2"", ""P3"", ""P1"", ""Cp5""]",bandpower_lda,sub-001_run-12_sample-12624,12,12624,12784,13264,78.9,TASK2T2,1,4.1,1,0,1.0,1.0264103119705089e-240
flatline-16-seed-2,flatline,16,2,"[""P7"", ""Af4"", ""Af8"", ""Af3"", ""Poz"", ""Tp7"", ""Pz"", ""P4"", ""P8"", ""Fc6"", ""T10"", ""Fz"", ""Fp2"", ""P3"", ""P1"", ""Cp5""]",bandpower_lda,sub-001_run-12_sample-13952,12,13952,14112,14592,87.2,TASK2T2,1,4.1,1,0,1.0,1.3110669473533104e-244
flatline-16-seed-2,flatline,16,2,"[""P7"", ""Af4"", ""Af8"", ""Af3"", ""Poz"", ""Tp7"", ""Pz"", ""P4"", ""P8"", ""Fc6"", ""T10"", ""Fz"", ""Fp2"", ""P3"", ""P1"", ""Cp5""]",bandpower_lda,sub-001_run-12_sample-15280,12,15280,15440,15920,95.5,TASK2T1,0,4.1,0,0,1.0,1.7798076249957004e-245
flatline-16-seed-2,flatline,16,2,"[""P7"", ""Af4"", ""Af8"", ""Af3"", ""Poz"", ""Tp7"", ""Pz"", ""P4"", ""P8"", ""Fc6"", ""T10"", ""Fz"", ""Fp2"", ""P3"", ""P1"", ""Cp5""]",bandpower_lda,sub-001_run-12_sample-16608,12,16608,16768,17248,103.8,TASK2T2,1,4.1,1,0,1.0,1.003121734298666e-246
flatline-16-seed-2,flatline,16,2,"[""P7"", ""Af4"", ""Af8"", ""Af3"", ""Poz"", ""Tp7"", ""Pz"", ""P4"", ""P8"", ""Fc6"", ""T10"", ""Fz"", ""Fp2"", ""P3"", ""P1"", ""Cp5""]",bandpower_lda,sub-001_run-12_sample-17936,12,17936,18096,18576,112.1,TASK2T1,0,4.1,0,0,1.0,1.576037667266262e-244
flatline-16-seed-2,flatline,16,2,"[""P7"", ""Af4"", ""Af8"", ""Af3"", ""Poz"", ""Tp7"", ""Pz"", ""P4"", ""P8"", ""Fc6"", ""T10"", ""Fz"", ""Fp2"", ""P3"", ""P1"", ""Cp5""]",bandpower_lda,sub-001_run-12_sample-19264,12,19264,19424,19904,120.4,TASK2T2,1,4.1,1,0,1.0,1.1394049691220605e-242
flatline-16-seed-3,flatline,16,3,"[""Tp7"", ""Fc5"", ""Fc2"", ""Fc1"", ""F3"", ""Fcz"", ""F4"", ""Poz"", ""Af8"", ""Cpz"", ""P4"", ""P3"", ""T9"", ""Fpz"", ""Oz"", ""F5""]",csp_lda,sub-001_run-12_sample-672,12,672,832,1312,4.2,TASK2T2,1,4.1,1,1,0.006887241880855655,0.9931127581191443
flatline-16-seed-3,flatline,16,3,"[""Tp7"", ""Fc5"", ""Fc2"", ""Fc1"", ""F3"", ""Fcz"", ""F4"", ""Poz"", ""Af8"", ""Cpz"", ""P4"", ""P3"", ""T9"", ""Fpz"", ""Oz"", ""F5""]",csp_lda,sub-001_run-12_sample-2000,12,2000,2160,2640,12.5,TASK2T1,0,4.1,0,0,0.5473683430680076,0.45263165693199237
flatline-16-seed-3,flatline,16,3,"[""Tp7"", ""Fc5"", ""Fc2"", ""Fc1"", ""F3"", ""Fcz"", ""F4"", ""Poz"", ""Af8"", ""Cpz"", ""P4"", ""P3"", ""T9"", ""Fpz"", ""Oz"", ""F5""]",csp_lda,sub-001_run-12_sample-3328,12,3328,3488,3968,20.8,TASK2T2,1,4.1,1,0,0.8699347049719622,0.13006529502803776
flatline-16-seed-3,flatline,16,3,"[""Tp7"", ""Fc5"", ""Fc2"", ""Fc1"", ""F3"", ""Fcz"", ""F4"", ""Poz"", ""Af8"", ""Cpz"", ""P4"", ""P3"", ""T9"", ""Fpz"", ""Oz"", ""F5""]",csp_lda,sub-001_run-12_sample-4656,12,4656,4816,5296,29.1,TASK2T1,0,4.1,0,1,0.1335479809093303,0.8664520190906697
flatline-16-seed-3,flatline,16,3,"[""Tp7"", ""Fc5"", ""Fc2"", ""Fc1"", ""F3"", ""Fcz"", ""F4"", ""Poz"", ""Af8"", ""Cpz"", ""P4"", ""P3"", ""T9"", ""Fpz"", ""Oz"", ""F5""]",csp_lda,sub-001_run-12_sample-5984,12,5984,6144,6624,37.4,TASK2T1,0,4.1,0,0,0.9032722741120831,0.09672772588791685
flatline-16-seed-3,flatline,16,3,"[""Tp7"", ""Fc5"", ""Fc2"", ""Fc1"", ""F3"", ""Fcz"", ""F4"", ""Poz"", ""Af8"", ""Cpz"", ""P4"", ""P3"", ""T9"", ""Fpz"", ""Oz"", ""F5""]",csp_lda,sub-001_run-12_sample-7312,12,7312,7472,7952,45.7,TASK2T2,1,4.1,1,0,0.9595798100039409,0.04042018999605909
flatline-16-seed-3,flatline,16,3,"[""Tp7"", ""Fc5"", ""Fc2"", ""Fc1"", ""F3"", ""Fcz"", ""F4"", ""Poz"", ""Af8"", ""Cpz"", ""P4"", ""P3"", ""T9"", ""Fpz"", ""Oz"", ""F5""]",csp_lda,sub-001_run-12_sample-8640,12,8640,8800,9280,54.0,TASK2T2,1,4.1,1,1,0.008510163486285416,0.9914898365137146
flatline-16-seed-3,flatline,16,3,"[""Tp7"", ""Fc5"", ""Fc2"", ""Fc1"", ""F3"", ""Fcz"", ""F4"", ""Poz"", ""Af8"", ""Cpz"", ""P4"", ""P3"", ""T9"", ""Fpz"", ""Oz"", ""F5""]",csp_lda,sub-001_run-12_sample-9968,12,9968,10128,10608,62.3,TASK2T1,0,4.1,0,0,0.7402040668114824,0.2597959331885175
flatline-16-seed-3,flatline,16,3,"[""Tp7"", ""Fc5"", ""Fc2"", ""Fc1"", ""F3"", ""Fcz"", ""F4"", ""Poz"", ""Af8"", ""Cpz"", ""P4"", ""P3"", ""T9"", ""Fpz"", ""Oz"", ""F5""]",csp_lda,sub-001_run-12_sample-11296,12,11296,11456,11936,70.6,TASK2T1,0,4.1,0,0,0.9686186269976778,0.03138137300232229
flatline-16-seed-3,flatline,16,3,"[""Tp7"", ""Fc5"", ""Fc2"", ""Fc1"", ""F3"", ""Fcz"", ""F4"", ""Poz"", ""Af8"", ""Cpz"", ""P4"", ""P3"", ""T9"", ""Fpz"", ""Oz"", ""F5""]",csp_lda,sub-001_run-12_sample-12624,12,12624,12784,13264,78.9,TASK2T2,1,4.1,1,0,0.971779109789496,0.028220890210504026
flatline-16-seed-3,flatline,16,3,"[""Tp7"", ""Fc5"", ""Fc2"", ""Fc1"", ""F3"", ""Fcz"", ""F4"", ""Poz"", ""Af8"", ""Cpz"", ""P4"", ""P3"", ""T9"", ""Fpz"", ""Oz"", ""F5""]",csp_lda,sub-001_run-12_sample-13952,12,13952,14112,14592,87.2,TASK2T2,1,4.1,1,0,0.8792161020602682,0.12078389793973177
flatline-16-seed-3,flatline,16,3,"[""Tp7"", ""Fc5"", ""Fc2"", ""Fc1"", ""F3"", ""Fcz"", ""F4"", ""Poz"", ""Af8"", ""Cpz"", ""P4"", ""P3"", ""T9"", ""Fpz"", ""Oz"", ""F5""]",csp_lda,sub-001_run-12_sample-15280,12,15280,15440,15920,95.5,TASK2T1,0,4.1,0,0,0.9966973774073031,0.003302622592696877
flatline-16-seed-3,flatline,16,3,"[""Tp7"", ""Fc5"", ""Fc2"", ""Fc1"", ""F3"", ""Fcz"", ""F4"", ""Poz"", ""Af8"", ""Cpz"", ""P4"", ""P3"", ""T9"", ""Fpz"", ""Oz"", ""F5""]",csp_lda,sub-001_run-12_sample-16608,12,16608,16768,17248,103.8,TASK2T2,1,4.1,1,0,0.970440022782299,0.029559977217700966
flatline-16-seed-3,flatline,16,3,"[""Tp7"", ""Fc5"", ""Fc2"", ""Fc1"", ""F3"", ""Fcz"", ""F4"", ""Poz"", ""Af8"", ""Cpz"", ""P4"", ""P3"", ""T9"", ""Fpz"", ""Oz"", ""F5""]",csp_lda,sub-001_run-12_sample-17936,12,17936,18096,18576,112.1,TASK2T1,0,4.1,0,0,0.974903041185152,0.025096958814848025
flatline-16-seed-3,flatline,16,3,"[""Tp7"", ""Fc5"", ""Fc2"", ""Fc1"", ""F3"", ""Fcz"", ""F4"", ""Poz"", ""Af8"", ""Cpz"", ""P4"", ""P3"", ""T9"", ""Fpz"", ""Oz"", ""F5""]",csp_lda,sub-001_run-12_sample-19264,12,19264,19424,19904,120.4,TASK2T2,1,4.1,1,1,0.016652842072328533,0.9833471579276715
flatline-16-seed-3,flatline,16,3,"[""Tp7"", ""Fc5"", ""Fc2"", ""Fc1"", ""F3"", ""Fcz"", ""F4"", ""Poz"", ""Af8"", ""Cpz"", ""P4"", ""P3"", ""T9"", ""Fpz"", ""Oz"", ""F5""]",bandpower_lda,sub-001_run-12_sample-672,12,672,832,1312,4.2,TASK2T2,1,4.1,1,1,0.0,1.0
flatline-16-seed-3,flatline,16,3,"[""Tp7"", ""Fc5"", ""Fc2"", ""Fc1"", ""F3"", ""Fcz"", ""F4"", ""Poz"", ""Af8"", ""Cpz"", ""P4"", ""P3"", ""T9"", ""Fpz"", ""Oz"", ""F5""]",bandpower_lda,sub-001_run-12_sample-2000,12,2000,2160,2640,12.5,TASK2T1,0,4.1,0,1,0.0,1.0
flatline-16-seed-3,flatline,16,3,"[""Tp7"", ""Fc5"", ""Fc2"", ""Fc1"", ""F3"", ""Fcz"", ""F4"", ""Poz"", ""Af8"", ""Cpz"", ""P4"", ""P3"", ""T9"", ""Fpz"", ""Oz"", ""F5""]",bandpower_lda,sub-001_run-12_sample-3328,12,3328,3488,3968,20.8,TASK2T2,1,4.1,1,1,0.0,1.0
flatline-16-seed-3,flatline,16,3,"[""Tp7"", ""Fc5"", ""Fc2"", ""Fc1"", ""F3"", ""Fcz"", ""F4"", ""Poz"", ""Af8"", ""Cpz"", ""P4"", ""P3"", ""T9"", ""Fpz"", ""Oz"", ""F5""]",bandpower_lda,sub-001_run-12_sample-4656,12,4656,4816,5296,29.1,TASK2T1,0,4.1,0,1,0.0,1.0
flatline-16-seed-3,flatline,16,3,"[""Tp7"", ""Fc5"", ""Fc2"", ""Fc1"", ""F3"", ""Fcz"", ""F4"", ""Poz"", ""Af8"", ""Cpz"", ""P4"", ""P3"", ""T9"", ""Fpz"", ""Oz"", ""F5""]",bandpower_lda,sub-001_run-12_sample-5984,12,5984,6144,6624,37.4,TASK2T1,0,4.1,0,1,0.0,1.0
flatline-16-seed-3,flatline,16,3,"[""Tp7"", ""Fc5"", ""Fc2"", ""Fc1"", ""F3"", ""Fcz"", ""F4"", ""Poz"", ""Af8"", ""Cpz"", ""P4"", ""P3"", ""T9"", ""Fpz"", ""Oz"", ""F5""]",bandpower_lda,sub-001_run-12_sample-7312,12,7312,7472,7952,45.7,TASK2T2,1,4.1,1,1,0.0,1.0
flatline-16-seed-3,flatline,16,3,"[""Tp7"", ""Fc5"", ""Fc2"", ""Fc1"", ""F3"", ""Fcz"", ""F4"", ""Poz"", ""Af8"", ""Cpz"", ""P4"", ""P3"", ""T9"", ""Fpz"", ""Oz"", ""F5""]",bandpower_lda,sub-001_run-12_sample-8640,12,8640,8800,9280,54.0,TASK2T2,1,4.1,1,1,0.0,1.0
flatline-16-seed-3,flatline,16,3,"[""Tp7"", ""Fc5"", ""Fc2"", ""Fc1"", ""F3"", ""Fcz"", ""F4"", ""Poz"", ""Af8"", ""Cpz"", ""P4"", ""P3"", ""T9"", ""Fpz"", ""Oz"", ""F5""]",bandpower_lda,sub-001_run-12_sample-9968,12,9968,10128,10608,62.3,TASK2T1,0,4.1,0,1,0.0,1.0
flatline-16-seed-3,flatline,16,3,"[""Tp7"", ""Fc5"", ""Fc2"", ""Fc1"", ""F3"", ""Fcz"", ""F4"", ""Poz"", ""Af8"", ""Cpz"", ""P4"", ""P3"", ""T9"", ""Fpz"", ""Oz"", ""F5""]",bandpower_lda,sub-001_run-12_sample-11296,12,11296,11456,11936,70.6,TASK2T1,0,4.1,0,1,0.0,1.0
flatline-16-seed-3,flatline,16,3,"[""Tp7"", ""Fc5"", ""Fc2"", ""Fc1"", ""F3"", ""Fcz"", ""F4"", ""Poz"", ""Af8"", ""Cpz"", ""P4"", ""P3"", ""T9"", ""Fpz"", ""Oz"", ""F5""]",bandpower_lda,sub-001_run-12_sample-12624,12,12624,12784,13264,78.9,TASK2T2,1,4.1,1,1,0.0,1.0
flatline-16-seed-3,flatline,16,3,"[""Tp7"", ""Fc5"", ""Fc2"", ""Fc1"", ""F3"", ""Fcz"", ""F4"", ""Poz"", ""Af8"", ""Cpz"", ""P4"", ""P3"", ""T9"", ""Fpz"", ""Oz"", ""F5""]",bandpower_lda,sub-001_run-12_sample-13952,12,13952,14112,14592,87.2,TASK2T2,1,4.1,1,1,0.0,1.0
flatline-16-seed-3,flatline,16,3,"[""Tp7"", ""Fc5"", ""Fc2"", ""Fc1"", ""F3"", ""Fcz"", ""F4"", ""Poz"", ""Af8"", ""Cpz"", ""P4"", ""P3"", ""T9"", ""Fpz"", ""Oz"", ""F5""]",bandpower_lda,sub-001_run-12_sample-15280,12,15280,15440,15920,95.5,TASK2T1,0,4.1,0,1,0.0,1.0
flatline-16-seed-3,flatline,16,3,"[""Tp7"", ""Fc5"", ""Fc2"", ""Fc1"", ""F3"", ""Fcz"", ""F4"", ""Poz"", ""Af8"", ""Cpz"", ""P4"", ""P3"", ""T9"", ""Fpz"", ""Oz"", ""F5""]",bandpower_lda,sub-001_run-12_sample-16608,12,16608,16768,17248,103.8,TASK2T2,1,4.1,1,1,0.0,1.0
flatline-16-seed-3,flatline,16,3,"[""Tp7"", ""Fc5"", ""Fc2"", ""Fc1"", ""F3"", ""Fcz"", ""F4"", ""Poz"", ""Af8"", ""Cpz"", ""P4"", ""P3"", ""T9"", ""Fpz"", ""Oz"", ""F5""]",bandpower_lda,sub-001_run-12_sample-17936,12,17936,18096,18576,112.1,TASK2T1,0,4.1,0,1,0.0,1.0
flatline-16-seed-3,flatline,16,3,"[""Tp7"", ""Fc5"", ""Fc2"", ""Fc1"", ""F3"", ""Fcz"", ""F4"", ""Poz"", ""Af8"", ""Cpz"", ""P4"", ""P3"", ""T9"", ""Fpz"", ""Oz"", ""F5""]",bandpower_lda,sub-001_run-12_sample-19264,12,19264,19424,19904,120.4,TASK2T2,1,4.1,1,1,0.0,1.0
flatline-16-seed-4,flatline,16,4,"[""Fp2"", ""Poz"", ""Iz"", ""T8"", ""O2"", ""F2"", ""Fz"", ""C2"", ""O1"", ""Afz"", ""Po3"", ""Cp2"", ""Fc5"", ""Po7"", ""F4"", ""T7""]",csp_lda,sub-001_run-12_sample-672,12,672,832,1312,4.2,TASK2T2,1,4.1,1,1,0.005357632403065082,0.9946423675969349
flatline-16-seed-4,flatline,16,4,"[""Fp2"", ""Poz"", ""Iz"", ""T8"", ""O2"", ""F2"", ""Fz"", ""C2"", ""O1"", ""Afz"", ""Po3"", ""Cp2"", ""Fc5"", ""Po7"", ""F4"", ""T7""]",csp_lda,sub-001_run-12_sample-2000,12,2000,2160,2640,12.5,TASK2T1,0,4.1,0,1,0.1431144747705514,0.8568855252294486
flatline-16-seed-4,flatline,16,4,"[""Fp2"", ""Poz"", ""Iz"", ""T8"", ""O2"", ""F2"", ""Fz"", ""C2"", ""O1"", ""Afz"", ""Po3"", ""Cp2"", ""Fc5"", ""Po7"", ""F4"", ""T7""]",csp_lda,sub-001_run-12_sample-3328,12,3328,3488,3968,20.8,TASK2T2,1,4.1,1,0,0.831770776556273,0.168229223443727
flatline-16-seed-4,flatline,16,4,"[""Fp2"", ""Poz"", ""Iz"", ""T8"", ""O2"", ""F2"", ""Fz"", ""C2"", ""O1"", ""Afz"", ""Po3"", ""Cp2"", ""Fc5"", ""Po7"", ""F4"", ""T7""]",csp_lda,sub-001_run-12_sample-4656,12,4656,4816,5296,29.1,TASK2T1,0,4.1,0,1,0.15424907931846477,0.8457509206815352
flatline-16-seed-4,flatline,16,4,"[""Fp2"", ""Poz"", ""Iz"", ""T8"", ""O2"", ""F2"", ""Fz"", ""C2"", ""O1"", ""Afz"", ""Po3"", ""Cp2"", ""Fc5"", ""Po7"", ""F4"", ""T7""]",csp_lda,sub-001_run-12_sample-5984,12,5984,6144,6624,37.4,TASK2T1,0,4.1,0,0,0.8968101772745753,0.10318982272542468
flatline-16-seed-4,flatline,16,4,"[""Fp2"", ""Poz"", ""Iz"", ""T8"", ""O2"", ""F2"", ""Fz"", ""C2"", ""O1"", ""Afz"", ""Po3"", ""Cp2"", ""Fc5"", ""Po7"", ""F4"", ""T7""]",csp_lda,sub-001_run-12_sample-7312,12,7312,7472,7952,45.7,TASK2T2,1,4.1,1,0,0.9972397513140954,0.0027602486859046294
flatline-16-seed-4,flatline,16,4,"[""Fp2"", ""Poz"", ""Iz"", ""T8"", ""O2"", ""F2"", ""Fz"", ""C2"", ""O1"", ""Afz"", ""Po3"", ""Cp2"", ""Fc5"", ""Po7"", ""F4"", ""T7""]",csp_lda,sub-001_run-12_sample-8640,12,8640,8800,9280,54.0,TASK2T2,1,4.1,1,1,0.02499138275317836,0.9750086172468216
flatline-16-seed-4,flatline,16,4,"[""Fp2"", ""Poz"", ""Iz"", ""T8"", ""O2"", ""F2"", ""Fz"", ""C2"", ""O1"", ""Afz"", ""Po3"", ""Cp2"", ""Fc5"", ""Po7"", ""F4"", ""T7""]",csp_lda,sub-001_run-12_sample-9968,12,9968,10128,10608,62.3,TASK2T1,0,4.1,0,0,0.9178536570230812,0.08214634297691878
flatline-16-seed-4,flatline,16,4,"[""Fp2"", ""Poz"", ""Iz"", ""T8"", ""O2"", ""F2"", ""Fz"", ""C2"", ""O1"", ""Afz"", ""Po3"", ""Cp2"", ""Fc5"", ""Po7"", ""F4"", ""T7""]",csp_lda,sub-001_run-12_sample-11296,12,11296,11456,11936,70.6,TASK2T1,0,4.1,0,0,0.9999074130372463,9.258696275370064e-05
flatline-16-seed-4,flatline,16,4,"[""Fp2"", ""Poz"", ""Iz"", ""T8"", ""O2"", ""F2"", ""Fz"", ""C2"", ""O1"", ""Afz"", ""Po3"", ""Cp2"", ""Fc5"", ""Po7"", ""F4"", ""T7""]",csp_lda,sub-001_run-12_sample-12624,12,12624,12784,13264,78.9,TASK2T2,1,4.1,1,0,0.9754335908138967,0.024566409186103293
flatline-16-seed-4,flatline,16,4,"[""Fp2"", ""Poz"", ""Iz"", ""T8"", ""O2"", ""F2"", ""Fz"", ""C2"", ""O1"", ""Afz"", ""Po3"", ""Cp2"", ""Fc5"", ""Po7"", ""F4"", ""T7""]",csp_lda,sub-001_run-12_sample-13952,12,13952,14112,14592,87.2,TASK2T2,1,4.1,1,0,0.9656144227943496,0.034385577205650386
flatline-16-seed-4,flatline,16,4,"[""Fp2"", ""Poz"", ""Iz"", ""T8"", ""O2"", ""F2"", ""Fz"", ""C2"", ""O1"", ""Afz"", ""Po3"", ""Cp2"", ""Fc5"", ""Po7"", ""F4"", ""T7""]",csp_lda,sub-001_run-12_sample-15280,12,15280,15440,15920,95.5,TASK2T1,0,4.1,0,0,0.9973349338415938,0.0026650661584061907
flatline-16-seed-4,flatline,16,4,"[""Fp2"", ""Poz"", ""Iz"", ""T8"", ""O2"", ""F2"", ""Fz"", ""C2"", ""O1"", ""Afz"", ""Po3"", ""Cp2"", ""Fc5"", ""Po7"", ""F4"", ""T7""]",csp_lda,sub-001_run-12_sample-16608,12,16608,16768,17248,103.8,TASK2T2,1,4.1,1,0,0.9575195827736098,0.04248041722639013
flatline-16-seed-4,flatline,16,4,"[""Fp2"", ""Poz"", ""Iz"", ""T8"", ""O2"", ""F2"", ""Fz"", ""C2"", ""O1"", ""Afz"", ""Po3"", ""Cp2"", ""Fc5"", ""Po7"", ""F4"", ""T7""]",csp_lda,sub-001_run-12_sample-17936,12,17936,18096,18576,112.1,TASK2T1,0,4.1,0,0,0.9164557226347212,0.08354427736527885
flatline-16-seed-4,flatline,16,4,"[""Fp2"", ""Poz"", ""Iz"", ""T8"", ""O2"", ""F2"", ""Fz"", ""C2"", ""O1"", ""Afz"", ""Po3"", ""Cp2"", ""Fc5"", ""Po7"", ""F4"", ""T7""]",csp_lda,sub-001_run-12_sample-19264,12,19264,19424,19904,120.4,TASK2T2,1,4.1,1,1,0.1150294725391684,0.8849705274608316
flatline-16-seed-4,flatline,16,4,"[""Fp2"", ""Poz"", ""Iz"", ""T8"", ""O2"", ""F2"", ""Fz"", ""C2"", ""O1"", ""Afz"", ""Po3"", ""Cp2"", ""Fc5"", ""Po7"", ""F4"", ""T7""]",bandpower_lda,sub-001_run-12_sample-672,12,672,832,1312,4.2,TASK2T2,1,4.1,1,0,1.0,4.022434399145465e-50
flatline-16-seed-4,flatline,16,4,"[""Fp2"", ""Poz"", ""Iz"", ""T8"", ""O2"", ""F2"", ""Fz"", ""C2"", ""O1"", ""Afz"", ""Po3"", ""Cp2"", ""Fc5"", ""Po7"", ""F4"", ""T7""]",bandpower_lda,sub-001_run-12_sample-2000,12,2000,2160,2640,12.5,TASK2T1,0,4.1,0,0,1.0,2.3309911143529076e-48
flatline-16-seed-4,flatline,16,4,"[""Fp2"", ""Poz"", ""Iz"", ""T8"", ""O2"", ""F2"", ""Fz"", ""C2"", ""O1"", ""Afz"", ""Po3"", ""Cp2"", ""Fc5"", ""Po7"", ""F4"", ""T7""]",bandpower_lda,sub-001_run-12_sample-3328,12,3328,3488,3968,20.8,TASK2T2,1,4.1,1,0,1.0,2.6058290750594713e-49
flatline-16-seed-4,flatline,16,4,"[""Fp2"", ""Poz"", ""Iz"", ""T8"", ""O2"", ""F2"", ""Fz"", ""C2"", ""O1"", ""Afz"", ""Po3"", ""Cp2"", ""Fc5"", ""Po7"", ""F4"", ""T7""]",bandpower_lda,sub-001_run-12_sample-4656,12,4656,4816,5296,29.1,TASK2T1,0,4.1,0,0,1.0,6.391786805317682e-52
flatline-16-seed-4,flatline,16,4,"[""Fp2"", ""Poz"", ""Iz"", ""T8"", ""O2"", ""F2"", ""Fz"", ""C2"", ""O1"", ""Afz"", ""Po3"", ""Cp2"", ""Fc5"", ""Po7"", ""F4"", ""T7""]",bandpower_lda,sub-001_run-12_sample-5984,12,5984,6144,6624,37.4,TASK2T1,0,4.1,0,0,1.0,3.272172465852057e-50
flatline-16-seed-4,flatline,16,4,"[""Fp2"", ""Poz"", ""Iz"", ""T8"", ""O2"", ""F2"", ""Fz"", ""C2"", ""O1"", ""Afz"", ""Po3"", ""Cp2"", ""Fc5"", ""Po7"", ""F4"", ""T7""]",bandpower_lda,sub-001_run-12_sample-7312,12,7312,7472,7952,45.7,TASK2T2,1,4.1,1,0,1.0,1.5147509743260287e-45
flatline-16-seed-4,flatline,16,4,"[""Fp2"", ""Poz"", ""Iz"", ""T8"", ""O2"", ""F2"", ""Fz"", ""C2"", ""O1"", ""Afz"", ""Po3"", ""Cp2"", ""Fc5"", ""Po7"", ""F4"", ""T7""]",bandpower_lda,sub-001_run-12_sample-8640,12,8640,8800,9280,54.0,TASK2T2,1,4.1,1,0,1.0,1.2321752001474578e-48
flatline-16-seed-4,flatline,16,4,"[""Fp2"", ""Poz"", ""Iz"", ""T8"", ""O2"", ""F2"", ""Fz"", ""C2"", ""O1"", ""Afz"", ""Po3"", ""Cp2"", ""Fc5"", ""Po7"", ""F4"", ""T7""]",bandpower_lda,sub-001_run-12_sample-9968,12,9968,10128,10608,62.3,TASK2T1,0,4.1,0,0,1.0,2.2851444577354114e-48
flatline-16-seed-4,flatline,16,4,"[""Fp2"", ""Poz"", ""Iz"", ""T8"", ""O2"", ""F2"", ""Fz"", ""C2"", ""O1"", ""Afz"", ""Po3"", ""Cp2"", ""Fc5"", ""Po7"", ""F4"", ""T7""]",bandpower_lda,sub-001_run-12_sample-11296,12,11296,11456,11936,70.6,TASK2T1,0,4.1,0,0,1.0,4.384543383585718e-45
flatline-16-seed-4,flatline,16,4,"[""Fp2"", ""Poz"", ""Iz"", ""T8"", ""O2"", ""F2"", ""Fz"", ""C2"", ""O1"", ""Afz"", ""Po3"", ""Cp2"", ""Fc5"", ""Po7"", ""F4"", ""T7""]",bandpower_lda,sub-001_run-12_sample-12624,12,12624,12784,13264,78.9,TASK2T2,1,4.1,1,0,1.0,1.173901021991296e-50
flatline-16-seed-4,flatline,16,4,"[""Fp2"", ""Poz"", ""Iz"", ""T8"", ""O2"", ""F2"", ""Fz"", ""C2"", ""O1"", ""Afz"", ""Po3"", ""Cp2"", ""Fc5"", ""Po7"", ""F4"", ""T7""]",bandpower_lda,sub-001_run-12_sample-13952,12,13952,14112,14592,87.2,TASK2T2,1,4.1,1,0,1.0,1.6098622299143468e-51
flatline-16-seed-4,flatline,16,4,"[""Fp2"", ""Poz"", ""Iz"", ""T8"", ""O2"", ""F2"", ""Fz"", ""C2"", ""O1"", ""Afz"", ""Po3"", ""Cp2"", ""Fc5"", ""Po7"", ""F4"", ""T7""]",bandpower_lda,sub-001_run-12_sample-15280,12,15280,15440,15920,95.5,TASK2T1,0,4.1,0,0,1.0,3.1418429614210066e-53
flatline-16-seed-4,flatline,16,4,"[""Fp2"", ""Poz"", ""Iz"", ""T8"", ""O2"", ""F2"", ""Fz"", ""C2"", ""O1"", ""Afz"", ""Po3"", ""Cp2"", ""Fc5"", ""Po7"", ""F4"", ""T7""]",bandpower_lda,sub-001_run-12_sample-16608,12,16608,16768,17248,103.8,TASK2T2,1,4.1,1,0,1.0,6.862351422192761e-54
flatline-16-seed-4,flatline,16,4,"[""Fp2"", ""Poz"", ""Iz"", ""T8"", ""O2"", ""F2"", ""Fz"", ""C2"", ""O1"", ""Afz"", ""Po3"", ""Cp2"", ""Fc5"", ""Po7"", ""F4"", ""T7""]",bandpower_lda,sub-001_run-12_sample-17936,12,17936,18096,18576,112.1,TASK2T1,0,4.1,0,0,1.0,1.422193278274752e-53
flatline-16-seed-4,flatline,16,4,"[""Fp2"", ""Poz"", ""Iz"", ""T8"", ""O2"", ""F2"", ""Fz"", ""C2"", ""O1"", ""Afz"", ""Po3"", ""Cp2"", ""Fc5"", ""Po7"", ""F4"", ""T7""]",bandpower_lda,sub-001_run-12_sample-19264,12,19264,19424,19904,120.4,TASK2T2,1,4.1,1,0,1.0,5.208816202880835e-52
flatline-16-seed-5,flatline,16,5,"[""F1"", ""Oz"", ""C2"", ""F3"", ""Af4"", ""T9"", ""C4"", ""P3"", ""Afz"", ""Ft8"", ""T10"", ""Iz"", ""Cpz"", ""P5"", ""Af8"", ""Fc6""]",csp_lda,sub-001_run-12_sample-672,12,672,832,1312,4.2,TASK2T2,1,4.1,1,1,0.05970051960735556,0.9402994803926444
flatline-16-seed-5,flatline,16,5,"[""F1"", ""Oz"", ""C2"", ""F3"", ""Af4"", ""T9"", ""C4"", ""P3"", ""Afz"", ""Ft8"", ""T10"", ""Iz"", ""Cpz"", ""P5"", ""Af8"", ""Fc6""]",csp_lda,sub-001_run-12_sample-2000,12,2000,2160,2640,12.5,TASK2T1,0,4.1,0,1,0.3351516213742305,0.6648483786257695
flatline-16-seed-5,flatline,16,5,"[""F1"", ""Oz"", ""C2"", ""F3"", ""Af4"", ""T9"", ""C4"", ""P3"", ""Afz"", ""Ft8"", ""T10"", ""Iz"", ""Cpz"", ""P5"", ""Af8"", ""Fc6""]",csp_lda,sub-001_run-12_sample-3328,12,3328,3488,3968,20.8,TASK2T2,1,4.1,1,0,0.7033329949962126,0.29666700500378745
flatline-16-seed-5,flatline,16,5,"[""F1"", ""Oz"", ""C2"", ""F3"", ""Af4"", ""T9"", ""C4"", ""P3"", ""Afz"", ""Ft8"", ""T10"", ""Iz"", ""Cpz"", ""P5"", ""Af8"", ""Fc6""]",csp_lda,sub-001_run-12_sample-4656,12,4656,4816,5296,29.1,TASK2T1,0,4.1,0,1,0.33745801196034575,0.6625419880396543
flatline-16-seed-5,flatline,16,5,"[""F1"", ""Oz"", ""C2"", ""F3"", ""Af4"", ""T9"", ""C4"", ""P3"", ""Afz"", ""Ft8"", ""T10"", ""Iz"", ""Cpz"", ""P5"", ""Af8"", ""Fc6""]",csp_lda,sub-001_run-12_sample-5984,12,5984,6144,6624,37.4,TASK2T1,0,4.1,0,1,0.37553322222724284,0.6244667777727572
flatline-16-seed-5,flatline,16,5,"[""F1"", ""Oz"", ""C2"", ""F3"", ""Af4"", ""T9"", ""C4"", ""P3"", ""Afz"", ""Ft8"", ""T10"", ""Iz"", ""Cpz"", ""P5"", ""Af8"", ""Fc6""]",csp_lda,sub-001_run-12_sample-7312,12,7312,7472,7952,45.7,TASK2T2,1,4.1,1,0,0.9406592796705248,0.05934072032947529
flatline-16-seed-5,flatline,16,5,"[""F1"", ""Oz"", ""C2"", ""F3"", ""Af4"", ""T9"", ""C4"", ""P3"", ""Afz"", ""Ft8"", ""T10"", ""Iz"", ""Cpz"", ""P5"", ""Af8"", ""Fc6""]",csp_lda,sub-001_run-12_sample-8640,12,8640,8800,9280,54.0,TASK2T2,1,4.1,1,1,0.004595329429470718,0.9954046705705293
flatline-16-seed-5,flatline,16,5,"[""F1"", ""Oz"", ""C2"", ""F3"", ""Af4"", ""T9"", ""C4"", ""P3"", ""Afz"", ""Ft8"", ""T10"", ""Iz"", ""Cpz"", ""P5"", ""Af8"", ""Fc6""]",csp_lda,sub-001_run-12_sample-9968,12,9968,10128,10608,62.3,TASK2T1,0,4.1,0,1,0.08076998629365495,0.919230013706345
flatline-16-seed-5,flatline,16,5,"[""F1"", ""Oz"", ""C2"", ""F3"", ""Af4"", ""T9"", ""C4"", ""P3"", ""Afz"", ""Ft8"", ""T10"", ""Iz"", ""Cpz"", ""P5"", ""Af8"", ""Fc6""]",csp_lda,sub-001_run-12_sample-11296,12,11296,11456,11936,70.6,TASK2T1,0,4.1,0,1,0.1459794947684806,0.8540205052315194
flatline-16-seed-5,flatline,16,5,"[""F1"", ""Oz"", ""C2"", ""F3"", ""Af4"", ""T9"", ""C4"", ""P3"", ""Afz"", ""Ft8"", ""T10"", ""Iz"", ""Cpz"", ""P5"", ""Af8"", ""Fc6""]",csp_lda,sub-001_run-12_sample-12624,12,12624,12784,13264,78.9,TASK2T2,1,4.1,1,0,0.9778581228365578,0.022141877163442163
flatline-16-seed-5,flatline,16,5,"[""F1"", ""Oz"", ""C2"", ""F3"", ""Af4"", ""T9"", ""C4"", ""P3"", ""Afz"", ""Ft8"", ""T10"", ""Iz"", ""Cpz"", ""P5"", ""Af8"", ""Fc6""]",csp_lda,sub-001_run-12_sample-13952,12,13952,14112,14592,87.2,TASK2T2,1,4.1,1,0,0.9983809348781667,0.0016190651218333466
flatline-16-seed-5,flatline,16,5,"[""F1"", ""Oz"", ""C2"", ""F3"", ""Af4"", ""T9"", ""C4"", ""P3"", ""Afz"", ""Ft8"", ""T10"", ""Iz"", ""Cpz"", ""P5"", ""Af8"", ""Fc6""]",csp_lda,sub-001_run-12_sample-15280,12,15280,15440,15920,95.5,TASK2T1,0,4.1,0,0,0.9999125199645561,8.748003544388807e-05
flatline-16-seed-5,flatline,16,5,"[""F1"", ""Oz"", ""C2"", ""F3"", ""Af4"", ""T9"", ""C4"", ""P3"", ""Afz"", ""Ft8"", ""T10"", ""Iz"", ""Cpz"", ""P5"", ""Af8"", ""Fc6""]",csp_lda,sub-001_run-12_sample-16608,12,16608,16768,17248,103.8,TASK2T2,1,4.1,1,0,0.9593832631720275,0.04061673682797255
flatline-16-seed-5,flatline,16,5,"[""F1"", ""Oz"", ""C2"", ""F3"", ""Af4"", ""T9"", ""C4"", ""P3"", ""Afz"", ""Ft8"", ""T10"", ""Iz"", ""Cpz"", ""P5"", ""Af8"", ""Fc6""]",csp_lda,sub-001_run-12_sample-17936,12,17936,18096,18576,112.1,TASK2T1,0,4.1,0,0,0.9988388263561971,0.0011611736438028486
flatline-16-seed-5,flatline,16,5,"[""F1"", ""Oz"", ""C2"", ""F3"", ""Af4"", ""T9"", ""C4"", ""P3"", ""Afz"", ""Ft8"", ""T10"", ""Iz"", ""Cpz"", ""P5"", ""Af8"", ""Fc6""]",csp_lda,sub-001_run-12_sample-19264,12,19264,19424,19904,120.4,TASK2T2,1,4.1,1,1,0.005627938574844782,0.9943720614251552
flatline-16-seed-5,flatline,16,5,"[""F1"", ""Oz"", ""C2"", ""F3"", ""Af4"", ""T9"", ""C4"", ""P3"", ""Afz"", ""Ft8"", ""T10"", ""Iz"", ""Cpz"", ""P5"", ""Af8"", ""Fc6""]",bandpower_lda,sub-001_run-12_sample-672,12,672,832,1312,4.2,TASK2T2,1,4.1,1,0,1.0,6.591184154442193e-54
flatline-16-seed-5,flatline,16,5,"[""F1"", ""Oz"", ""C2"", ""F3"", ""Af4"", ""T9"", ""C4"", ""P3"", ""Afz"", ""Ft8"", ""T10"", ""Iz"", ""Cpz"", ""P5"", ""Af8"", ""Fc6""]",bandpower_lda,sub-001_run-12_sample-2000,12,2000,2160,2640,12.5,TASK2T1,0,4.1,0,0,1.0,1.1071579362118194e-51
flatline-16-seed-5,flatline,16,5,"[""F1"", ""Oz"", ""C2"", ""F3"", ""Af4"", ""T9"", ""C4"", ""P3"", ""Afz"", ""Ft8"", ""T10"", ""Iz"", ""Cpz"", ""P5"", ""Af8"", ""Fc6""]",bandpower_lda,sub-001_run-12_sample-3328,12,3328,3488,3968,20.8,TASK2T2,1,4.1,1,0,1.0,3.668587857156927e-52
flatline-16-seed-5,flatline,16,5,"[""F1"", ""Oz"", ""C2"", ""F3"", ""Af4"", ""T9"", ""C4"", ""P3"", ""Afz"", ""Ft8"", ""T10"", ""Iz"", ""Cpz"", ""P5"", ""Af8"", ""Fc6""]",bandpower_lda,sub-001_run-12_sample-4656,12,4656,4816,5296,29.1,TASK2T1,0,4.1,0,0,1.0,5.1330089065282904e-55
flatline-16-seed-5,flatline,16,5,"[""F1"", ""Oz"", ""C2"", ""F3"", ""Af4"", ""T9"", ""C4"", ""P3"", ""Afz"", ""Ft8"", ""T10"", ""Iz"", ""Cpz"", ""P5"", ""Af8"", ""Fc6""]",bandpower_lda,sub-001_run-12_sample-5984,12,5984,6144,6624,37.4,TASK2T1,0,4.1,0,0,1.0,4.895740304680998e-53
flatline-16-seed-5,flatline,16,5,"[""F1"", ""Oz"", ""C2"", ""F3"", ""Af4"", ""T9"", ""C4"", ""P3"", ""Afz"", ""Ft8"", ""T10"", ""Iz"", ""Cpz"", ""P5"", ""Af8"", ""Fc6""]",bandpower_lda,sub-001_run-12_sample-7312,12,7312,7472,7952,45.7,TASK2T2,1,4.1,1,0,1.0,2.035681379011706e-49
flatline-16-seed-5,flatline,16,5,"[""F1"", ""Oz"", ""C2"", ""F3"", ""Af4"", ""T9"", ""C4"", ""P3"", ""Afz"", ""Ft8"", ""T10"", ""Iz"", ""Cpz"", ""P5"", ""Af8"", ""Fc6""]",bandpower_lda,sub-001_run-12_sample-8640,12,8640,8800,9280,54.0,TASK2T2,1,4.1,1,0,1.0,7.717101444935088e-52
flatline-16-seed-5,flatline,16,5,"[""F1"", ""Oz"", ""C2"", ""F3"", ""Af4"", ""T9"", ""C4"", ""P3"", ""Afz"", ""Ft8"", ""T10"", ""Iz"", ""Cpz"", ""P5"", ""Af8"", ""Fc6""]",bandpower_lda,sub-001_run-12_sample-9968,12,9968,10128,10608,62.3,TASK2T1,0,4.1,0,0,1.0,1.5860952312948452e-51
flatline-16-seed-5,flatline,16,5,"[""F1"", ""Oz"", ""C2"", ""F3"", ""Af4"", ""T9"", ""C4"", ""P3"", ""Afz"", ""Ft8"", ""T10"", ""Iz"", ""Cpz"", ""P5"", ""Af8"", ""Fc6""]",bandpower_lda,sub-001_run-12_sample-11296,12,11296,11456,11936,70.6,TASK2T1,0,4.1,0,0,1.0,2.75065158683104e-48
flatline-16-seed-5,flatline,16,5,"[""F1"", ""Oz"", ""C2"", ""F3"", ""Af4"", ""T9"", ""C4"", ""P3"", ""Afz"", ""Ft8"", ""T10"", ""Iz"", ""Cpz"", ""P5"", ""Af8"", ""Fc6""]",bandpower_lda,sub-001_run-12_sample-12624,12,12624,12784,13264,78.9,TASK2T2,1,4.1,1,0,1.0,1.225068900933962e-54
flatline-16-seed-5,flatline,16,5,"[""F1"", ""Oz"", ""C2"", ""F3"", ""Af4"", ""T9"", ""C4"", ""P3"", ""Afz"", ""Ft8"", ""T10"", ""Iz"", ""Cpz"", ""P5"", ""Af8"", ""Fc6""]",bandpower_lda,sub-001_run-12_sample-13952,12,13952,14112,14592,87.2,TASK2T2,1,4.1,1,0,1.0,3.401097888935478e-55
flatline-16-seed-5,flatline,16,5,"[""F1"", ""Oz"", ""C2"", ""F3"", ""Af4"", ""T9"", ""C4"", ""P3"", ""Afz"", ""Ft8"", ""T10"", ""Iz"", ""Cpz"", ""P5"", ""Af8"", ""Fc6""]",bandpower_lda,sub-001_run-12_sample-15280,12,15280,15440,15920,95.5,TASK2T1,0,4.1,0,0,1.0,1.0513315191283927e-56
flatline-16-seed-5,flatline,16,5,"[""F1"", ""Oz"", ""C2"", ""F3"", ""Af4"", ""T9"", ""C4"", ""P3"", ""Afz"", ""Ft8"", ""T10"", ""Iz"", ""Cpz"", ""P5"", ""Af8"", ""Fc6""]",bandpower_lda,sub-001_run-12_sample-16608,12,16608,16768,17248,103.8,TASK2T2,1,4.1,1,0,1.0,4.903218123396486e-58
flatline-16-seed-5,flatline,16,5,"[""F1"", ""Oz"", ""C2"", ""F3"", ""Af4"", ""T9"", ""C4"", ""P3"", ""Afz"", ""Ft8"", ""T10"", ""Iz"", ""Cpz"", ""P5"", ""Af8"", ""Fc6""]",bandpower_lda,sub-001_run-12_sample-17936,12,17936,18096,18576,112.1,TASK2T1,0,4.1,0,0,1.0,1.3022546661303326e-57
flatline-16-seed-5,flatline,16,5,"[""F1"", ""Oz"", ""C2"", ""F3"", ""Af4"", ""T9"", ""C4"", ""P3"", ""Afz"", ""Ft8"", ""T10"", ""Iz"", ""Cpz"", ""P5"", ""Af8"", ""Fc6""]",bandpower_lda,sub-001_run-12_sample-19264,12,19264,19424,19904,120.4,TASK2T2,1,4.1,1,0,1.0,5.3423744713789996e-55
flatline-16-seed-6,flatline,16,6,"[""Fc4"", ""F2"", ""P6"", ""Fc2"", ""Cp2"", ""C3"", ""Afz"", ""Fc1"", ""O1"", ""Iz"", ""Po8"", ""Tp7"", ""Cp1"", ""Fz"", ""P3"", ""Pz""]",csp_lda,sub-001_run-12_sample-672,12,672,832,1312,4.2,TASK2T2,1,4.1,1,1,0.00013146380870365793,0.9998685361912963
flatline-16-seed-6,flatline,16,6,"[""Fc4"", ""F2"", ""P6"", ""Fc2"", ""Cp2"", ""C3"", ""Afz"", ""Fc1"", ""O1"", ""Iz"", ""Po8"", ""Tp7"", ""Cp1"", ""Fz"", ""P3"", ""Pz""]",csp_lda,sub-001_run-12_sample-2000,12,2000,2160,2640,12.5,TASK2T1,0,4.1,0,1,0.0015406273554208205,0.9984593726445792
flatline-16-seed-6,flatline,16,6,"[""Fc4"", ""F2"", ""P6"", ""Fc2"", ""Cp2"", ""C3"", ""Afz"", ""Fc1"", ""O1"", ""Iz"", ""Po8"", ""Tp7"", ""Cp1"", ""Fz"", ""P3"", ""Pz""]",csp_lda,sub-001_run-12_sample-3328,12,3328,3488,3968,20.8,TASK2T2,1,4.1,1,1,0.06787278070486746,0.9321272192951325
flatline-16-seed-6,flatline,16,6,"[""Fc4"", ""F2"", ""P6"", ""Fc2"", ""Cp2"", ""C3"", ""Afz"", ""Fc1"", ""O1"", ""Iz"", ""Po8"", ""Tp7"", ""Cp1"", ""Fz"", ""P3"", ""Pz""]",csp_lda,sub-001_run-12_sample-4656,12,4656,4816,5296,29.1,TASK2T1,0,4.1,0,1,0.0012155585548840886,0.9987844414451159
flatline-16-seed-6,flatline,16,6,"[""Fc4"", ""F2"", ""P6"", ""Fc2"", ""Cp2"", ""C3"", ""Afz"", ""Fc1"", ""O1"", ""Iz"", ""Po8"", ""Tp7"", ""Cp1"", ""Fz"", ""P3"", ""Pz""]",csp_lda,sub-001_run-12_sample-5984,12,5984,6144,6624,37.4,TASK2T1,0,4.1,0,1,0.03306340022962084,0.9669365997703792
flatline-16-seed-6,flatline,16,6,"[""Fc4"", ""F2"", ""P6"", ""Fc2"", ""Cp2"", ""C3"", ""Afz"", ""Fc1"", ""O1"", ""Iz"", ""Po8"", ""Tp7"", ""Cp1"", ""Fz"", ""P3"", ""Pz""]",csp_lda,sub-001_run-12_sample-7312,12,7312,7472,7952,45.7,TASK2T2,1,4.1,1,1,0.09971948634952754,0.9002805136504725
flatline-16-seed-6,flatline,16,6,"[""Fc4"", ""F2"", ""P6"", ""Fc2"", ""Cp2"", ""C3"", ""Afz"", ""Fc1"", ""O1"", ""Iz"", ""Po8"", ""Tp7"", ""Cp1"", ""Fz"", ""P3"", ""Pz""]",csp_lda,sub-001_run-12_sample-8640,12,8640,8800,9280,54.0,TASK2T2,1,4.1,1,1,5.7806070068888715e-05,0.9999421939299311
flatline-16-seed-6,flatline,16,6,"[""Fc4"", ""F2"", ""P6"", ""Fc2"", ""Cp2"", ""C3"", ""Afz"", ""Fc1"", ""O1"", ""Iz"", ""Po8"", ""Tp7"", ""Cp1"", ""Fz"", ""P3"", ""Pz""]",csp_lda,sub-001_run-12_sample-9968,12,9968,10128,10608,62.3,TASK2T1,0,4.1,0,1,0.028337287788232968,0.971662712211767
flatline-16-seed-6,flatline,16,6,"[""Fc4"", ""F2"", ""P6"", ""Fc2"", ""Cp2"", ""C3"", ""Afz"", ""Fc1"", ""O1"", ""Iz"", ""Po8"", ""Tp7"", ""Cp1"", ""Fz"", ""P3"", ""Pz""]",csp_lda,sub-001_run-12_sample-11296,12,11296,11456,11936,70.6,TASK2T1,0,4.1,0,0,0.9645202000401214,0.035479799959878544
flatline-16-seed-6,flatline,16,6,"[""Fc4"", ""F2"", ""P6"", ""Fc2"", ""Cp2"", ""C3"", ""Afz"", ""Fc1"", ""O1"", ""Iz"", ""Po8"", ""Tp7"", ""Cp1"", ""Fz"", ""P3"", ""Pz""]",csp_lda,sub-001_run-12_sample-12624,12,12624,12784,13264,78.9,TASK2T2,1,4.1,1,1,0.20304383626461253,0.7969561637353875
flatline-16-seed-6,flatline,16,6,"[""Fc4"", ""F2"", ""P6"", ""Fc2"", ""Cp2"", ""C3"", ""Afz"", ""Fc1"", ""O1"", ""Iz"", ""Po8"", ""Tp7"", ""Cp1"", ""Fz"", ""P3"", ""Pz""]",csp_lda,sub-001_run-12_sample-13952,12,13952,14112,14592,87.2,TASK2T2,1,4.1,1,1,0.25539032772774584,0.7446096722722542
flatline-16-seed-6,flatline,16,6,"[""Fc4"", ""F2"", ""P6"", ""Fc2"", ""Cp2"", ""C3"", ""Afz"", ""Fc1"", ""O1"", ""Iz"", ""Po8"", ""Tp7"", ""Cp1"", ""Fz"", ""P3"", ""Pz""]",csp_lda,sub-001_run-12_sample-15280,12,15280,15440,15920,95.5,TASK2T1,0,4.1,0,0,0.896066643853725,0.10393335614627493
flatline-16-seed-6,flatline,16,6,"[""Fc4"", ""F2"", ""P6"", ""Fc2"", ""Cp2"", ""C3"", ""Afz"", ""Fc1"", ""O1"", ""Iz"", ""Po8"", ""Tp7"", ""Cp1"", ""Fz"", ""P3"", ""Pz""]",csp_lda,sub-001_run-12_sample-16608,12,16608,16768,17248,103.8,TASK2T2,1,4.1,1,1,0.39233340965170815,0.6076665903482918
flatline-16-seed-6,flatline,16,6,"[""Fc4"", ""F2"", ""P6"", ""Fc2"", ""Cp2"", ""C3"", ""Afz"", ""Fc1"", ""O1"", ""Iz"", ""Po8"", ""Tp7"", ""Cp1"", ""Fz"", ""P3"", ""Pz""]",csp_lda,sub-001_run-12_sample-17936,12,17936,18096,18576,112.1,TASK2T1,0,4.1,0,1,0.08967682939906285,0.9103231706009371
flatline-16-seed-6,flatline,16,6,"[""Fc4"", ""F2"", ""P6"", ""Fc2"", ""Cp2"", ""C3"", ""Afz"", ""Fc1"", ""O1"", ""Iz"", ""Po8"", ""Tp7"", ""Cp1"", ""Fz"", ""P3"", ""Pz""]",csp_lda,sub-001_run-12_sample-19264,12,19264,19424,19904,120.4,TASK2T2,1,4.1,1,1,0.001692143008913627,0.9983078569910864
flatline-16-seed-6,flatline,16,6,"[""Fc4"", ""F2"", ""P6"", ""Fc2"", ""Cp2"", ""C3"", ""Afz"", ""Fc1"", ""O1"", ""Iz"", ""Po8"", ""Tp7"", ""Cp1"", ""Fz"", ""P3"", ""Pz""]",bandpower_lda,sub-001_run-12_sample-672,12,672,832,1312,4.2,TASK2T2,1,4.1,1,1,0.0,1.0
flatline-16-seed-6,flatline,16,6,"[""Fc4"", ""F2"", ""P6"", ""Fc2"", ""Cp2"", ""C3"", ""Afz"", ""Fc1"", ""O1"", ""Iz"", ""Po8"", ""Tp7"", ""Cp1"", ""Fz"", ""P3"", ""Pz""]",bandpower_lda,sub-001_run-12_sample-2000,12,2000,2160,2640,12.5,TASK2T1,0,4.1,0,1,0.0,1.0
flatline-16-seed-6,flatline,16,6,"[""Fc4"", ""F2"", ""P6"", ""Fc2"", ""Cp2"", ""C3"", ""Afz"", ""Fc1"", ""O1"", ""Iz"", ""Po8"", ""Tp7"", ""Cp1"", ""Fz"", ""P3"", ""Pz""]",bandpower_lda,sub-001_run-12_sample-3328,12,3328,3488,3968,20.8,TASK2T2,1,4.1,1,1,0.0,1.0
flatline-16-seed-6,flatline,16,6,"[""Fc4"", ""F2"", ""P6"", ""Fc2"", ""Cp2"", ""C3"", ""Afz"", ""Fc1"", ""O1"", ""Iz"", ""Po8"", ""Tp7"", ""Cp1"", ""Fz"", ""P3"", ""Pz""]",bandpower_lda,sub-001_run-12_sample-4656,12,4656,4816,5296,29.1,TASK2T1,0,4.1,0,1,0.0,1.0
flatline-16-seed-6,flatline,16,6,"[""Fc4"", ""F2"", ""P6"", ""Fc2"", ""Cp2"", ""C3"", ""Afz"", ""Fc1"", ""O1"", ""Iz"", ""Po8"", ""Tp7"", ""Cp1"", ""Fz"", ""P3"", ""Pz""]",bandpower_lda,sub-001_run-12_sample-5984,12,5984,6144,6624,37.4,TASK2T1,0,4.1,0,1,0.0,1.0
flatline-16-seed-6,flatline,16,6,"[""Fc4"", ""F2"", ""P6"", ""Fc2"", ""Cp2"", ""C3"", ""Afz"", ""Fc1"", ""O1"", ""Iz"", ""Po8"", ""Tp7"", ""Cp1"", ""Fz"", ""P3"", ""Pz""]",bandpower_lda,sub-001_run-12_sample-7312,12,7312,7472,7952,45.7,TASK2T2,1,4.1,1,1,0.0,1.0
flatline-16-seed-6,flatline,16,6,"[""Fc4"", ""F2"", ""P6"", ""Fc2"", ""Cp2"", ""C3"", ""Afz"", ""Fc1"", ""O1"", ""Iz"", ""Po8"", ""Tp7"", ""Cp1"", ""Fz"", ""P3"", ""Pz""]",bandpower_lda,sub-001_run-12_sample-8640,12,8640,8800,9280,54.0,TASK2T2,1,4.1,1,1,0.0,1.0
flatline-16-seed-6,flatline,16,6,"[""Fc4"", ""F2"", ""P6"", ""Fc2"", ""Cp2"", ""C3"", ""Afz"", ""Fc1"", ""O1"", ""Iz"", ""Po8"", ""Tp7"", ""Cp1"", ""Fz"", ""P3"", ""Pz""]",bandpower_lda,sub-001_run-12_sample-9968,12,9968,10128,10608,62.3,TASK2T1,0,4.1,0,1,0.0,1.0
flatline-16-seed-6,flatline,16,6,"[""Fc4"", ""F2"", ""P6"", ""Fc2"", ""Cp2"", ""C3"", ""Afz"", ""Fc1"", ""O1"", ""Iz"", ""Po8"", ""Tp7"", ""Cp1"", ""Fz"", ""P3"", ""Pz""]",bandpower_lda,sub-001_run-12_sample-11296,12,11296,11456,11936,70.6,TASK2T1,0,4.1,0,1,0.0,1.0
flatline-16-seed-6,flatline,16,6,"[""Fc4"", ""F2"", ""P6"", ""Fc2"", ""Cp2"", ""C3"", ""Afz"", ""Fc1"", ""O1"", ""Iz"", ""Po8"", ""Tp7"", ""Cp1"", ""Fz"", ""P3"", ""Pz""]",bandpower_lda,sub-001_run-12_sample-12624,12,12624,12784,13264,78.9,TASK2T2,1,4.1,1,1,0.0,1.0
flatline-16-seed-6,flatline,16,6,"[""Fc4"", ""F2"", ""P6"", ""Fc2"", ""Cp2"", ""C3"", ""Afz"", ""Fc1"", ""O1"", ""Iz"", ""Po8"", ""Tp7"", ""Cp1"", ""Fz"", ""P3"", ""Pz""]",bandpower_lda,sub-001_run-12_sample-13952,12,13952,14112,14592,87.2,TASK2T2,1,4.1,1,1,0.0,1.0
flatline-16-seed-6,flatline,16,6,"[""Fc4"", ""F2"", ""P6"", ""Fc2"", ""Cp2"", ""C3"", ""Afz"", ""Fc1"", ""O1"", ""Iz"", ""Po8"", ""Tp7"", ""Cp1"", ""Fz"", ""P3"", ""Pz""]",bandpower_lda,sub-001_run-12_sample-15280,12,15280,15440,15920,95.5,TASK2T1,0,4.1,0,1,0.0,1.0
flatline-16-seed-6,flatline,16,6,"[""Fc4"", ""F2"", ""P6"", ""Fc2"", ""Cp2"", ""C3"", ""Afz"", ""Fc1"", ""O1"", ""Iz"", ""Po8"", ""Tp7"", ""Cp1"", ""Fz"", ""P3"", ""Pz""]",bandpower_lda,sub-001_run-12_sample-16608,12,16608,16768,17248,103.8,TASK2T2,1,4.1,1,1,0.0,1.0
flatline-16-seed-6,flatline,16,6,"[""Fc4"", ""F2"", ""P6"", ""Fc2"", ""Cp2"", ""C3"", ""Afz"", ""Fc1"", ""O1"", ""Iz"", ""Po8"", ""Tp7"", ""Cp1"", ""Fz"", ""P3"", ""Pz""]",bandpower_lda,sub-001_run-12_sample-17936,12,17936,18096,18576,112.1,TASK2T1,0,4.1,0,1,0.0,1.0
flatline-16-seed-6,flatline,16,6,"[""Fc4"", ""F2"", ""P6"", ""Fc2"", ""Cp2"", ""C3"", ""Afz"", ""Fc1"", ""O1"", ""Iz"", ""Po8"", ""Tp7"", ""Cp1"", ""Fz"", ""P3"", ""Pz""]",bandpower_lda,sub-001_run-12_sample-19264,12,19264,19424,19904,120.4,TASK2T2,1,4.1,1,1,0.0,1.0
flatline-16-seed-7,flatline,16,7,"[""Cp1"", ""Af4"", ""P8"", ""Cz"", ""F4"", ""P6"", ""P1"", ""C4"", ""Fc5"", ""Poz"", ""Fc6"", ""Fc2"", ""Tp8"", ""Oz"", ""F1"", ""Fpz""]",csp_lda,sub-001_run-12_sample-672,12,672,832,1312,4.2,TASK2T2,1,4.1,1,0,0.9480255732685586,0.05197442673144136
flatline-16-seed-7,flatline,16,7,"[""Cp1"", ""Af4"", ""P8"", ""Cz"", ""F4"", ""P6"", ""P1"", ""C4"", ""Fc5"", ""Poz"", ""Fc6"", ""Fc2"", ""Tp8"", ""Oz"", ""F1"", ""Fpz""]",csp_lda,sub-001_run-12_sample-2000,12,2000,2160,2640,12.5,TASK2T1,0,4.1,0,0,0.998767054209773,0.0012329457902270876
flatline-16-seed-7,flatline,16,7,"[""Cp1"", ""Af4"", ""P8"", ""Cz"", ""F4"", ""P6"", ""P1"", ""C4"", ""Fc5"", ""Poz"", ""Fc6"", ""Fc2"", ""Tp8"", ""Oz"", ""F1"", ""Fpz""]",csp_lda,sub-001_run-12_sample-3328,12,3328,3488,3968,20.8,TASK2T2,1,4.1,1,0,0.9980766741925813,0.0019233258074186892
flatline-16-seed-7,flatline,16,7,"[""Cp1"", ""Af4"", ""P8"", ""Cz"", ""F4"", ""P6"", ""P1"", ""C4"", ""Fc5"", ""Poz"", ""Fc6"", ""Fc2"", ""Tp8"", ""Oz"", ""F1"", ""Fpz""]",csp_lda,sub-001_run-12_sample-4656,12,4656,4816,5296,29.1,TASK2T1,0,4.1,0,0,0.9979722593135778,0.00202774068642219
flatline-16-seed-7,flatline,16,7,"[""Cp1"", ""Af4"", ""P8"", ""Cz"", ""F4"", ""P6"", ""P1"", ""C4"", ""Fc5"", ""Poz"", ""Fc6"", ""Fc2"", ""Tp8"", ""Oz"", ""F1"", ""Fpz""]",csp_lda,sub-001_run-12_sample-5984,12,5984,6144,6624,37.4,TASK2T1,0,4.1,0,0,0.9997432070853642,0.0002567929146358116
flatline-16-seed-7,flatline,16,7,"[""Cp1"", ""Af4"", ""P8"", ""Cz"", ""F4"", ""P6"", ""P1"", ""C4"", ""Fc5"", ""Poz"", ""Fc6"", ""Fc2"", ""Tp8"", ""Oz"", ""F1"", ""Fpz""]",csp_lda,sub-001_run-12_sample-7312,12,7312,7472,7952,45.7,TASK2T2,1,4.1,1,0,0.9999998586017951,1.4139820493182087e-07
flatline-16-seed-7,flatline,16,7,"[""Cp1"", ""Af4"", ""P8"", ""Cz"", ""F4"", ""P6"", ""P1"", ""C4"", ""Fc5"", ""Poz"", ""Fc6"", ""Fc2"", ""Tp8"", ""Oz"", ""F1"", ""Fpz""]",csp_lda,sub-001_run-12_sample-8640,12,8640,8800,9280,54.0,TASK2T2,1,4.1,1,0,0.980512549061766,0.019487450938234008
flatline-16-seed-7,flatline,16,7,"[""Cp1"", ""Af4"", ""P8"", ""Cz"", ""F4"", ""P6"", ""P1"", ""C4"", ""Fc5"", ""Poz"", ""Fc6"", ""Fc2"", ""Tp8"", ""Oz"", ""F1"", ""Fpz""]",csp_lda,sub-001_run-12_sample-9968,12,9968,10128,10608,62.3,TASK2T1,0,4.1,0,0,0.9999531243032642,4.6875696735773575e-05
flatline-16-seed-7,flatline,16,7,"[""Cp1"", ""Af4"", ""P8"", ""Cz"", ""F4"", ""P6"", ""P1"", ""C4"", ""Fc5"", ""Poz"", ""Fc6"", ""Fc2"", ""Tp8"", ""Oz"", ""F1"", ""Fpz""]",csp_lda,sub-001_run-12_sample-11296,12,11296,11456,11936,70.6,TASK2T1,0,4.1,0,0,0.9999955347442503,4.465255749736384e-06
flatline-16-seed-7,flatline,16,7,"[""Cp1"", ""Af4"", ""P8"", ""Cz"", ""F4"", ""P6"", ""P1"", ""C4"", ""Fc5"", ""Poz"", ""Fc6"", ""Fc2"", ""Tp8"", ""Oz"", ""F1"", ""Fpz""]",csp_lda,sub-001_run-12_sample-12624,12,12624,12784,13264,78.9,TASK2T2,1,4.1,1,0,0.9999992246479423,7.753520577128286e-07
flatline-16-seed-7,flatline,16,7,"[""Cp1"", ""Af4"", ""P8"", ""Cz"", ""F4"", ""P6"", ""P1"", ""C4"", ""Fc5"", ""Poz"", ""Fc6"", ""Fc2"", ""Tp8"", ""Oz"", ""F1"", ""Fpz""]",csp_lda,sub-001_run-12_sample-13952,12,13952,14112,14592,87.2,TASK2T2,1,4.1,1,0,0.9999954933860948,4.506613905211296e-06
flatline-16-seed-7,flatline,16,7,"[""Cp1"", ""Af4"", ""P8"", ""Cz"", ""F4"", ""P6"", ""P1"", ""C4"", ""Fc5"", ""Poz"", ""Fc6"", ""Fc2"", ""Tp8"", ""Oz"", ""F1"", ""Fpz""]",csp_lda,sub-001_run-12_sample-15280,12,15280,15440,15920,95.5,TASK2T1,0,4.1,0,0,0.9999958711922136,4.1288077864345705e-06
flatline-16-seed-7,flatline,16,7,"[""Cp1"", ""Af4"", ""P8"", ""Cz"", ""F4"", ""P6"", ""P1"", ""C4"", ""Fc5"", ""Poz"", ""Fc6"", ""Fc2"", ""Tp8"", ""Oz"", ""F1"", ""Fpz""]",csp_lda,sub-001_run-12_sample-16608,12,16608,16768,17248,103.8,TASK2T2,1,4.1,1,0,0.9999875322267111,1.2467773288878483e-05
flatline-16-seed-7,flatline,16,7,"[""Cp1"", ""Af4"", ""P8"", ""Cz"", ""F4"", ""P6"", ""P1"", ""C4"", ""Fc5"", ""Poz"", ""Fc6"", ""Fc2"", ""Tp8"", ""Oz"", ""F1"", ""Fpz""]",csp_lda,sub-001_run-12_sample-17936,12,17936,18096,18576,112.1,TASK2T1,0,4.1,0,0,0.9999986091630043,1.390836995701346e-06
flatline-16-seed-7,flatline,16,7,"[""Cp1"", ""Af4"", ""P8"", ""Cz"", ""F4"", ""P6"", ""P1"", ""C4"", ""Fc5"", ""Poz"", ""Fc6"", ""Fc2"", ""Tp8"", ""Oz"", ""F1"", ""Fpz""]",csp_lda,sub-001_run-12_sample-19264,12,19264,19424,19904,120.4,TASK2T2,1,4.1,1,0,0.9730908435342247,0.026909156465775335
flatline-16-seed-7,flatline,16,7,"[""Cp1"", ""Af4"", ""P8"", ""Cz"", ""F4"", ""P6"", ""P1"", ""C4"", ""Fc5"", ""Poz"", ""Fc6"", ""Fc2"", ""Tp8"", ""Oz"", ""F1"", ""Fpz""]",bandpower_lda,sub-001_run-12_sample-672,12,672,832,1312,4.2,TASK2T2,1,4.1,1,0,1.0,1.743756957158436e-45
flatline-16-seed-7,flatline,16,7,"[""Cp1"", ""Af4"", ""P8"", ""Cz"", ""F4"", ""P6"", ""P1"", ""C4"", ""Fc5"", ""Poz"", ""Fc6"", ""Fc2"", ""Tp8"", ""Oz"", ""F1"", ""Fpz""]",bandpower_lda,sub-001_run-12_sample-2000,12,2000,2160,2640,12.5,TASK2T1,0,4.1,0,0,1.0,3.169635030778278e-43
flatline-16-seed-7,flatline,16,7,"[""Cp1"", ""Af4"", ""P8"", ""Cz"", ""F4"", ""P6"", ""P1"", ""C4"", ""Fc5"", ""Poz"", ""Fc6"", ""Fc2"", ""Tp8"", ""Oz"", ""F1"", ""Fpz""]",bandpower_lda,sub-001_run-12_sample-3328,12,3328,3488,3968,20.8,TASK2T2,1,4.1,1,0,1.0,1.2247092575608146e-43
flatline-16-seed-7,flatline,16,7,"[""Cp1"", ""Af4"", ""P8"", ""Cz"", ""F4"", ""P6"", ""P1"", ""C4"", ""Fc5"", ""Poz"", ""Fc6"", ""Fc2"", ""Tp8"", ""Oz"", ""F1"", ""Fpz""]",bandpower_lda,sub-001_run-12_sample-4656,12,4656,4816,5296,29.1,TASK2T1,0,4.1,0,0,1.0,1.317409122496616e-46
flatline-16-seed-7,flatline,16,7,"[""Cp1"", ""Af4"", ""P8"", ""Cz"", ""F4"", ""P6"", ""P1"", ""C4"", ""Fc5"", ""Poz"", ""Fc6"", ""Fc2"", ""Tp8"", ""Oz"", ""F1"", ""Fpz""]",bandpower_lda,sub-001_run-12_sample-5984,12,5984,6144,6624,37.4,TASK2T1,0,4.1,0,0,1.0,7.805258617120442e-44
flatline-16-seed-7,flatline,16,7,"[""Cp1"", ""Af4"", ""P8"", ""Cz"", ""F4"", ""P6"", ""P1"", ""C4"", ""Fc5"", ""Poz"", ""Fc6"", ""Fc2"", ""Tp8"", ""Oz"", ""F1"", ""Fpz""]",bandpower_lda,sub-001_run-12_sample-7312,12,7312,7472,7952,45.7,TASK2T2,1,4.1,1,0,1.0,2.8887036410347346e-38
flatline-16-seed-7,flatline,16,7,"[""Cp1"", ""Af4"", ""P8"", ""Cz"", ""F4"", ""P6"", ""P1"", ""C4"", ""Fc5"", ""Poz"", ""Fc6"", ""Fc2"", ""Tp8"", ""Oz"", ""F1"", ""Fpz""]",bandpower_lda,sub-001_run-12_sample-8640,12,8640,8800,9280,54.0,TASK2T2,1,4.1,1,0,1.0,9.639619021683525e-43
flatline-16-seed-7,flatline,16,7,"[""Cp1"", ""Af4"", ""P8"", ""Cz"", ""F4"", ""P6"", ""P1"", ""C4"", ""Fc5"", ""Poz"", ""Fc6"", ""Fc2"", ""Tp8"", ""Oz"", ""F1"", ""Fpz""]",bandpower_lda,sub-001_run-12_sample-9968,12,9968,10128,10608,62.3,TASK2T1,0,4.1,0,0,1.0,4.8284136290658685e-42
flatline-16-seed-7,flatline,16,7,"[""Cp1"", ""Af4"", ""P8"", ""Cz"", ""F4"", ""P6"", ""P1"", ""C4"", ""Fc5"", ""Poz"", ""Fc6"", ""Fc2"", ""Tp8"", ""Oz"", ""F1"", ""Fpz""]",bandpower_lda,sub-001_run-12_sample-11296,12,11296,11456,11936,70.6,TASK2T1,0,4.1,0,0,1.0,2.3089211241032574e-38
flatline-16-seed-7,flatline,16,7,"[""Cp1"", ""Af4"", ""P8"", ""Cz"", ""F4"", ""P6"", ""P1"", ""C4"", ""Fc5"", ""Poz"", ""Fc6"", ""Fc2"", ""Tp8"", ""Oz"", ""F1"", ""Fpz""]",bandpower_lda,sub-001_run-12_sample-12624,12,12624,12784,13264,78.9,TASK2T2,1,4.1,1,0,1.0,5.85059686587411e-44
flatline-16-seed-7,flatline,16,7,"[""Cp1"", ""Af4"", ""P8"", ""Cz"", ""F4"", ""P6"", ""P1"", ""C4"", ""Fc5"", ""Poz"", ""Fc6"", ""Fc2"", ""Tp8"", ""Oz"", ""F1"", ""Fpz""]",bandpower_lda,sub-001_run-12_sample-13952,12,13952,14112,14592,87.2,TASK2T2,1,4.1,1,0,1.0,1.139492422981897e-44
flatline-16-seed-7,flatline,16,7,"[""Cp1"", ""Af4"", ""P8"", ""Cz"", ""F4"", ""P6"", ""P1"", ""C4"", ""Fc5"", ""Poz"", ""Fc6"", ""Fc2"", ""Tp8"", ""Oz"", ""F1"", ""Fpz""]",bandpower_lda,sub-001_run-12_sample-15280,12,15280,15440,15920,95.5,TASK2T1,0,4.1,0,0,1.0,1.9491119353343104e-47
flatline-16-seed-7,flatline,16,7,"[""Cp1"", ""Af4"", ""P8"", ""Cz"", ""F4"", ""P6"", ""P1"", ""C4"", ""Fc5"", ""Poz"", ""Fc6"", ""Fc2"", ""Tp8"", ""Oz"", ""F1"", ""Fpz""]",bandpower_lda,sub-001_run-12_sample-16608,12,16608,16768,17248,103.8,TASK2T2,1,4.1,1,0,1.0,4.5051031005176935e-49
flatline-16-seed-7,flatline,16,7,"[""Cp1"", ""Af4"", ""P8"", ""Cz"", ""F4"", ""P6"", ""P1"", ""C4"", ""Fc5"", ""Poz"", ""Fc6"", ""Fc2"", ""Tp8"", ""Oz"", ""F1"", ""Fpz""]",bandpower_lda,sub-001_run-12_sample-17936,12,17936,18096,18576,112.1,TASK2T1,0,4.1,0,0,1.0,3.173511915181262e-47
flatline-16-seed-7,flatline,16,7,"[""Cp1"", ""Af4"", ""P8"", ""Cz"", ""F4"", ""P6"", ""P1"", ""C4"", ""Fc5"", ""Poz"", ""Fc6"", ""Fc2"", ""Tp8"", ""Oz"", ""F1"", ""Fpz""]",bandpower_lda,sub-001_run-12_sample-19264,12,19264,19424,19904,120.4,TASK2T2,1,4.1,1,0,1.0,2.102081421558901e-45
flatline-16-seed-8,flatline,16,8,"[""Cp1"", ""T10"", ""Fc3"", ""Tp8"", ""Fc5"", ""C4"", ""T9"", ""Cp4"", ""P7"", ""Ft7"", ""Fc4"", ""P2"", ""P1"", ""P3"", ""F3"", ""C6""]",csp_lda,sub-001_run-12_sample-672,12,672,832,1312,4.2,TASK2T2,1,4.1,1,1,0.00029731867880467,0.9997026813211953
flatline-16-seed-8,flatline,16,8,"[""Cp1"", ""T10"", ""Fc3"", ""Tp8"", ""Fc5"", ""C4"", ""T9"", ""Cp4"", ""P7"", ""Ft7"", ""Fc4"", ""P2"", ""P1"", ""P3"", ""F3"", ""C6""]",csp_lda,sub-001_run-12_sample-2000,12,2000,2160,2640,12.5,TASK2T1,0,4.1,0,1,0.00039005108714074144,0.9996099489128593
flatline-16-seed-8,flatline,16,8,"[""Cp1"", ""T10"", ""Fc3"", ""Tp8"", ""Fc5"", ""C4"", ""T9"", ""Cp4"", ""P7"", ""Ft7"", ""Fc4"", ""P2"", ""P1"", ""P3"", ""F3"", ""C6""]",csp_lda,sub-001_run-12_sample-3328,12,3328,3488,3968,20.8,TASK2T2,1,4.1,1,0,0.5000400491590722,0.49995995084092776
flatline-16-seed-8,flatline,16,8,"[""Cp1"", ""T10"", ""Fc3"", ""Tp8"", ""Fc5"", ""C4"", ""T9"", ""Cp4"", ""P7"", ""Ft7"", ""Fc4"", ""P2"", ""P1"", ""P3"", ""F3"", ""C6""]",csp_lda,sub-001_run-12_sample-4656,12,4656,4816,5296,29.1,TASK2T1,0,4.1,0,1,0.003306902532384859,0.9966930974676151
flatline-16-seed-8,flatline,16,8,"[""Cp1"", ""T10"", ""Fc3"", ""Tp8"", ""Fc5"", ""C4"", ""T9"", ""Cp4"", ""P7"", ""Ft7"", ""Fc4"", ""P2"", ""P1"", ""P3"", ""F3"", ""C6""]",csp_lda,sub-001_run-12_sample-5984,12,5984,6144,6624,37.4,TASK2T1,0,4.1,0,1,0.04612745707741828,0.9538725429225817
flatline-16-seed-8,flatline,16,8,"[""Cp1"", ""T10"", ""Fc3"", ""Tp8"", ""Fc5"", ""C4"", ""T9"", ""Cp4"", ""P7"", ""Ft7"", ""Fc4"", ""P2"", ""P1"", ""P3"", ""F3"", ""C6""]",csp_lda,sub-001_run-12_sample-7312,12,7312,7472,7952,45.7,TASK2T2,1,4.1,1,1,0.20645196839450786,0.7935480316054921
flatline-16-seed-8,flatline,16,8,"[""Cp1"", ""T10"", ""Fc3"", ""Tp8"", ""Fc5"", ""C4"", ""T9"", ""Cp4"", ""P7"", ""Ft7"", ""Fc4"", ""P2"", ""P1"", ""P3"", ""F3"", ""C6""]",csp_lda,sub-001_run-12_sample-8640,12,8640,8800,9280,54.0,TASK2T2,1,4.1,1,1,0.0004896149052480148,0.999510385094752
flatline-16-seed-8,flatline,16,8,"[""Cp1"", ""T10"", ""Fc3"", ""Tp8"", ""Fc5"", ""C4"", ""T9"", ""Cp4"", ""P7"", ""Ft7"", ""Fc4"", ""P2"", ""P1"", ""P3"", ""F3"", ""C6""]",csp_lda,sub-001_run-12_sample-9968,12,9968,10128,10608,62.3,TASK2T1,0,4.1,0,1,0.004897279660621701,0.9951027203393783
flatline-16-seed-8,flatline,16,8,"[""Cp1"", ""T10"", ""Fc3"", ""Tp8"", ""Fc5"", ""C4"", ""T9"", ""Cp4"", ""P7"", ""Ft7"", ""Fc4"", ""P2"", ""P1"", ""P3"", ""F3"", ""C6""]",csp_lda,sub-001_run-12_sample-11296,12,11296,11456,11936,70.6,TASK2T1,0,4.1,0,1,0.0014926956861336382,0.9985073043138664
flatline-16-seed-8,flatline,16,8,"[""Cp1"", ""T10"", ""Fc3"", ""Tp8"", ""Fc5"", ""C4"", ""T9"", ""Cp4"", ""P7"", ""Ft7"", ""Fc4"", ""P2"", ""P1"", ""P3"", ""F3"", ""C6""]",csp_lda,sub-001_run-12_sample-12624,12,12624,12784,13264,78.9,TASK2T2,1,4.1,1,1,0.3405052828553019,0.6594947171446981
flatline-16-seed-8,flatline,16,8,"[""Cp1"", ""T10"", ""Fc3"", ""Tp8"", ""Fc5"", ""C4"", ""T9"", ""Cp4"", ""P7"", ""Ft7"", ""Fc4"", ""P2"", ""P1"", ""P3"", ""F3"", ""C6""]",csp_lda,sub-001_run-12_sample-13952,12,13952,14112,14592,87.2,TASK2T2,1,4.1,1,0,0.991716721367041,0.008283278632958973
flatline-16-seed-8,flatline,16,8,"[""Cp1"", ""T10"", ""Fc3"", ""Tp8"", ""Fc5"", ""C4"", ""T9"", ""Cp4"", ""P7"", ""Ft7"", ""Fc4"", ""P2"", ""P1"", ""P3"", ""F3"", ""C6""]",csp_lda,sub-001_run-12_sample-15280,12,15280,15440,15920,95.5,TASK2T1,0,4.1,0,0,0.9865975321444794,0.013402467855520519
flatline-16-seed-8,flatline,16,8,"[""Cp1"", ""T10"", ""Fc3"", ""Tp8"", ""Fc5"", ""C4"", ""T9"", ""Cp4"", ""P7"", ""Ft7"", ""Fc4"", ""P2"", ""P1"", ""P3"", ""F3"", ""C6""]",csp_lda,sub-001_run-12_sample-16608,12,16608,16768,17248,103.8,TASK2T2,1,4.1,1,1,0.3104856401346404,0.6895143598653596
flatline-16-seed-8,flatline,16,8,"[""Cp1"", ""T10"", ""Fc3"", ""Tp8"", ""Fc5"", ""C4"", ""T9"", ""Cp4"", ""P7"", ""Ft7"", ""Fc4"", ""P2"", ""P1"", ""P3"", ""F3"", ""C6""]",csp_lda,sub-001_run-12_sample-17936,12,17936,18096,18576,112.1,TASK2T1,0,4.1,0,0,0.9990691079689227,0.0009308920310773726
flatline-16-seed-8,flatline,16,8,"[""Cp1"", ""T10"", ""Fc3"", ""Tp8"", ""Fc5"", ""C4"", ""T9"", ""Cp4"", ""P7"", ""Ft7"", ""Fc4"", ""P2"", ""P1"", ""P3"", ""F3"", ""C6""]",csp_lda,sub-001_run-12_sample-19264,12,19264,19424,19904,120.4,TASK2T2,1,4.1,1,1,0.01029395550225154,0.9897060444977485
flatline-16-seed-8,flatline,16,8,"[""Cp1"", ""T10"", ""Fc3"", ""Tp8"", ""Fc5"", ""C4"", ""T9"", ""Cp4"", ""P7"", ""Ft7"", ""Fc4"", ""P2"", ""P1"", ""P3"", ""F3"", ""C6""]",bandpower_lda,sub-001_run-12_sample-672,12,672,832,1312,4.2,TASK2T2,1,4.1,1,0,1.0,1.6708886959947173e-193
flatline-16-seed-8,flatline,16,8,"[""Cp1"", ""T10"", ""Fc3"", ""Tp8"", ""Fc5"", ""C4"", ""T9"", ""Cp4"", ""P7"", ""Ft7"", ""Fc4"", ""P2"", ""P1"", ""P3"", ""F3"", ""C6""]",bandpower_lda,sub-001_run-12_sample-2000,12,2000,2160,2640,12.5,TASK2T1,0,4.1,0,0,1.0,1.1321949093579641e-192
flatline-16-seed-8,flatline,16,8,"[""Cp1"", ""T10"", ""Fc3"", ""Tp8"", ""Fc5"", ""C4"", ""T9"", ""Cp4"", ""P7"", ""Ft7"", ""Fc4"", ""P2"", ""P1"", ""P3"", ""F3"", ""C6""]",bandpower_lda,sub-001_run-12_sample-3328,12,3328,3488,3968,20.8,TASK2T2,1,4.1,1,0,1.0,1.256793383197316e-193
flatline-16-seed-8,flatline,16,8,"[""Cp1"", ""T10"", ""Fc3"", ""Tp8"", ""Fc5"", ""C4"", ""T9"", ""Cp4"", ""P7"", ""Ft7"", ""Fc4"", ""P2"", ""P1"", ""P3"", ""F3"", ""C6""]",bandpower_lda,sub-001_run-12_sample-4656,12,4656,4816,5296,29.1,TASK2T1,0,4.1,0,0,1.0,1.854360339223402e-195
flatline-16-seed-8,flatline,16,8,"[""Cp1"", ""T10"", ""Fc3"", ""Tp8"", ""Fc5"", ""C4"", ""T9"", ""Cp4"", ""P7"", ""Ft7"", ""Fc4"", ""P2"", ""P1"", ""P3"", ""F3"", ""C6""]",bandpower_lda,sub-001_run-12_sample-5984,12,5984,6144,6624,37.4,TASK2T1,0,4.1,0,0,1.0,1.5609537454780276e-195
flatline-16-seed-8,flatline,16,8,"[""Cp1"", ""T10"", ""Fc3"", ""Tp8"", ""Fc5"", ""C4"", ""T9"", ""Cp4"", ""P7"", ""Ft7"", ""Fc4"", ""P2"", ""P1"", ""P3"", ""F3"", ""C6""]",bandpower_lda,sub-001_run-12_sample-7312,12,7312,7472,7952,45.7,TASK2T2,1,4.1,1,0,1.0,1.23700866181866e-191
flatline-16-seed-8,flatline,16,8,"[""Cp1"", ""T10"", ""Fc3"", ""Tp8"", ""Fc5"", ""C4"", ""T9"", ""Cp4"", ""P7"", ""Ft7"", ""Fc4"", ""P2"", ""P1"", ""P3"", ""F3"", ""C6""]",bandpower_lda,sub-001_run-12_sample-8640,12,8640,8800,9280,54.0,TASK2T2,1,4.1,1,0,1.0,6.079122765901354e-194
flatline-16-seed-8,flatline,16,8,"[""Cp1"", ""T10"", ""Fc3"", ""Tp8"", ""Fc5"", ""C4"", ""T9"", ""Cp4"", ""P7"", ""Ft7"", ""Fc4"", ""P2"", ""P1"", ""P3"", ""F3"", ""C6""]",bandpower_lda,sub-001_run-12_sample-9968,12,9968,10128,10608,62.3,TASK2T1,0,4.1,0,0,1.0,5.348110023595036e-192
flatline-16-seed-8,flatline,16,8,"[""Cp1"", ""T10"", ""Fc3"", ""Tp8"", ""Fc5"", ""C4"", ""T9"", ""Cp4"", ""P7"", ""Ft7"", ""Fc4"", ""P2"", ""P1"", ""P3"", ""F3"", ""C6""]",bandpower_lda,sub-001_run-12_sample-11296,12,11296,11456,11936,70.6,TASK2T1,0,4.1,0,0,1.0,3.3256558928892257e-190
flatline-16-seed-8,flatline,16,8,"[""Cp1"", ""T10"", ""Fc3"", ""Tp8"", ""Fc5"", ""C4"", ""T9"", ""Cp4"", ""P7"", ""Ft7"", ""Fc4"", ""P2"", ""P1"", ""P3"", ""F3"", ""C6""]",bandpower_lda,sub-001_run-12_sample-12624,12,12624,12784,13264,78.9,TASK2T2,1,4.1,1,0,1.0,7.304459880218729e-196
flatline-16-seed-8,flatline,16,8,"[""Cp1"", ""T10"", ""Fc3"", ""Tp8"", ""Fc5"", ""C4"", ""T9"", ""Cp4"", ""P7"", ""Ft7"", ""Fc4"", ""P2"", ""P1"", ""P3"", ""F3"", ""C6""]",bandpower_lda,sub-001_run-12_sample-13952,12,13952,14112,14592,87.2,TASK2T2,1,4.1,1,0,1.0,6.391397028850892e-197
flatline-16-seed-8,flatline,16,8,"[""Cp1"", ""T10"", ""Fc3"", ""Tp8"", ""Fc5"", ""C4"", ""T9"", ""Cp4"", ""P7"", ""Ft7"", ""Fc4"", ""P2"", ""P1"", ""P3"", ""F3"", ""C6""]",bandpower_lda,sub-001_run-12_sample-15280,12,15280,15440,15920,95.5,TASK2T1,0,4.1,0,0,1.0,8.23803765524376e-198
flatline-16-seed-8,flatline,16,8,"[""Cp1"", ""T10"", ""Fc3"", ""Tp8"", ""Fc5"", ""C4"", ""T9"", ""Cp4"", ""P7"", ""Ft7"", ""Fc4"", ""P2"", ""P1"", ""P3"", ""F3"", ""C6""]",bandpower_lda,sub-001_run-12_sample-16608,12,16608,16768,17248,103.8,TASK2T2,1,4.1,1,0,1.0,3.339383900662211e-200
flatline-16-seed-8,flatline,16,8,"[""Cp1"", ""T10"", ""Fc3"", ""Tp8"", ""Fc5"", ""C4"", ""T9"", ""Cp4"", ""P7"", ""Ft7"", ""Fc4"", ""P2"", ""P1"", ""P3"", ""F3"", ""C6""]",bandpower_lda,sub-001_run-12_sample-17936,12,17936,18096,18576,112.1,TASK2T1,0,4.1,0,0,1.0,3.001320434288269e-199
flatline-16-seed-8,flatline,16,8,"[""Cp1"", ""T10"", ""Fc3"", ""Tp8"", ""Fc5"", ""C4"", ""T9"", ""Cp4"", ""P7"", ""Ft7"", ""Fc4"", ""P2"", ""P1"", ""P3"", ""F3"", ""C6""]",bandpower_lda,sub-001_run-12_sample-19264,12,19264,19424,19904,120.4,TASK2T2,1,4.1,1,0,1.0,2.2261122051172802e-194
flatline-16-seed-9,flatline,16,9,"[""Fp1"", ""O1"", ""T10"", ""F7"", ""P1"", ""Cp2"", ""P6"", ""P4"", ""Fc6"", ""Ft7"", ""Po4"", ""P3"", ""T8"", ""Cp3"", ""Cp1"", ""Oz""]",csp_lda,sub-001_run-12_sample-672,12,672,832,1312,4.2,TASK2T2,1,4.1,1,1,0.1039612724938136,0.8960387275061864
flatline-16-seed-9,flatline,16,9,"[""Fp1"", ""O1"", ""T10"", ""F7"", ""P1"", ""Cp2"", ""P6"", ""P4"", ""Fc6"", ""Ft7"", ""Po4"", ""P3"", ""T8"", ""Cp3"", ""Cp1"", ""Oz""]",csp_lda,sub-001_run-12_sample-2000,12,2000,2160,2640,12.5,TASK2T1,0,4.1,0,0,0.6196829673546558,0.3803170326453442
flatline-16-seed-9,flatline,16,9,"[""Fp1"", ""O1"", ""T10"", ""F7"", ""P1"", ""Cp2"", ""P6"", ""P4"", ""Fc6"", ""Ft7"", ""Po4"", ""P3"", ""T8"", ""Cp3"", ""Cp1"", ""Oz""]",csp_lda,sub-001_run-12_sample-3328,12,3328,3488,3968,20.8,TASK2T2,1,4.1,1,0,0.9476985112915962,0.052301488708403766
flatline-16-seed-9,flatline,16,9,"[""Fp1"", ""O1"", ""T10"", ""F7"", ""P1"", ""Cp2"", ""P6"", ""P4"", ""Fc6"", ""Ft7"", ""Po4"", ""P3"", ""T8"", ""Cp3"", ""Cp1"", ""Oz""]",csp_lda,sub-001_run-12_sample-4656,12,4656,4816,5296,29.1,TASK2T1,0,4.1,0,0,0.7359449245445606,0.2640550754554394
flatline-16-seed-9,flatline,16,9,"[""Fp1"", ""O1"", ""T10"", ""F7"", ""P1"", ""Cp2"", ""P6"", ""P4"", ""Fc6"", ""Ft7"", ""Po4"", ""P3"", ""T8"", ""Cp3"", ""Cp1"", ""Oz""]",csp_lda,sub-001_run-12_sample-5984,12,5984,6144,6624,37.4,TASK2T1,0,4.1,0,0,0.7581766803025571,0.2418233196974429
flatline-16-seed-9,flatline,16,9,"[""Fp1"", ""O1"", ""T10"", ""F7"", ""P1"", ""Cp2"", ""P6"", ""P4"", ""Fc6"", ""Ft7"", ""Po4"", ""P3"", ""T8"", ""Cp3"", ""Cp1"", ""Oz""]",csp_lda,sub-001_run-12_sample-7312,12,7312,7472,7952,45.7,TASK2T2,1,4.1,1,1,0.03135314864400285,0.9686468513559972
flatline-16-seed-9,flatline,16,9,"[""Fp1"", ""O1"", ""T10"", ""F7"", ""P1"", ""Cp2"", ""P6"", ""P4"", ""Fc6"", ""Ft7"", ""Po4"", ""P3"", ""T8"", ""Cp3"", ""Cp1"", ""Oz""]",csp_lda,sub-001_run-12_sample-8640,12,8640,8800,9280,54.0,TASK2T2,1,4.1,1,1,0.014758477764901134,0.9852415222350989
flatline-16-seed-9,flatline,16,9,"[""Fp1"", ""O1"", ""T10"", ""F7"", ""P1"", ""Cp2"", ""P6"", ""P4"", ""Fc6"", ""Ft7"", ""Po4"", ""P3"", ""T8"", ""Cp3"", ""Cp1"", ""Oz""]",csp_lda,sub-001_run-12_sample-9968,12,9968,10128,10608,62.3,TASK2T1,0,4.1,0,0,0.6451691584388346,0.35483084156116534
flatline-16-seed-9,flatline,16,9,"[""Fp1"", ""O1"", ""T10"", ""F7"", ""P1"", ""Cp2"", ""P6"", ""P4"", ""Fc6"", ""Ft7"", ""Po4"", ""P3"", ""T8"", ""Cp3"", ""Cp1"", ""Oz""]",csp_lda,sub-001_run-12_sample-11296,12,11296,11456,11936,70.6,TASK2T1,0,4.1,0,0,0.9878471948531777,0.012152805146822283
flatline-16-seed-9,flatline,16,9,"[""Fp1"", ""O1"", ""T10"", ""F7"", ""P1"", ""Cp2"", ""P6"", ""P4"", ""Fc6"", ""Ft7"", ""Po4"", ""P3"", ""T8"", ""Cp3"", ""Cp1"", ""Oz""]",csp_lda,sub-001_run-12_sample-12624,12,12624,12784,13264,78.9,TASK2T2,1,4.1,1,0,0.8233573914969545,0.17664260850304545
flatline-16-seed-9,flatline,16,9,"[""Fp1"", ""O1"", ""T10"", ""F7"", ""P1"", ""Cp2"", ""P6"", ""P4"", ""Fc6"", ""Ft7"", ""Po4"", ""P3"", ""T8"", ""Cp3"", ""Cp1"", ""Oz""]",csp_lda,sub-001_run-12_sample-13952,12,13952,14112,14592,87.2,TASK2T2,1,4.1,1,0,0.9971794766340806,0.0028205233659194455
flatline-16-seed-9,flatline,16,9,"[""Fp1"", ""O1"", ""T10"", ""F7"", ""P1"", ""Cp2"", ""P6"", ""P4"", ""Fc6"", ""Ft7"", ""Po4"", ""P3"", ""T8"", ""Cp3"", ""Cp1"", ""Oz""]",csp_lda,sub-001_run-12_sample-15280,12,15280,15440,15920,95.5,TASK2T1,0,4.1,0,0,0.999835212726549,0.00016478727345108828
flatline-16-seed-9,flatline,16,9,"[""Fp1"", ""O1"", ""T10"", ""F7"", ""P1"", ""Cp2"", ""P6"", ""P4"", ""Fc6"", ""Ft7"", ""Po4"", ""P3"", ""T8"", ""Cp3"", ""Cp1"", ""Oz""]",csp_lda,sub-001_run-12_sample-16608,12,16608,16768,17248,103.8,TASK2T2,1,4.1,1,0,0.999959615345262,4.0384654738027336e-05
flatline-16-seed-9,flatline,16,9,"[""Fp1"", ""O1"", ""T10"", ""F7"", ""P1"", ""Cp2"", ""P6"", ""P4"", ""Fc6"", ""Ft7"", ""Po4"", ""P3"", ""T8"", ""Cp3"", ""Cp1"", ""Oz""]",csp_lda,sub-001_run-12_sample-17936,12,17936,18096,18576,112.1,TASK2T1,0,4.1,0,0,0.9938464609341823,0.0061535390658176755
flatline-16-seed-9,flatline,16,9,"[""Fp1"", ""O1"", ""T10"", ""F7"", ""P1"", ""Cp2"", ""P6"", ""P4"", ""Fc6"", ""Ft7"", ""Po4"", ""P3"", ""T8"", ""Cp3"", ""Cp1"", ""Oz""]",csp_lda,sub-001_run-12_sample-19264,12,19264,19424,19904,120.4,TASK2T2,1,4.1,1,0,0.7109385007965043,0.2890614992034956
flatline-16-seed-9,flatline,16,9,"[""Fp1"", ""O1"", ""T10"", ""F7"", ""P1"", ""Cp2"", ""P6"", ""P4"", ""Fc6"", ""Ft7"", ""Po4"", ""P3"", ""T8"", ""Cp3"", ""Cp1"", ""Oz""]",bandpower_lda,sub-001_run-12_sample-672,12,672,832,1312,4.2,TASK2T2,1,4.1,1,0,1.0,9.222185151458055e-112
flatline-16-seed-9,flatline,16,9,"[""Fp1"", ""O1"", ""T10"", ""F7"", ""P1"", ""Cp2"", ""P6"", ""P4"", ""Fc6"", ""Ft7"", ""Po4"", ""P3"", ""T8"", ""Cp3"", ""Cp1"", ""Oz""]",bandpower_lda,sub-001_run-12_sample-2000,12,2000,2160,2640,12.5,TASK2T1,0,4.1,0,0,1.0,2.2138079084904977e-110
flatline-16-seed-9,flatline,16,9,"[""Fp1"", ""O1"", ""T10"", ""F7"", ""P1"", ""Cp2"", ""P6"", ""P4"", ""Fc6"", ""Ft7"", ""Po4"", ""P3"", ""T8"", ""Cp3"", ""Cp1"", ""Oz""]",bandpower_lda,sub-001_run-12_sample-3328,12,3328,3488,3968,20.8,TASK2T2,1,4.1,1,0,1.0,1.535670347709387e-110
flatline-16-seed-9,flatline,16,9,"[""Fp1"", ""O1"", ""T10"", ""F7"", ""P1"", ""Cp2"", ""P6"", ""P4"", ""Fc6"", ""Ft7"", ""Po4"", ""P3"", ""T8"", ""Cp3"", ""Cp1"", ""Oz""]",bandpower_lda,sub-001_run-12_sample-4656,12,4656,4816,5296,29.1,TASK2T1,0,4.1,0,0,1.0,8.892527984238096e-114
flatline-16-seed-9,flatline,16,9,"[""Fp1"", ""O1"", ""T10"", ""F7"", ""P1"", ""Cp2"", ""P6"", ""P4"", ""Fc6"", ""Ft7"", ""Po4"", ""P3"", ""T8"", ""Cp3"", ""Cp1"", ""Oz""]",bandpower_lda,sub-001_run-12_sample-5984,12,5984,6144,6624,37.4,TASK2T1,0,4.1,0,0,1.0,1.5768305527077685e-113
flatline-16-seed-9,flatline,16,9,"[""Fp1"", ""O1"", ""T10"", ""F7"", ""P1"", ""Cp2"", ""P6"", ""P4"", ""Fc6"", ""Ft7"", ""Po4"", ""P3"", ""T8"", ""Cp3"", ""Cp1"", ""Oz""]",bandpower_lda,sub-001_run-12_sample-7312,12,7312,7472,7952,45.7,TASK2T2,1,4.1,1,0,1.0,6.16629995097376e-105
flatline-16-seed-9,flatline,16,9,"[""Fp1"", ""O1"", ""T10"", ""F7"", ""P1"", ""Cp2"", ""P6"", ""P4"", ""Fc6"", ""Ft7"", ""Po4"", ""P3"", ""T8"", ""Cp3"", ""Cp1"", ""Oz""]",bandpower_lda,sub-001_run-12_sample-8640,12,8640,8800,9280,54.0,TASK2T2,1,4.1,1,0,1.0,4.102285887737897e-110
flatline-16-seed-9,flatline,16,9,"[""Fp1"", ""O1"", ""T10"", ""F7"", ""P1"", ""Cp2"", ""P6"", ""P4"", ""Fc6"", ""Ft7"", ""Po4"", ""P3"", ""T8"", ""Cp3"", ""Cp1"", ""Oz""]",bandpower_lda,sub-001_run-12_sample-9968,12,9968,10128,10608,62.3,TASK2T1,0,4.1,0,0,1.0,8.69089190457875e-111
flatline-16-seed-9,flatline,16,9,"[""Fp1"", ""O1"", ""T10"", ""F7"", ""P1"", ""Cp2"", ""P6"", ""P4"", ""Fc6"", ""Ft7"", ""Po4"", ""P3"", ""T8"", ""Cp3"", ""Cp1"", ""Oz""]",bandpower_lda,sub-001_run-12_sample-11296,12,11296,11456,11936,70.6,TASK2T1,0,4.1,0,0,1.0,1.510208572517104e-106
flatline-16-seed-9,flatline,16,9,"[""Fp1"", ""O1"", ""T10"", ""F7"", ""P1"", ""Cp2"", ""P6"", ""P4"", ""Fc6"", ""Ft7"", ""Po4"", ""P3"", ""T8"", ""Cp3"", ""Cp1"", ""Oz""]",bandpower_lda,sub-001_run-12_sample-12624,12,12624,12784,13264,78.9,TASK2T2,1,4.1,1,0,1.0,2.9183910767259867e-112
flatline-16-seed-9,flatline,16,9,"[""Fp1"", ""O1"", ""T10"", ""F7"", ""P1"", ""Cp2"", ""P6"", ""P4"", ""Fc6"", ""Ft7"", ""Po4"", ""P3"", ""T8"", ""Cp3"", ""Cp1"", ""Oz""]",bandpower_lda,sub-001_run-12_sample-13952,12,13952,14112,14592,87.2,TASK2T2,1,4.1,1,0,1.0,7.154271445381965e-113
flatline-16-seed-9,flatline,16,9,"[""Fp1"", ""O1"", ""T10"", ""F7"", ""P1"", ""Cp2"", ""P6"", ""P4"", ""Fc6"", ""Ft7"", ""Po4"", ""P3"", ""T8"", ""Cp3"", ""Cp1"", ""Oz""]",bandpower_lda,sub-001_run-12_sample-15280,12,15280,15440,15920,95.5,TASK2T1,0,4.1,0,0,1.0,2.0964417904561993e-116
flatline-16-seed-9,flatline,16,9,"[""Fp1"", ""O1"", ""T10"", ""F7"", ""P1"", ""Cp2"", ""P6"", ""P4"", ""Fc6"", ""Ft7"", ""Po4"", ""P3"", ""T8"", ""Cp3"", ""Cp1"", ""Oz""]",bandpower_lda,sub-001_run-12_sample-16608,12,16608,16768,17248,103.8,TASK2T2,1,4.1,1,0,1.0,3.313470021611801e-119
flatline-16-seed-9,flatline,16,9,"[""Fp1"", ""O1"", ""T10"", ""F7"", ""P1"", ""Cp2"", ""P6"", ""P4"", ""Fc6"", ""Ft7"", ""Po4"", ""P3"", ""T8"", ""Cp3"", ""Cp1"", ""Oz""]",bandpower_lda,sub-001_run-12_sample-17936,12,17936,18096,18576,112.1,TASK2T1,0,4.1,0,0,1.0,8.875614588695605e-115
flatline-16-seed-9,flatline,16,9,"[""Fp1"", ""O1"", ""T10"", ""F7"", ""P1"", ""Cp2"", ""P6"", ""P4"", ""Fc6"", ""Ft7"", ""Po4"", ""P3"", ""T8"", ""Cp3"", ""Cp1"", ""Oz""]",bandpower_lda,sub-001_run-12_sample-19264,12,19264,19424,19904,120.4,TASK2T2,1,4.1,1,0,1.0,2.2004195561574148e-113
